-- phpMyAdmin SQL Dump
-- version 5.2.1
-- https://www.phpmyadmin.net/
--
-- Host: 127.0.0.1
-- Generation Time: Dec 29, 2025 at 02:40 AM
-- Server version: 10.4.32-MariaDB
-- PHP Version: 8.2.12

SET SQL_MODE = "NO_AUTO_VALUE_ON_ZERO";
START TRANSACTION;
SET time_zone = "+00:00";


/*!40101 SET @OLD_CHARACTER_SET_CLIENT=@@CHARACTER_SET_CLIENT */;
/*!40101 SET @OLD_CHARACTER_SET_RESULTS=@@CHARACTER_SET_RESULTS */;
/*!40101 SET @OLD_COLLATION_CONNECTION=@@COLLATION_CONNECTION */;
/*!40101 SET NAMES utf8mb4 */;

--
-- Database: `saga_tenant_bkt0001`
--

-- --------------------------------------------------------

--
-- Table structure for table `branches`
--

CREATE TABLE `branches` (
  `id` int(11) NOT NULL,
  `name` varchar(100) NOT NULL,
  `address` text DEFAULT NULL,
  `phone` varchar(20) DEFAULT NULL,
  `is_active` tinyint(1) DEFAULT 1,
  `created_at` timestamp NOT NULL DEFAULT current_timestamp(),
  `is_main` tinyint(1) DEFAULT 0,
  `code` varchar(50) DEFAULT NULL
) ENGINE=InnoDB DEFAULT CHARSET=utf8mb4 COLLATE=utf8mb4_general_ci;

--
-- Dumping data for table `branches`
--

INSERT INTO `branches` (`id`, `name`, `address`, `phone`, `is_active`, `created_at`, `is_main`, `code`) VALUES
(1, 'Pusat', 'Main Office', '', 1, '2025-12-20 05:10:51', 1, 'CAB-001');

-- --------------------------------------------------------

--
-- Table structure for table `branch_stock`
--

CREATE TABLE `branch_stock` (
  `id` int(11) NOT NULL,
  `branch_id` int(11) NOT NULL,
  `product_id` int(11) NOT NULL,
  `stock` int(11) DEFAULT 0,
  `updated_at` timestamp NOT NULL DEFAULT current_timestamp() ON UPDATE current_timestamp(),
  `min_stock` int(11) DEFAULT 5
) ENGINE=InnoDB DEFAULT CHARSET=utf8mb4 COLLATE=utf8mb4_general_ci;

--
-- Dumping data for table `branch_stock`
--

INSERT INTO `branch_stock` (`id`, `branch_id`, `product_id`, `stock`, `updated_at`, `min_stock`) VALUES
(1, 1, 27878, 19893, '2025-12-27 09:08:25', 5),
(5, 1, 27869, 65, '2025-12-27 09:08:25', 5);

-- --------------------------------------------------------

--
-- Table structure for table `categories`
--

CREATE TABLE `categories` (
  `id` int(11) NOT NULL,
  `name` varchar(100) NOT NULL,
  `is_active` tinyint(1) DEFAULT 1,
  `created_at` timestamp NOT NULL DEFAULT current_timestamp(),
  `prefix` varchar(10) DEFAULT NULL
) ENGINE=InnoDB DEFAULT CHARSET=utf8mb4 COLLATE=utf8mb4_general_ci;

--
-- Dumping data for table `categories`
--

INSERT INTO `categories` (`id`, `name`, `is_active`, `created_at`, `prefix`) VALUES
(1, 'General', 0, '2025-12-19 08:10:51', 'GEN'),
(2, 'Makanan', 1, '2025-12-19 09:08:12', 'MAK'),
(3, 'Minuman', 1, '2025-12-19 09:08:12', 'MIN'),
(4, 'Obat', 1, '2025-12-19 09:08:12', 'OBA'),
(5, 'Plastik', 1, '2025-12-19 09:08:12', 'PLA'),
(6, 'Sabun', 1, '2025-12-19 09:08:12', 'SAB'),
(7, 'Karung', 1, '2025-12-19 09:08:12', 'KAR'),
(8, 'Sembako', 1, '2025-12-19 09:08:12', 'SEM'),
(9, 'Snack', 0, '2025-12-19 09:08:12', 'SNA'),
(10, 'Rokok', 1, '2025-12-19 09:08:12', 'ROK'),
(11, 'Elektronik', 0, '2025-12-19 09:08:12', 'ELE'),
(12, 'Kosmetik', 1, '2025-12-19 09:08:12', 'KOS'),
(13, 'Tes Kategori', 0, '2025-12-21 12:52:01', 'TE'),
(14, 'tes', 0, '2025-12-21 13:19:27', 'TE'),
(15, 'tes', 0, '2025-12-22 04:07:51', 'TE'),
(16, 'Tes', 0, '2025-12-24 06:46:56', 'TE');

-- --------------------------------------------------------

--
-- Table structure for table `customers`
--

CREATE TABLE `customers` (
  `id` int(11) NOT NULL,
  `name` varchar(100) NOT NULL,
  `email` varchar(100) DEFAULT NULL,
  `phone` varchar(20) DEFAULT NULL,
  `address` text DEFAULT NULL,
  `credit_limit` decimal(15,2) DEFAULT 0.00,
  `created_at` timestamp NOT NULL DEFAULT current_timestamp(),
  `updated_at` timestamp NOT NULL DEFAULT current_timestamp() ON UPDATE current_timestamp()
) ENGINE=InnoDB DEFAULT CHARSET=utf8mb4 COLLATE=utf8mb4_general_ci;

--
-- Dumping data for table `customers`
--

INSERT INTO `customers` (`id`, `name`, `email`, `phone`, `address`, `credit_limit`, `created_at`, `updated_at`) VALUES
(1, 'jama', 'jamal@asdasdas.com', 'jamasdmsa', 'asdasd', 50000000.00, '2025-12-26 10:32:32', '2025-12-26 10:32:32');

-- --------------------------------------------------------

--
-- Table structure for table `products`
--

CREATE TABLE `products` (
  `id` int(11) NOT NULL,
  `sku` varchar(50) NOT NULL,
  `name` varchar(255) NOT NULL,
  `category_id` int(11) DEFAULT NULL,
  `buy_price` decimal(15,2) NOT NULL DEFAULT 0.00,
  `sell_price` decimal(15,2) NOT NULL DEFAULT 0.00,
  `stock` int(11) DEFAULT 0,
  `min_stock` int(11) DEFAULT 5,
  `image_url` varchar(500) DEFAULT NULL,
  `is_active` tinyint(1) DEFAULT 1,
  `created_at` timestamp NOT NULL DEFAULT current_timestamp(),
  `updated_at` timestamp NOT NULL DEFAULT current_timestamp() ON UPDATE current_timestamp(),
  `base_unit_id` int(11) DEFAULT NULL
) ENGINE=InnoDB DEFAULT CHARSET=utf8mb4 COLLATE=utf8mb4_general_ci;

--
-- Dumping data for table `products`
--

INSERT INTO `products` (`id`, `sku`, `name`, `category_id`, `buy_price`, `sell_price`, `stock`, `min_stock`, `image_url`, `is_active`, `created_at`, `updated_at`, `base_unit_id`) VALUES
(27859, 'MAK-2025-1', 'ABON SR SUPER 100GR', 2, 0.00, 0.00, 0, 5, NULL, 1, '2025-12-26 02:32:13', '2025-12-26 02:33:47', 1),
(27860, 'MAK-2025-2', 'AGAR - AGAR SATELIT', 2, 0.00, 0.00, 0, 5, NULL, 1, '2025-12-26 02:32:13', '2025-12-26 02:32:13', 1),
(27861, 'MAK-2025-3', 'AGAR - AGAR SWALOW', 2, 0.00, 0.00, 0, 5, NULL, 1, '2025-12-26 02:32:13', '2025-12-26 02:33:47', 1),
(27862, 'MAK-2025-4', 'AJINAMOTO 1Kg', 2, 0.00, 0.00, 0, 5, NULL, 1, '2025-12-26 02:32:13', '2025-12-26 02:32:13', 13),
(27863, 'MAK-2025-5', 'AJINAMOTO 250GR', 2, 0.00, 0.00, 0, 5, NULL, 1, '2025-12-26 02:32:13', '2025-12-26 02:32:13', 1),
(27864, 'MAK-2025-6', 'AJINAMOTO 5000', 2, 0.00, 0.00, 0, 5, NULL, 1, '2025-12-26 02:32:13', '2025-12-26 02:32:13', 1),
(27865, 'MAK-2025-7', 'AJINAMOTO 500GR', 2, 0.00, 0.00, 0, 5, NULL, 1, '2025-12-26 02:32:13', '2025-12-26 02:32:13', 1),
(27866, 'MAK-2025-8', 'AJINAMOTO1000', 2, 0.00, 0.00, 0, 5, NULL, 1, '2025-12-26 02:32:13', '2025-12-26 02:32:13', 10),
(27867, 'MAK-2025-9', 'ALDANAMAYA INSTANT DRY YESAT', 2, 0.00, 0.00, 0, 5, NULL, 1, '2025-12-26 02:32:13', '2025-12-26 02:32:13', 1),
(27868, 'MIN-2025-1', 'AMH JAHE MERAH', 3, 0.00, 0.00, 0, 5, NULL, 1, '2025-12-26 02:32:13', '2025-12-26 02:32:13', 10),
(27869, 'PLA-2025-1', 'ANEKA Plastik WARNA', 5, 0.00, 0.00, 39, 5, NULL, 1, '2025-12-26 02:32:13', '2025-12-27 09:08:25', 10),
(27870, 'MAK-2025-10', 'ANTAKA BalADO', 2, 0.00, 0.00, 0, 5, NULL, 1, '2025-12-26 02:32:13', '2025-12-26 02:32:13', 10),
(27871, 'MAK-2025-11', 'ANTAKA BalADO PEDAS MANIS', 2, 0.00, 0.00, 0, 5, NULL, 1, '2025-12-26 02:32:13', '2025-12-26 02:32:13', 10),
(27872, 'MAK-2025-12', 'ANTAKA BBQ', 2, 0.00, 0.00, 0, 5, NULL, 1, '2025-12-26 02:32:13', '2025-12-26 02:32:13', 10),
(27873, 'MAK-2025-13', 'ANTAKA EXTRA PEDAS', 2, 0.00, 0.00, 0, 5, NULL, 1, '2025-12-26 02:32:13', '2025-12-26 02:32:13', 10),
(27874, 'MAK-2025-14', 'ANTAKA JAGUNG BAKAR', 2, 0.00, 0.00, 0, 5, NULL, 1, '2025-12-26 02:32:13', '2025-12-26 02:32:13', 10),
(27875, 'MAK-2025-15', 'ANTAKA JAGUNG MANIS', 2, 0.00, 0.00, 0, 5, NULL, 1, '2025-12-26 02:32:13', '2025-12-26 02:33:47', 10),
(27876, 'MIN-2025-2', 'AQUA BESAR', 3, 0.00, 0.00, 0, 5, NULL, 1, '2025-12-26 02:32:13', '2025-12-26 02:33:47', 1),
(27877, 'MIN-2025-3', 'AQUA MENGENGAH', 3, 0.00, 0.00, 0, 5, NULL, 1, '2025-12-26 02:32:13', '2025-12-26 02:33:47', 1),
(27878, 'MAK-2025-16', 'ASAM CITRUM 50GR', 2, 0.00, 0.00, 17657, 5, NULL, 1, '2025-12-26 02:32:13', '2025-12-27 09:08:25', 1),
(27879, 'MAK-2025-17', 'ASAM JAWA', 2, 0.00, 0.00, 0, 5, NULL, 1, '2025-12-26 02:32:13', '2025-12-26 02:32:13', 10),
(27880, 'PLA-2025-2', 'BABY HAPPY L', 5, 0.00, 0.00, 0, 5, NULL, 1, '2025-12-26 02:32:13', '2025-12-26 02:32:13', 10),
(27881, 'PLA-2025-3', 'BABY HAPPY M', 5, 0.00, 0.00, 0, 5, NULL, 1, '2025-12-26 02:32:13', '2025-12-26 02:32:13', 10),
(27882, 'PLA-2025-4', 'BABY HAPPY S', 5, 0.00, 0.00, 0, 5, NULL, 1, '2025-12-26 02:32:13', '2025-12-26 02:32:13', 10),
(27883, 'PLA-2025-5', 'BABY HAPPY XXL', 5, 0.00, 0.00, 0, 5, NULL, 1, '2025-12-26 02:32:13', '2025-12-26 02:32:13', 10),
(27884, 'MAK-2025-18', 'BANGO 1.000', 2, 0.00, 0.00, 0, 5, NULL, 1, '2025-12-26 02:32:13', '2025-12-26 02:32:13', 10),
(27885, 'MAK-2025-19', 'BANGO 130ML', 2, 0.00, 0.00, 0, 5, NULL, 1, '2025-12-26 02:32:13', '2025-12-26 02:32:13', 1),
(27886, 'SAB-2025-1', 'BARSOAP FRESH NATURAL GREEN 72 GR', 6, 0.00, 0.00, 0, 5, NULL, 1, '2025-12-26 02:32:13', '2025-12-26 02:32:13', 1),
(27887, 'SAB-2025-2', 'BARSOAP FRESH NATURAL VIOLET 72 GR', 6, 0.00, 0.00, 0, 5, NULL, 1, '2025-12-26 02:32:13', '2025-12-26 02:32:13', 1),
(27888, 'SAB-2025-3', 'BARSOAP FRESH NATURAL WHITE 72 GR', 6, 0.00, 0.00, 0, 5, NULL, 1, '2025-12-26 02:32:13', '2025-12-26 02:32:13', 1),
(27889, 'MAK-2025-20', 'BAWANG PUTIH', 2, 0.00, 0.00, 0, 5, NULL, 1, '2025-12-26 02:32:13', '2025-12-26 02:32:13', 10),
(27890, 'MAK-2025-21', 'BAWANG PUTIH KILOAN', 2, 0.00, 0.00, 0, 5, NULL, 1, '2025-12-26 02:32:13', '2025-12-26 02:32:13', 13),
(27891, 'MAK-2025-22', 'BERAS BULOG SPHP', 2, 0.00, 0.00, 0, 5, NULL, 1, '2025-12-26 02:32:13', '2025-12-26 02:32:13', 7),
(27892, 'PLA-2025-6', 'BEST FRESH 30', 5, 0.00, 0.00, 0, 5, NULL, 1, '2025-12-26 02:32:13', '2025-12-26 02:32:13', 10),
(27893, 'MAK-2025-23', 'BIHUN ABANG ADIK', 2, 0.00, 0.00, 0, 5, NULL, 1, '2025-12-26 02:32:13', '2025-12-26 02:32:13', 13),
(27894, 'MAK-2025-24', 'BIHUN DORAEMON', 2, 0.00, 0.00, 0, 5, NULL, 1, '2025-12-26 02:32:13', '2025-12-26 02:32:13', 13),
(27895, 'MAK-2025-25', 'BIHUN IKAN NAGA', 2, 0.00, 0.00, 0, 5, NULL, 1, '2025-12-26 02:32:13', '2025-12-26 02:32:13', 13),
(27896, 'MAK-2025-26', 'BIHUN JAGUNG  SELADA AIR', 2, 0.00, 0.00, 0, 5, NULL, 1, '2025-12-26 02:32:13', '2025-12-26 02:32:13', 13),
(27897, 'MAK-2025-27', 'BIHUN LONGAN', 2, 0.00, 0.00, 0, 5, NULL, 1, '2025-12-26 02:32:13', '2025-12-26 02:32:13', 13),
(27898, 'MAK-2025-28', 'BIHUN SARIKAYO', 2, 0.00, 0.00, 0, 5, NULL, 1, '2025-12-26 02:32:13', '2025-12-26 02:32:13', 13),
(27899, 'MAK-2025-29', 'BIHUN SEGITIGA', 2, 0.00, 0.00, 0, 5, NULL, 1, '2025-12-26 02:32:13', '2025-12-26 02:32:13', 13),
(27900, 'MAK-2025-30', 'BIHUN SELADA AIR', 2, 0.00, 0.00, 0, 5, NULL, 1, '2025-12-26 02:32:13', '2025-12-26 02:32:13', 13),
(27901, 'MAK-2025-31', 'BIJAG', 2, 0.00, 0.00, 0, 5, NULL, 1, '2025-12-26 02:32:13', '2025-12-26 02:32:13', 12),
(27902, 'SAB-2025-4', 'BLAU', 6, 0.00, 0.00, 0, 5, NULL, 1, '2025-12-26 02:32:13', '2025-12-26 02:32:13', 10),
(27903, 'MIN-2025-4', 'BOBATEE', 3, 0.00, 0.00, 0, 5, NULL, 1, '2025-12-26 02:32:13', '2025-12-26 02:32:13', 1),
(27904, 'MAK-2025-32', 'BUMBU KAMBING 50GR', 2, 0.00, 0.00, 0, 5, NULL, 1, '2025-12-26 02:32:13', '2025-12-26 02:32:13', 1),
(27905, 'MAK-2025-33', 'BUMBU RACIK NASI GORENG', 2, 0.00, 0.00, 0, 5, NULL, 1, '2025-12-26 02:32:13', '2025-12-26 02:32:13', 10),
(27906, 'MAK-2025-34', 'BUMBU RACIK TEMPE', 2, 0.00, 0.00, 0, 5, NULL, 1, '2025-12-26 02:32:13', '2025-12-26 02:32:13', 10),
(27907, 'MAK-2025-35', 'BUMBU SUP ABROFOOD 1000', 2, 0.00, 0.00, 0, 5, NULL, 1, '2025-12-26 02:32:13', '2025-12-26 02:32:13', 1),
(27908, 'MAK-2025-36', 'BUTTER', 2, 0.00, 0.00, 0, 5, NULL, 1, '2025-12-26 02:32:13', '2025-12-26 02:32:13', 13),
(27909, 'MAK-2025-37', 'CABE BUBUK', 2, 0.00, 0.00, 0, 5, NULL, 1, '2025-12-26 02:32:13', '2025-12-26 02:32:13', 10),
(27910, 'MAK-2025-38', 'CALCIUM', 2, 0.00, 0.00, 0, 5, NULL, 1, '2025-12-26 02:32:13', '2025-12-26 02:32:13', 13),
(27911, 'MAK-2025-39', 'CHOCHO CHIP 1/2 Kg BULAT LAGIE', 2, 0.00, 0.00, 0, 5, NULL, 1, '2025-12-26 02:32:13', '2025-12-26 02:32:13', 13),
(27912, 'MAK-2025-40', 'CHOCHOCHIP RAINBOW', 2, 0.00, 0.00, 0, 5, NULL, 1, '2025-12-26 02:32:13', '2025-12-26 02:32:13', 13),
(27913, 'MIN-2025-5', 'CHOCOLATOS COKLAT', 3, 0.00, 0.00, 0, 5, NULL, 1, '2025-12-26 02:32:13', '2025-12-26 02:32:13', 10),
(27914, 'MIN-2025-6', 'CHOCOLATOS DRINK CREAMY', 3, 0.00, 0.00, 0, 5, NULL, 1, '2025-12-26 02:32:13', '2025-12-26 02:32:13', 10),
(27915, 'MIN-2025-7', 'CHOCOLATOS MACHALATE', 3, 0.00, 0.00, 0, 5, NULL, 1, '2025-12-26 02:32:13', '2025-12-26 02:32:13', 10),
(27916, 'MIN-2025-8', 'CHOCOLATOS VANILA', 3, 0.00, 0.00, 0, 5, NULL, 1, '2025-12-26 02:32:13', '2025-12-26 02:32:13', 10),
(27917, 'SAB-2025-5', 'CIPTADENT 75G', 6, 0.00, 0.00, 0, 5, NULL, 1, '2025-12-26 02:32:14', '2025-12-26 02:32:14', 1),
(27918, 'MAK-2025-41', 'COCOCRUNCH SIMBA', 2, 0.00, 0.00, 0, 5, NULL, 1, '2025-12-26 02:32:14', '2025-12-26 02:32:14', 13),
(27919, 'MIN-2025-9', 'COCODRINK', 3, 0.00, 0.00, 0, 5, NULL, 1, '2025-12-26 02:32:14', '2025-12-26 02:32:14', 1),
(27920, 'MAK-2025-42', 'COKLAT BATANG 168', 2, 0.00, 0.00, 0, 5, NULL, 1, '2025-12-26 02:32:14', '2025-12-26 02:32:14', 1),
(27921, 'MAK-2025-43', 'COKLAT FILLING PLAZA EKO', 2, 0.00, 0.00, 0, 5, NULL, 1, '2025-12-26 02:32:14', '2025-12-26 02:32:14', 13),
(27922, 'MAK-2025-44', 'COKLAT PAHIT', 2, 0.00, 0.00, 0, 5, NULL, 1, '2025-12-26 02:32:14', '2025-12-26 02:32:14', 13),
(27923, 'MAK-2025-45', 'COKLAT PASTA CLARA', 2, 0.00, 0.00, 0, 5, NULL, 1, '2025-12-26 02:32:14', '2025-12-26 02:32:14', 13),
(27924, 'MAK-2025-46', 'COKLAT PILING COKLIS', 2, 0.00, 0.00, 0, 5, NULL, 1, '2025-12-26 02:32:14', '2025-12-26 02:32:14', 13),
(27925, 'MAK-2025-47', 'COKLAT PILING DUNIA', 2, 0.00, 0.00, 0, 5, NULL, 1, '2025-12-26 02:32:14', '2025-12-26 02:32:14', 13),
(27926, 'MAK-2025-48', 'COKLAT POWDER BENDICO 1Kg', 2, 0.00, 0.00, 0, 5, NULL, 1, '2025-12-26 02:32:14', '2025-12-26 02:32:14', 13),
(27927, 'MAK-2025-49', 'COKLAT POWDER VANHAUTEN', 2, 0.00, 0.00, 0, 5, NULL, 1, '2025-12-26 02:32:14', '2025-12-26 02:32:14', 1),
(27928, 'MAK-2025-50', 'COKLIS', 2, 0.00, 0.00, 0, 5, NULL, 1, '2025-12-26 02:32:14', '2025-12-26 02:32:14', 13),
(27929, 'MAK-2025-51', 'COLATTA COMPOUN', 2, 0.00, 0.00, 0, 5, NULL, 1, '2025-12-26 02:32:14', '2025-12-26 02:32:14', 1),
(27930, 'MAK-2025-52', 'CORN FLAKE LOS', 2, 0.00, 0.00, 0, 5, NULL, 1, '2025-12-26 02:32:14', '2025-12-26 02:32:14', 14),
(27931, 'MAK-2025-53', 'CREAMER', 2, 0.00, 0.00, 0, 5, NULL, 1, '2025-12-26 02:32:14', '2025-12-26 02:32:14', 13),
(27932, 'MIN-2025-10', 'CREAMY LATE', 3, 0.00, 0.00, 0, 5, NULL, 1, '2025-12-26 02:32:14', '2025-12-26 02:32:14', 10),
(27933, 'MAK-2025-54', 'CUKA BOTOL KACA', 2, 0.00, 0.00, 0, 5, NULL, 1, '2025-12-26 02:32:14', '2025-12-26 02:32:14', 11),
(27934, 'MAK-2025-55', 'CUKA SENDOK 100ML', 2, 0.00, 0.00, 0, 5, NULL, 1, '2025-12-26 02:32:14', '2025-12-26 02:32:14', 1),
(27935, 'PLA-2025-7', 'CUP 120ML', 5, 0.00, 0.00, 0, 5, NULL, 1, '2025-12-26 02:32:14', '2025-12-26 02:32:14', 10),
(27936, 'PLA-2025-8', 'CUP 130ML', 5, 0.00, 0.00, 0, 5, NULL, 1, '2025-12-26 02:32:14', '2025-12-26 02:32:14', 10),
(27937, 'PLA-2025-9', 'CUP 14 OZ OKEY', 5, 0.00, 0.00, 0, 5, NULL, 1, '2025-12-26 02:32:14', '2025-12-26 02:32:14', 10),
(27938, 'PLA-2025-10', 'CUP 16 OKE', 5, 0.00, 0.00, 0, 5, NULL, 1, '2025-12-26 02:32:14', '2025-12-26 02:32:14', 10),
(27939, 'PLA-2025-11', 'CUP 160ML', 5, 0.00, 0.00, 0, 5, NULL, 1, '2025-12-26 02:32:14', '2025-12-26 02:32:14', 10),
(27940, 'PLA-2025-12', 'CUP 22 OZ OKEY', 5, 0.00, 0.00, 0, 5, NULL, 1, '2025-12-26 02:32:14', '2025-12-26 02:32:14', 10),
(27941, 'PLA-2025-13', 'CUP 22.0Z UNIVERSAL', 5, 0.00, 0.00, 0, 5, NULL, 1, '2025-12-26 02:32:14', '2025-12-26 02:32:14', 10),
(27942, 'PLA-2025-14', 'CUP 220ML', 5, 0.00, 0.00, 0, 5, NULL, 1, '2025-12-26 02:32:14', '2025-12-26 02:32:14', 10),
(27943, 'PLA-2025-15', 'CUP 25ML', 5, 0.00, 0.00, 0, 5, NULL, 1, '2025-12-26 02:32:14', '2025-12-26 02:32:14', 10),
(27944, 'PLA-2025-16', 'CUP 50ML UNGGUL', 5, 0.00, 0.00, 0, 5, NULL, 1, '2025-12-26 02:32:14', '2025-12-26 02:32:14', 10),
(27945, 'PLA-2025-17', 'CUP 50ML UNIVERSAL', 5, 0.00, 0.00, 0, 5, NULL, 1, '2025-12-26 02:32:14', '2025-12-26 02:32:14', 10),
(27946, 'PLA-2025-18', 'CUP 65ML', 5, 0.00, 0.00, 0, 5, NULL, 1, '2025-12-26 02:32:14', '2025-12-26 02:32:14', 10),
(27947, 'PLA-2025-19', 'CUP 90ML', 5, 0.00, 0.00, 0, 5, NULL, 1, '2025-12-26 02:32:14', '2025-12-26 02:32:14', 10),
(27948, 'PLA-2025-20', 'CUP DUYUNG 12', 5, 0.00, 0.00, 0, 5, NULL, 1, '2025-12-26 02:32:14', '2025-12-26 02:32:14', 10),
(27949, 'PLA-2025-21', 'CUP DUYUNG 14 OZ', 5, 0.00, 0.00, 0, 5, NULL, 1, '2025-12-26 02:32:14', '2025-12-26 02:32:14', 10),
(27950, 'PLA-2025-22', 'CUP DUYUNG 16', 5, 0.00, 0.00, 0, 5, NULL, 1, '2025-12-26 02:32:14', '2025-12-26 02:32:14', 10),
(27951, 'PLA-2025-23', 'CUP IRIT 12 OZ', 5, 0.00, 0.00, 0, 5, NULL, 1, '2025-12-26 02:32:14', '2025-12-26 02:32:14', 10),
(27952, 'PLA-2025-24', 'CUP IRIT 14 OZ', 5, 0.00, 0.00, 0, 5, NULL, 1, '2025-12-26 02:32:14', '2025-12-26 02:32:14', 10),
(27953, 'PLA-2025-25', 'CUP IRIT 16 OZ', 5, 0.00, 0.00, 0, 5, NULL, 1, '2025-12-26 02:32:14', '2025-12-26 02:32:14', 10),
(27954, 'PLA-2025-26', 'CUP LUX 100ML', 5, 0.00, 0.00, 0, 5, NULL, 1, '2025-12-26 02:32:14', '2025-12-26 02:32:14', 10),
(27955, 'PLA-2025-27', 'CUP LUX 200ML', 5, 0.00, 0.00, 0, 5, NULL, 1, '2025-12-26 02:32:14', '2025-12-26 02:32:14', 10),
(27956, 'PLA-2025-28', 'CUP LUX 25ML', 5, 0.00, 0.00, 0, 5, NULL, 1, '2025-12-26 02:32:14', '2025-12-26 02:32:14', 10),
(27957, 'PLA-2025-29', 'CUP LUX 35ML', 5, 0.00, 0.00, 0, 5, NULL, 1, '2025-12-26 02:32:14', '2025-12-26 02:32:14', 10),
(27958, 'PLA-2025-30', 'CUP LUX 400ML', 5, 0.00, 0.00, 0, 5, NULL, 1, '2025-12-26 02:32:14', '2025-12-26 02:32:14', 10),
(27959, 'PLA-2025-31', 'CUP LUX 75ML', 5, 0.00, 0.00, 0, 5, NULL, 1, '2025-12-26 02:32:14', '2025-12-26 02:32:14', 10),
(27960, 'PLA-2025-32', 'CUP OKEY 10 OZ', 5, 0.00, 0.00, 0, 5, NULL, 1, '2025-12-26 02:32:14', '2025-12-26 02:32:14', 10),
(27961, 'PLA-2025-33', 'CUP PUSPAN 10 OZ', 5, 0.00, 0.00, 0, 5, NULL, 1, '2025-12-26 02:32:14', '2025-12-26 02:32:14', 10),
(27962, 'PLA-2025-34', 'CUP ROYAL 220ML', 5, 0.00, 0.00, 0, 5, NULL, 1, '2025-12-26 02:32:14', '2025-12-26 02:32:14', 10),
(27963, 'PLA-2025-35', 'CUP TEN TEN', 5, 0.00, 0.00, 0, 5, NULL, 1, '2025-12-26 02:32:14', '2025-12-26 02:32:14', 10),
(27964, 'PLA-2025-36', 'CUP UNGGUL 10 OZ', 5, 0.00, 0.00, 0, 5, NULL, 1, '2025-12-26 02:32:14', '2025-12-26 02:32:14', 10),
(27965, 'PLA-2025-37', 'CUP UNGGUL 12 OZ', 5, 0.00, 0.00, 0, 5, NULL, 1, '2025-12-26 02:32:14', '2025-12-26 02:32:14', 10),
(27966, 'PLA-2025-38', 'CUP UNGGUL 14 OZ', 5, 0.00, 0.00, 0, 5, NULL, 1, '2025-12-26 02:32:14', '2025-12-26 02:32:14', 10),
(27967, 'PLA-2025-39', 'CUP UNGGUL 16 OZ', 5, 0.00, 0.00, 0, 5, NULL, 1, '2025-12-26 02:32:14', '2025-12-26 02:32:14', 10),
(27968, 'PLA-2025-40', 'CUP VIKO 16 Oz', 5, 0.00, 0.00, 0, 5, NULL, 1, '2025-12-26 02:32:14', '2025-12-26 02:32:14', 10),
(27969, 'PLA-2025-41', 'CUTTER SAILORMAN', 5, 0.00, 0.00, 0, 5, NULL, 1, '2025-12-26 02:32:14', '2025-12-26 02:32:14', 10),
(27970, 'PLA-2025-42', 'CUTTER YAMATA', 5, 0.00, 0.00, 0, 5, NULL, 1, '2025-12-26 02:32:14', '2025-12-26 02:32:14', 10),
(27971, 'SAB-2025-6', 'DAIA RENTENG', 6, 0.00, 0.00, 0, 5, NULL, 1, '2025-12-26 02:32:14', '2025-12-26 02:32:14', 10),
(27972, 'MIN-2025-11', 'DAIRY CHAMP 1Kg', 3, 0.00, 0.00, 0, 5, NULL, 1, '2025-12-26 02:32:14', '2025-12-26 02:32:14', 1),
(27973, 'MIN-2025-12', 'DAIRY CHAMP 2,5Kg', 3, 0.00, 0.00, 0, 5, NULL, 1, '2025-12-26 02:32:14', '2025-12-26 02:32:14', 1),
(27974, 'MIN-2025-13', 'DANCOW FORTIGRO COKLAT', 3, 0.00, 0.00, 0, 5, NULL, 1, '2025-12-26 02:32:14', '2025-12-26 02:32:14', 10),
(27975, 'MIN-2025-14', 'DANCOW FORTIGRO INSTANT', 3, 0.00, 0.00, 0, 5, NULL, 1, '2025-12-26 02:32:14', '2025-12-26 02:32:14', 10),
(27976, 'TE-2025-1', 'Debug 2', 16, 0.00, 0.00, 0, 5, NULL, 1, '2025-12-26 02:32:14', '2025-12-26 02:33:47', 16),
(27977, 'TE-2025-2', 'debug item', 16, 0.00, 0.00, 0, 5, NULL, 1, '2025-12-26 02:32:14', '2025-12-26 02:33:47', 13),
(27978, 'MAK-2025-56', 'DECORE COMPOUN', 2, 0.00, 0.00, 0, 5, NULL, 1, '2025-12-26 02:32:15', '2025-12-26 02:32:15', 1),
(27979, 'MAK-2025-57', 'DEKarungU BAWAN PUTIH', 2, 0.00, 0.00, 0, 5, NULL, 1, '2025-12-26 02:32:15', '2025-12-26 02:32:15', 10),
(27980, 'MAK-2025-58', 'DEKarungU KUNYIT BUBUK', 2, 0.00, 0.00, 0, 5, NULL, 1, '2025-12-26 02:32:15', '2025-12-26 02:32:15', 10),
(27981, 'MAK-2025-59', 'DEKarungU MARINASI', 2, 0.00, 0.00, 0, 5, NULL, 1, '2025-12-26 02:32:15', '2025-12-26 02:32:15', 10),
(27982, 'MAK-2025-60', 'DELMONTE EXTRA HOT', 2, 0.00, 0.00, 0, 5, NULL, 1, '2025-12-26 02:32:15', '2025-12-26 02:32:15', 1),
(27983, 'MAK-2025-61', 'DEXTROSE', 2, 0.00, 0.00, 0, 5, NULL, 1, '2025-12-26 02:32:15', '2025-12-26 02:32:15', 13),
(27984, 'PLA-2025-43', 'DM 200ML Pcs SQ', 5, 0.00, 0.00, 0, 5, NULL, 1, '2025-12-26 02:32:15', '2025-12-26 02:32:15', 10),
(27985, 'PLA-2025-44', 'DM 250ML RB', 5, 0.00, 0.00, 0, 5, NULL, 1, '2025-12-26 02:32:15', '2025-12-26 02:32:15', 10),
(27986, 'PLA-2025-45', 'DM 25ML', 5, 0.00, 0.00, 0, 5, NULL, 1, '2025-12-26 02:32:15', '2025-12-26 02:32:15', 10),
(27987, 'PLA-2025-46', 'DM 3000ML Pcs', 5, 0.00, 0.00, 0, 5, NULL, 1, '2025-12-26 02:32:15', '2025-12-26 02:32:15', 10),
(27988, 'PLA-2025-47', 'DM 300ML Pcs', 5, 0.00, 0.00, 0, 5, NULL, 1, '2025-12-26 02:32:15', '2025-12-26 02:32:15', 10),
(27989, 'PLA-2025-48', 'DM 35 ML', 5, 0.00, 0.00, 0, 5, NULL, 1, '2025-12-26 02:32:15', '2025-12-26 02:32:15', 10),
(27990, 'PLA-2025-49', 'DM 50 ML', 5, 0.00, 0.00, 0, 5, NULL, 1, '2025-12-26 02:32:15', '2025-12-26 02:32:15', 10),
(27991, 'PLA-2025-50', 'DM 500ML RB', 5, 0.00, 0.00, 0, 5, NULL, 1, '2025-12-26 02:32:15', '2025-12-26 02:32:15', 10),
(27992, 'PLA-2025-51', 'DM 80ML', 5, 0.00, 0.00, 0, 5, NULL, 1, '2025-12-26 02:32:15', '2025-12-26 02:32:15', 10),
(27993, 'PLA-2025-52', 'DM REC 250ML', 5, 0.00, 0.00, 0, 5, NULL, 1, '2025-12-26 02:32:15', '2025-12-26 02:32:15', 10),
(27994, 'PLA-2025-53', 'DM TINWAL 200ML REC', 5, 0.00, 0.00, 0, 5, NULL, 1, '2025-12-26 02:32:15', '2025-12-26 02:32:15', 10),
(27995, 'PLA-2025-54', 'DM TINWAL 3000ML REC', 5, 0.00, 0.00, 0, 5, NULL, 1, '2025-12-26 02:32:15', '2025-12-26 02:32:15', 10),
(27996, 'PLA-2025-55', 'DM TINWAL 300ML REC', 5, 0.00, 0.00, 0, 5, NULL, 1, '2025-12-26 02:32:15', '2025-12-26 02:32:15', 10),
(27997, 'PLA-2025-56', 'DM TINWAL 750ML REC', 5, 0.00, 0.00, 0, 5, NULL, 1, '2025-12-26 02:32:15', '2025-12-26 02:32:15', 10),
(27998, 'MIN-2025-15', 'DRINK BENG BENG CHOCHOLATE', 3, 0.00, 0.00, 0, 5, NULL, 1, '2025-12-26 02:32:15', '2025-12-26 02:32:15', 10),
(27999, 'MAK-2025-62', 'DUNIA GLAZE COKLAT 1Kg', 2, 0.00, 0.00, 0, 5, NULL, 1, '2025-12-26 02:32:15', '2025-12-26 02:32:15', 1),
(28000, 'MAK-2025-63', 'DUNIA GLAZE GREEN TEA 1Kg', 2, 0.00, 0.00, 0, 5, NULL, 1, '2025-12-26 02:32:15', '2025-12-26 02:32:15', 1),
(28001, 'MAK-2025-64', 'DUNIA GLAZE STRAWBERRY 1Kg', 2, 0.00, 0.00, 0, 5, NULL, 1, '2025-12-26 02:32:15', '2025-12-26 02:32:15', 1),
(28002, 'MAK-2025-65', 'DUNIA GLAZE TARO 1Kg', 2, 0.00, 0.00, 0, 5, NULL, 1, '2025-12-26 02:32:15', '2025-12-26 02:32:15', 1),
(28003, 'MAK-2025-66', 'DUNIA GLAZE TIRAMISU 1Kg', 2, 0.00, 0.00, 0, 5, NULL, 1, '2025-12-26 02:32:15', '2025-12-26 02:32:15', 1),
(28004, 'MAK-2025-67', 'DUNIA GLAZE WHITE 1Kg', 2, 0.00, 0.00, 0, 5, NULL, 1, '2025-12-26 02:32:15', '2025-12-26 02:32:15', 1),
(28005, 'MAK-2025-68', 'ELMER CHOCOCHIP DARK', 2, 0.00, 0.00, 0, 5, NULL, 1, '2025-12-26 02:32:15', '2025-12-26 02:32:15', 13),
(28006, 'MIN-2025-16', 'ENERGEN CHAMPION', 3, 0.00, 0.00, 0, 5, NULL, 1, '2025-12-26 02:32:15', '2025-12-26 02:32:15', 10),
(28007, 'MIN-2025-17', 'ENERGEN COKLAT BENG-BENG', 3, 0.00, 0.00, 0, 5, NULL, 1, '2025-12-26 02:32:15', '2025-12-26 02:32:15', 10),
(28008, 'MIN-2025-18', 'ENERGEN COKLAT RENCENG', 3, 0.00, 0.00, 0, 5, NULL, 1, '2025-12-26 02:32:15', '2025-12-26 02:32:15', 10),
(28009, 'MIN-2025-19', 'ENERGEN JAHE', 3, 0.00, 0.00, 0, 5, NULL, 1, '2025-12-26 02:32:15', '2025-12-26 02:32:15', 10),
(28010, 'MIN-2025-20', 'ENERGEN KACANG HIJAU RENCENG', 3, 0.00, 0.00, 0, 5, NULL, 1, '2025-12-26 02:32:15', '2025-12-26 02:32:15', 10),
(28011, 'MIN-2025-21', 'ENERGEN KURMA', 3, 0.00, 0.00, 0, 5, NULL, 1, '2025-12-26 02:32:15', '2025-12-26 02:32:15', 10),
(28012, 'MIN-2025-22', 'ENERGEN VANILLA  RENCENG', 3, 0.00, 0.00, 0, 5, NULL, 1, '2025-12-26 02:32:15', '2025-12-26 02:32:15', 10),
(28013, 'MAK-2025-69', 'EXTRAJOSS', 2, 0.00, 0.00, 0, 5, NULL, 1, '2025-12-26 02:32:15', '2025-12-26 02:32:15', 1),
(28014, 'MAK-2025-70', 'FERMIFAN', 2, 0.00, 0.00, 0, 5, NULL, 1, '2025-12-26 02:32:15', '2025-12-26 02:32:15', 1),
(28015, 'MIN-2025-23', 'FRENTA BLACK CURRENT', 3, 0.00, 0.00, 0, 5, NULL, 1, '2025-12-26 02:32:15', '2025-12-26 02:32:15', 10),
(28016, 'MIN-2025-24', 'FRENTA BLUE COLA', 3, 0.00, 0.00, 0, 5, NULL, 1, '2025-12-26 02:32:15', '2025-12-26 02:32:15', 10),
(28017, 'MIN-2025-25', 'FRENTA BUBBLEGUME', 3, 0.00, 0.00, 0, 5, NULL, 1, '2025-12-26 02:32:15', '2025-12-26 02:32:15', 10),
(28018, 'MIN-2025-26', 'FRENTA COLA', 3, 0.00, 0.00, 0, 5, NULL, 1, '2025-12-26 02:32:15', '2025-12-26 02:32:15', 10),
(28019, 'MIN-2025-27', 'FRENTA FRUITPUNCH', 3, 0.00, 0.00, 0, 5, NULL, 1, '2025-12-26 02:32:15', '2025-12-26 02:32:15', 10),
(28020, 'MIN-2025-28', 'FRENTA LEMON', 3, 0.00, 0.00, 0, 5, NULL, 1, '2025-12-26 02:32:15', '2025-12-26 02:32:15', 10),
(28021, 'MIN-2025-29', 'FRENTA ORANGE', 3, 0.00, 0.00, 0, 5, NULL, 1, '2025-12-26 02:32:15', '2025-12-26 02:32:15', 10),
(28022, 'MIN-2025-30', 'FRENTA PERMEN KARET', 3, 0.00, 0.00, 0, 5, NULL, 1, '2025-12-26 02:32:15', '2025-12-26 02:32:15', 10),
(28023, 'MIN-2025-31', 'FRENTA SARSAPARILA', 3, 0.00, 0.00, 0, 5, NULL, 1, '2025-12-26 02:32:15', '2025-12-26 02:32:15', 10),
(28024, 'MIN-2025-32', 'FRENTA STRAWBERRY', 3, 0.00, 0.00, 0, 5, NULL, 1, '2025-12-26 02:32:15', '2025-12-26 02:32:15', 10),
(28025, 'MIN-2025-33', 'FRESCO CAPPUCINO', 3, 0.00, 0.00, 0, 5, NULL, 1, '2025-12-26 02:32:15', '2025-12-26 02:32:15', 10),
(28026, 'MIN-2025-34', 'FRISIAN FLAG SACHET', 3, 0.00, 0.00, 0, 5, NULL, 1, '2025-12-26 02:32:15', '2025-12-26 02:32:15', 10),
(28027, 'MAK-2025-71', 'GALETO', 2, 0.00, 0.00, 0, 5, NULL, 1, '2025-12-26 02:32:15', '2025-12-26 02:32:15', 10),
(28028, 'MAK-2025-72', 'GARAM HALUS SEGITIGA 200GR', 2, 0.00, 0.00, 0, 5, NULL, 1, '2025-12-26 02:32:15', '2025-12-26 02:32:15', 1),
(28029, 'MAK-2025-73', 'GARAM REFINA 250GR', 2, 0.00, 0.00, 0, 5, NULL, 1, '2025-12-26 02:32:15', '2025-12-26 02:32:15', 12),
(28030, 'MAK-2025-74', 'GARAM REFINA 500GR', 2, 0.00, 0.00, 0, 5, NULL, 1, '2025-12-26 02:32:15', '2025-12-26 02:32:15', 1),
(28031, 'MAK-2025-75', 'GARAM SEGITIGA BIRU BESAR', 2, 0.00, 0.00, 0, 5, NULL, 1, '2025-12-26 02:32:15', '2025-12-26 02:32:15', 1),
(28032, 'MAK-2025-76', 'GARAM SEGITIGA BIRU KECIL', 2, 0.00, 0.00, 0, 5, NULL, 1, '2025-12-26 02:32:15', '2025-12-26 02:32:15', 1),
(28033, 'MAK-2025-77', 'GARAM SEGITIGA KUNING', 2, 0.00, 0.00, 0, 5, NULL, 1, '2025-12-26 02:32:15', '2025-12-26 02:32:15', 12),
(28034, 'MAK-2025-78', 'GARAM TANI MAKMUR BESAR', 2, 0.00, 0.00, 0, 5, NULL, 1, '2025-12-26 02:32:15', '2025-12-26 02:32:15', 1),
(28035, 'MAK-2025-79', 'GARAM TANI MAKMUR KECIL', 2, 0.00, 0.00, 0, 5, NULL, 1, '2025-12-26 02:32:15', '2025-12-26 02:32:15', 1),
(28036, 'PLA-2025-57', 'GARPU MAKAN', 5, 0.00, 0.00, 0, 5, NULL, 1, '2025-12-26 02:32:15', '2025-12-26 02:32:15', 10),
(28037, 'PLA-2025-58', 'GELAS  22 0Z OVAL', 5, 0.00, 0.00, 0, 5, NULL, 1, '2025-12-26 02:32:15', '2025-12-26 02:32:15', 10),
(28038, 'PLA-2025-59', 'GELAS  KOPI', 5, 0.00, 0.00, 0, 5, NULL, 1, '2025-12-26 02:32:16', '2025-12-26 02:32:16', 10),
(28039, 'PLA-2025-60', 'GELAS ALPHA 18.OZ OVAL', 5, 0.00, 0.00, 0, 5, NULL, 1, '2025-12-26 02:32:16', '2025-12-26 02:32:16', 10),
(28040, 'PLA-2025-61', 'GELAS BUBLE 16.OZ OVAL', 5, 0.00, 0.00, 0, 5, NULL, 1, '2025-12-26 02:32:16', '2025-12-26 02:32:16', 10),
(28041, 'PLA-2025-62', 'GELAS BUBLE OVAL 12.OZ', 5, 0.00, 0.00, 0, 5, NULL, 1, '2025-12-26 02:32:16', '2025-12-26 02:32:16', 10),
(28042, 'PLA-2025-63', 'GELAS BUBLE OVAL 14.OZ J-ONE', 5, 0.00, 0.00, 0, 5, NULL, 1, '2025-12-26 02:32:16', '2025-12-26 02:32:16', 10),
(28043, 'PLA-2025-64', 'GELAS INDOCUP 12', 5, 0.00, 0.00, 0, 5, NULL, 1, '2025-12-26 02:32:16', '2025-12-26 02:32:16', 10),
(28044, 'PLA-2025-65', 'GELAS INDOCUP 14', 5, 0.00, 0.00, 0, 5, NULL, 1, '2025-12-26 02:32:16', '2025-12-26 02:32:16', 10),
(28045, 'PLA-2025-66', 'GELAS OKEY KOPI 8 OZ', 5, 0.00, 0.00, 0, 5, NULL, 1, '2025-12-26 02:32:16', '2025-12-26 02:32:16', 10),
(28046, 'MAK-2025-80', 'GELAS STARINDO 12', 2, 0.00, 0.00, 0, 5, NULL, 1, '2025-12-26 02:32:16', '2025-12-26 02:32:16', 10),
(28047, 'MAK-2025-81', 'GELAS STARINDO 14', 2, 0.00, 0.00, 0, 5, NULL, 1, '2025-12-26 02:32:16', '2025-12-26 02:32:16', 10),
(28048, 'MAK-2025-82', 'GELAS STARINDO 16', 2, 0.00, 0.00, 0, 5, NULL, 1, '2025-12-26 02:32:16', '2025-12-26 02:32:16', 10),
(28049, 'PLA-2025-67', 'GELAS UNGGUL 12 0Z OVAL', 5, 0.00, 0.00, 0, 5, NULL, 1, '2025-12-26 02:32:16', '2025-12-26 02:32:16', 10),
(28050, 'PLA-2025-68', 'GELAS UNGGUL 14 0Z OVAL', 5, 0.00, 0.00, 0, 5, NULL, 1, '2025-12-26 02:32:16', '2025-12-26 02:32:16', 10),
(28051, 'PLA-2025-69', 'GELAS UNGGUL 16 0Z OVAL', 5, 0.00, 0.00, 0, 5, NULL, 1, '2025-12-26 02:32:16', '2025-12-26 02:32:16', 10),
(28052, 'MAK-2025-83', 'GINSENG CNI', 2, 0.00, 0.00, 0, 5, NULL, 1, '2025-12-26 02:32:16', '2025-12-26 02:32:16', 10),
(28053, 'MAK-2025-84', 'GLAZE STRAWBERRY 1Kg', 2, 0.00, 0.00, 0, 5, NULL, 1, '2025-12-26 02:32:16', '2025-12-26 02:32:16', 13),
(28054, 'MAK-2025-85', 'GLAZE TEKOMAS1Kg COKLAT', 2, 0.00, 0.00, 0, 5, NULL, 1, '2025-12-26 02:32:16', '2025-12-26 02:32:16', 13),
(28055, 'MAK-2025-86', 'GLAZE TEKOMAS1Kg MATCHA', 2, 0.00, 0.00, 0, 5, NULL, 1, '2025-12-26 02:32:16', '2025-12-26 02:32:16', 13),
(28056, 'MAK-2025-87', 'GLAZE TEKOMAS1Kg STRAWBERRY', 2, 0.00, 0.00, 0, 5, NULL, 1, '2025-12-26 02:32:16', '2025-12-26 02:32:16', 13),
(28057, 'MAK-2025-88', 'GLAZE TEKOMAS1Kg TARO', 2, 0.00, 0.00, 0, 5, NULL, 1, '2025-12-26 02:32:16', '2025-12-26 02:32:16', 13),
(28058, 'MAK-2025-89', 'GLAZE TIRAMISU 1Kg', 2, 0.00, 0.00, 0, 5, NULL, 1, '2025-12-26 02:32:16', '2025-12-26 02:32:16', 13),
(28059, 'MIN-2025-35', 'GOLDA CAPPUCINO', 3, 0.00, 0.00, 0, 5, NULL, 1, '2025-12-26 02:32:16', '2025-12-26 02:32:16', 1),
(28060, 'MIN-2025-36', 'GOLDA LATTE', 3, 0.00, 0.00, 0, 5, NULL, 1, '2025-12-26 02:32:16', '2025-12-26 02:32:16', 1),
(28061, 'MIN-2025-37', 'GOOD DAY', 3, 0.00, 0.00, 0, 5, NULL, 1, '2025-12-26 02:32:16', '2025-12-26 02:32:16', 1),
(28062, 'MAK-2025-90', 'GORIO VANILA', 2, 0.00, 0.00, 0, 5, NULL, 1, '2025-12-26 02:32:16', '2025-12-26 02:32:16', 10),
(28063, 'MAK-2025-91', 'GULA BATU CAP GAJAH 20Kg', 2, 0.00, 0.00, 0, 5, NULL, 1, '2025-12-26 02:32:16', '2025-12-26 02:32:16', 13),
(28064, 'MAK-2025-92', 'GULA GPM', 2, 0.00, 0.00, 0, 5, NULL, 1, '2025-12-26 02:32:16', '2025-12-26 02:32:16', 14),
(28065, 'MAK-2025-93', 'GULA KOIN', 2, 0.00, 0.00, 0, 5, NULL, 1, '2025-12-26 02:32:16', '2025-12-26 02:32:16', 13),
(28066, 'MAK-2025-94', 'GULA PSM', 2, 0.00, 0.00, 0, 5, NULL, 1, '2025-12-26 02:32:16', '2025-12-26 02:32:16', 13),
(28067, 'MAK-2025-95', 'GULO ANAU KARISIAK', 2, 0.00, 0.00, 0, 5, NULL, 1, '2025-12-26 02:32:16', '2025-12-26 02:32:16', 13),
(28068, 'MIN-2025-38', 'HILO CHOCHO HAZELNUT', 3, 0.00, 0.00, 0, 5, NULL, 1, '2025-12-26 02:32:16', '2025-12-26 02:32:16', 10),
(28069, 'MIN-2025-39', 'HILO CHOCHO TARO', 3, 0.00, 0.00, 0, 5, NULL, 1, '2025-12-26 02:32:16', '2025-12-26 02:32:16', 10),
(28070, 'MIN-2025-40', 'HILO TEH TARIK', 3, 0.00, 0.00, 0, 5, NULL, 1, '2025-12-26 02:32:16', '2025-12-26 02:32:16', 10),
(28071, 'MIN-2025-41', 'HILO WHITE CHOCHO', 3, 0.00, 0.00, 0, 5, NULL, 1, '2025-12-26 02:32:16', '2025-12-26 02:32:16', 10),
(28072, 'MIN-2025-42', 'INDOCAFE CAPUCINO', 3, 0.00, 0.00, 0, 5, NULL, 1, '2025-12-26 02:32:16', '2025-12-26 02:32:16', 10),
(28073, 'MIN-2025-43', 'INDOCAFE COFFEMIX', 3, 0.00, 0.00, 0, 5, NULL, 1, '2025-12-26 02:32:16', '2025-12-26 02:32:16', 10),
(28074, 'MAK-2025-96', 'INDOFOOD KECAP MANIS REFIL', 2, 0.00, 0.00, 0, 5, NULL, 1, '2025-12-26 02:32:16', '2025-12-26 02:32:16', 1),
(28075, 'MAK-2025-97', 'INDOMIE AYAM GEPREK', 2, 0.00, 0.00, 0, 5, NULL, 1, '2025-12-26 02:32:16', '2025-12-26 02:32:16', 1),
(28076, 'MAK-2025-98', 'INDOMIE BANGLADESH', 2, 0.00, 0.00, 0, 5, NULL, 1, '2025-12-26 02:32:16', '2025-12-26 02:32:16', 1),
(28077, 'MAK-2025-99', 'INDOMIE GORENG', 2, 0.00, 0.00, 0, 5, NULL, 1, '2025-12-26 02:32:16', '2025-12-26 02:32:16', 1),
(28078, 'MAK-2025-100', 'INDOMIE GORENG ACEH', 2, 0.00, 0.00, 0, 5, NULL, 1, '2025-12-26 02:32:16', '2025-12-26 02:32:16', 1),
(28079, 'MAK-2025-101', 'INDOMIE JUMBO AYAM PANGGANG', 2, 0.00, 0.00, 0, 5, NULL, 1, '2025-12-26 02:32:16', '2025-12-26 02:32:16', 1),
(28080, 'MAK-2025-102', 'INDOMIE JUMBO MERAH', 2, 0.00, 0.00, 0, 5, NULL, 1, '2025-12-26 02:32:16', '2025-12-26 02:32:16', 1),
(28081, 'MAK-2025-103', 'INDOMIE JUMBO RENDANG', 2, 0.00, 0.00, 0, 5, NULL, 1, '2025-12-26 02:32:16', '2025-12-26 02:32:16', 1),
(28082, 'MAK-2025-104', 'INDOMIE KARI AYAM', 2, 0.00, 0.00, 0, 5, NULL, 1, '2025-12-26 02:32:16', '2025-12-26 02:32:16', 1),
(28083, 'MAK-2025-105', 'INDOMIE KRIUK', 2, 0.00, 0.00, 0, 5, NULL, 1, '2025-12-26 02:32:16', '2025-12-26 02:32:16', 1),
(28084, 'MAK-2025-106', 'INDOMIE RENDANG', 2, 0.00, 0.00, 0, 5, NULL, 1, '2025-12-26 02:32:16', '2025-12-26 02:32:16', 1),
(28085, 'MAK-2025-107', 'INDOMIE SEBLAK', 2, 0.00, 0.00, 0, 5, NULL, 1, '2025-12-26 02:32:16', '2025-12-26 02:32:16', 1),
(28086, 'MAK-2025-108', 'INDOMILK COKLAT KALENG', 2, 0.00, 0.00, 0, 5, NULL, 1, '2025-12-26 02:32:16', '2025-12-26 02:32:16', 1),
(28087, 'MIN-2025-44', 'INDOMILK PLAIN', 3, 0.00, 0.00, 0, 5, NULL, 1, '2025-12-26 02:32:16', '2025-12-26 02:32:16', 1),
(28088, 'MIN-2025-45', 'INDOMILK PLAIN 37', 3, 0.00, 0.00, 0, 5, NULL, 1, '2025-12-26 02:32:16', '2025-12-26 02:32:16', 1),
(28089, 'MAK-2025-109', 'INTERBIS PEANUT', 2, 0.00, 0.00, 0, 5, NULL, 1, '2025-12-26 02:32:16', '2025-12-26 02:32:16', 9),
(28090, 'MAK-2025-110', 'JAGUNG KALENG GLOBal', 2, 0.00, 0.00, 0, 5, NULL, 1, '2025-12-26 02:32:16', '2025-12-26 02:32:16', 1),
(28091, 'MAK-2025-111', 'JAGUNG NARAYA', 2, 0.00, 0.00, 0, 5, NULL, 1, '2025-12-26 02:32:16', '2025-12-26 02:32:16', 1),
(28092, 'MIN-2025-46', 'JAMU RAJA TAWON', 3, 0.00, 0.00, 0, 5, NULL, 1, '2025-12-26 02:32:16', '2025-12-26 02:32:16', 17),
(28093, 'MIN-2025-47', 'JAS JUS ANGGUR', 3, 0.00, 0.00, 0, 5, NULL, 1, '2025-12-26 02:32:16', '2025-12-26 02:32:16', 1),
(28094, 'MIN-2025-48', 'JAS JUS CINCAU', 3, 0.00, 0.00, 0, 5, NULL, 1, '2025-12-26 02:32:16', '2025-12-26 02:32:16', 1),
(28095, 'MIN-2025-49', 'JAS JUS GUAVA', 3, 0.00, 0.00, 0, 5, NULL, 1, '2025-12-26 02:32:16', '2025-12-26 02:32:16', 5),
(28096, 'MIN-2025-50', 'JAS JUS JERUK NIPIS', 3, 0.00, 0.00, 0, 5, NULL, 1, '2025-12-26 02:32:16', '2025-12-26 02:32:16', 1),
(28097, 'MIN-2025-51', 'JAS JUS JERUK ORANGE', 3, 0.00, 0.00, 0, 5, NULL, 1, '2025-12-26 02:32:16', '2025-12-26 02:32:16', 5),
(28098, 'MIN-2025-52', 'JAS JUS JERUK PERAS', 3, 0.00, 0.00, 0, 5, NULL, 1, '2025-12-26 02:32:16', '2025-12-26 02:32:16', 1),
(28099, 'MIN-2025-53', 'JAS JUS KELAPA MUDA', 3, 0.00, 0.00, 0, 5, NULL, 1, '2025-12-26 02:32:16', '2025-12-26 02:32:16', 1),
(28100, 'MIN-2025-54', 'JAS JUS LECI', 3, 0.00, 0.00, 0, 5, NULL, 1, '2025-12-26 02:32:16', '2025-12-26 02:32:16', 1),
(28101, 'MIN-2025-55', 'JAS JUS LEMON', 3, 0.00, 0.00, 0, 5, NULL, 1, '2025-12-26 02:32:16', '2025-12-26 02:32:16', 1),
(28102, 'MIN-2025-56', 'JAS JUS MANGGA', 3, 0.00, 0.00, 0, 5, NULL, 1, '2025-12-26 02:32:17', '2025-12-26 02:32:17', 5),
(28103, 'MIN-2025-57', 'JAS JUS MELON', 3, 0.00, 0.00, 0, 5, NULL, 1, '2025-12-26 02:32:17', '2025-12-26 02:32:17', 5),
(28104, 'MIN-2025-58', 'JAS JUS ORANGE', 3, 0.00, 0.00, 0, 5, NULL, 1, '2025-12-26 02:32:17', '2025-12-26 02:32:17', 1),
(28105, 'MIN-2025-59', 'JAS JUS SIRKarung', 3, 0.00, 0.00, 0, 5, NULL, 1, '2025-12-26 02:32:17', '2025-12-26 02:32:17', 1),
(28106, 'MIN-2025-60', 'JAS JUS STRAWBERRY', 3, 0.00, 0.00, 0, 5, NULL, 1, '2025-12-26 02:32:17', '2025-12-26 02:32:17', 5),
(28107, 'MAK-2025-112', 'JN LOLIPOP GSM', 2, 0.00, 0.00, 0, 5, NULL, 1, '2025-12-26 02:32:17', '2025-12-26 02:32:17', 10),
(28108, 'MAK-2025-113', 'KACANG CINCANG GOLDEN', 2, 0.00, 0.00, 0, 5, NULL, 1, '2025-12-26 02:32:17', '2025-12-26 02:32:17', 1),
(28109, 'MAK-2025-114', 'KACANG HIJAU 888', 2, 0.00, 0.00, 0, 5, NULL, 1, '2025-12-26 02:32:17', '2025-12-26 02:32:17', 13),
(28110, 'MAK-2025-115', 'KACANG KUPAS', 2, 0.00, 0.00, 0, 5, NULL, 1, '2025-12-26 02:32:17', '2025-12-26 02:32:17', 13),
(28111, 'MAK-2025-116', 'KACANG MORIN', 2, 0.00, 0.00, 0, 5, NULL, 1, '2025-12-26 02:32:17', '2025-12-26 02:32:17', 13),
(28112, 'MAK-2025-117', 'KACANG PADI', 2, 0.00, 0.00, 0, 5, NULL, 1, '2025-12-26 02:32:17', '2025-12-26 02:32:17', 13),
(28113, 'MAK-2025-118', 'KACANG TANAH', 2, 0.00, 0.00, 0, 5, NULL, 1, '2025-12-26 02:32:17', '2025-12-26 02:32:17', 13),
(28114, 'MAK-2025-119', 'KALDU JAMUR', 2, 0.00, 0.00, 0, 5, NULL, 1, '2025-12-26 02:32:17', '2025-12-26 02:32:17', 10),
(28115, 'PLA-2025-70', 'KANTONG  BAWANG 1 GELAS', 5, 0.00, 0.00, 0, 5, NULL, 1, '2025-12-26 02:32:17', '2025-12-26 02:32:17', 6),
(28116, 'PLA-2025-71', 'KANTONG  KELINCI 20 HITAM', 5, 0.00, 0.00, 0, 5, NULL, 1, '2025-12-26 02:32:17', '2025-12-26 02:32:17', 10),
(28117, 'PLA-2025-72', 'KANTONG 15 SUPER RENCONG', 5, 0.00, 0.00, 0, 5, NULL, 1, '2025-12-26 02:32:17', '2025-12-26 02:32:17', 6),
(28118, 'PLA-2025-73', 'KANTONG 19 SUPER RENCONG', 5, 0.00, 0.00, 0, 5, NULL, 1, '2025-12-26 02:32:17', '2025-12-26 02:32:17', 6),
(28119, 'PLA-2025-74', 'KANTONG 35 SUPER RENCONG', 5, 0.00, 0.00, 0, 5, NULL, 1, '2025-12-26 02:32:17', '2025-12-26 02:32:17', 1),
(28120, 'PLA-2025-75', 'KANTONG ANCOR 24', 5, 0.00, 0.00, 0, 5, NULL, 1, '2025-12-26 02:32:17', '2025-12-26 02:32:17', 6),
(28121, 'PLA-2025-76', 'KANTONG ANCOR 27', 5, 0.00, 0.00, 0, 5, NULL, 1, '2025-12-26 02:32:17', '2025-12-26 02:32:17', 6),
(28122, 'PLA-2025-77', 'KANTONG ANCOR 28', 5, 0.00, 0.00, 0, 5, NULL, 1, '2025-12-26 02:32:17', '2025-12-26 02:32:17', 10),
(28123, 'PLA-2025-78', 'KANTONG BAWANG 19', 5, 0.00, 0.00, 0, 5, NULL, 1, '2025-12-26 02:32:17', '2025-12-26 02:32:17', 10),
(28124, 'PLA-2025-79', 'KANTONG BAWANG 24', 5, 0.00, 0.00, 0, 5, NULL, 1, '2025-12-26 02:32:17', '2025-12-26 02:32:17', 10),
(28125, 'PLA-2025-80', 'KANTONG BAWANG 28', 5, 0.00, 0.00, 0, 5, NULL, 1, '2025-12-26 02:32:17', '2025-12-26 02:32:17', 6),
(28126, 'PLA-2025-81', 'KANTONG BAWANG 35', 5, 0.00, 0.00, 0, 5, NULL, 1, '2025-12-26 02:32:17', '2025-12-26 02:32:17', 6),
(28127, 'PLA-2025-82', 'KANTONG BELANG WARNA', 5, 0.00, 0.00, 0, 5, NULL, 1, '2025-12-26 02:32:17', '2025-12-26 02:32:17', 7),
(28128, 'PLA-2025-83', 'KANTONG BENING 19', 5, 0.00, 0.00, 0, 5, NULL, 1, '2025-12-26 02:32:17', '2025-12-26 02:32:17', 10),
(28129, 'PLA-2025-84', 'KANTONG BENING 24', 5, 0.00, 0.00, 0, 5, NULL, 1, '2025-12-26 02:32:17', '2025-12-26 02:32:17', 10),
(28130, 'PLA-2025-85', 'KANTONG CDK 15', 5, 0.00, 0.00, 0, 5, NULL, 1, '2025-12-26 02:32:17', '2025-12-26 02:32:17', 6),
(28131, 'PLA-2025-86', 'KANTONG CDK 19', 5, 0.00, 0.00, 0, 5, NULL, 1, '2025-12-26 02:32:17', '2025-12-26 02:32:17', 1),
(28132, 'PLA-2025-87', 'KANTONG CDK 24', 5, 0.00, 0.00, 0, 5, NULL, 1, '2025-12-26 02:32:17', '2025-12-26 02:32:17', 1),
(28133, 'PLA-2025-88', 'KANTONG CINO', 5, 0.00, 0.00, 0, 5, NULL, 1, '2025-12-26 02:32:17', '2025-12-26 02:32:17', 10),
(28134, 'PLA-2025-89', 'KANTONG DEWI BULAN 24', 5, 0.00, 0.00, 0, 5, NULL, 1, '2025-12-26 02:32:17', '2025-12-26 02:32:17', 6),
(28135, 'PLA-2025-90', 'KANTONG DEWI BULAN 27', 5, 0.00, 0.00, 0, 5, NULL, 1, '2025-12-26 02:32:17', '2025-12-26 02:32:17', 10),
(28136, 'PLA-2025-91', 'KANTONG DEWI BULAN 45', 5, 0.00, 0.00, 0, 5, NULL, 1, '2025-12-26 02:32:17', '2025-12-26 02:32:17', 6),
(28137, 'PLA-2025-92', 'KANTONG HD DOM 15', 5, 0.00, 0.00, 0, 5, NULL, 1, '2025-12-26 02:32:17', '2025-12-26 02:32:17', 7),
(28138, 'PLA-2025-93', 'KANTONG HD DOM 19', 5, 0.00, 0.00, 0, 5, NULL, 1, '2025-12-26 02:32:17', '2025-12-26 02:32:17', 7),
(28139, 'PLA-2025-94', 'KANTONG HD DOM 24', 5, 0.00, 0.00, 0, 5, NULL, 1, '2025-12-26 02:32:17', '2025-12-26 02:32:17', 7),
(28140, 'PLA-2025-95', 'KANTONG KARISMA 15', 5, 0.00, 0.00, 0, 5, NULL, 1, '2025-12-26 02:32:17', '2025-12-26 02:32:17', 10),
(28141, 'PLA-2025-96', 'KANTONG KARISMA 19', 5, 0.00, 0.00, 0, 5, NULL, 1, '2025-12-26 02:32:17', '2025-12-26 02:32:17', 10),
(28142, 'PLA-2025-97', 'KANTONG KARISMA 24', 5, 0.00, 0.00, 0, 5, NULL, 1, '2025-12-26 02:32:17', '2025-12-26 02:32:17', 10),
(28143, 'PLA-2025-98', 'KANTONG KARISMA 35', 5, 0.00, 0.00, 0, 5, NULL, 1, '2025-12-26 02:32:17', '2025-12-26 02:32:17', 1),
(28144, 'PLA-2025-99', 'KANTONG KELINCI 15 PUTIH', 5, 0.00, 0.00, 0, 5, NULL, 1, '2025-12-26 02:32:17', '2025-12-26 02:32:17', 10),
(28145, 'PLA-2025-100', 'KANTONG KELINCI 19 WARNA', 5, 0.00, 0.00, 0, 5, NULL, 1, '2025-12-26 02:32:17', '2025-12-26 02:32:17', 10),
(28146, 'PLA-2025-101', 'KANTONG KELINCI 20 HITAM', 5, 0.00, 0.00, 0, 5, NULL, 1, '2025-12-26 02:32:17', '2025-12-26 02:32:17', 10),
(28147, 'PLA-2025-102', 'KANTONG KELINCI 24 PUTIH', 5, 0.00, 0.00, 0, 5, NULL, 1, '2025-12-26 02:32:17', '2025-12-26 02:32:17', 6),
(28148, 'PLA-2025-103', 'KANTONG KELINCI 35X 55 BIRU', 5, 0.00, 0.00, 0, 5, NULL, 1, '2025-12-26 02:32:17', '2025-12-26 02:32:17', 6),
(28149, 'PLA-2025-104', 'KANTONG KELINCI 35X 55 HIJAU', 5, 0.00, 0.00, 0, 5, NULL, 1, '2025-12-26 02:32:18', '2025-12-26 02:32:18', 6),
(28150, 'PLA-2025-105', 'KANTONG KELINCI 35X 55 HITAM', 5, 0.00, 0.00, 0, 5, NULL, 1, '2025-12-26 02:32:18', '2025-12-26 02:32:18', 10),
(28151, 'PLA-2025-106', 'KANTONG KELINCI 35X 55 MERAH', 5, 0.00, 0.00, 0, 5, NULL, 1, '2025-12-26 02:32:18', '2025-12-26 02:32:18', 6),
(28152, 'PLA-2025-107', 'KANTONG KELINCI HITAM 15', 5, 0.00, 0.00, 0, 5, NULL, 1, '2025-12-26 02:32:18', '2025-12-26 02:32:18', 10),
(28153, 'PLA-2025-108', 'KANTONG KELINCI WARNA 15', 5, 0.00, 0.00, 0, 5, NULL, 1, '2025-12-26 02:32:18', '2025-12-26 02:32:18', 6),
(28154, 'PLA-2025-109', 'KANTONG LOBI 1 GELAS', 5, 0.00, 0.00, 0, 5, NULL, 1, '2025-12-26 02:32:18', '2025-12-26 02:32:18', 6),
(28155, 'PLA-2025-110', 'KANTONG SAMPAH BANTENG SUPER 90X120', 5, 0.00, 0.00, 0, 5, NULL, 1, '2025-12-26 02:32:18', '2025-12-26 02:32:18', 7),
(28156, 'PLA-2025-111', 'KANTONG SARI BUMI 15', 5, 0.00, 0.00, 0, 5, NULL, 1, '2025-12-26 02:32:18', '2025-12-26 02:32:18', 10),
(28157, 'PLA-2025-112', 'KANTONG SARI BUMI 19', 5, 0.00, 0.00, 0, 5, NULL, 1, '2025-12-26 02:32:18', '2025-12-26 02:32:18', 6),
(28158, 'PLA-2025-113', 'KANTONG SARI BUMI 24', 5, 0.00, 0.00, 0, 5, NULL, 1, '2025-12-26 02:32:18', '2025-12-26 02:32:18', 6),
(28159, 'PLA-2025-114', 'KANTONG SARI BUMI 28', 5, 0.00, 0.00, 0, 5, NULL, 1, '2025-12-26 02:32:18', '2025-12-26 02:32:18', 6),
(28160, 'PLA-2025-115', 'KANTONG SMILE 15', 5, 0.00, 0.00, 0, 5, NULL, 1, '2025-12-26 02:32:18', '2025-12-26 02:32:18', 10),
(28161, 'PLA-2025-116', 'KANTONG SMILE 19', 5, 0.00, 0.00, 0, 5, NULL, 1, '2025-12-26 02:32:18', '2025-12-26 02:32:18', 10),
(28162, 'PLA-2025-117', 'KANTONG SMILE 24', 5, 0.00, 0.00, 0, 5, NULL, 1, '2025-12-26 02:32:18', '2025-12-26 02:32:18', 10),
(28163, 'PLA-2025-118', 'KANTONG SMILE 29', 5, 0.00, 0.00, 0, 5, NULL, 1, '2025-12-26 02:32:18', '2025-12-26 02:32:18', 10),
(28164, 'PLA-2025-119', 'KARET HIJAU', 5, 0.00, 0.00, 0, 5, NULL, 1, '2025-12-26 02:32:18', '2025-12-26 02:32:18', 13),
(28165, 'PLA-2025-120', 'KARET KUNING', 5, 0.00, 0.00, 0, 5, NULL, 1, '2025-12-26 02:32:18', '2025-12-26 02:32:18', 13),
(28166, 'PLA-2025-121', 'KARET MERAH', 5, 0.00, 0.00, 0, 5, NULL, 1, '2025-12-26 02:32:18', '2025-12-26 02:32:18', 12),
(28167, 'PLA-2025-122', 'KARET MIKRO MERAH', 5, 0.00, 0.00, 0, 5, NULL, 1, '2025-12-26 02:32:18', '2025-12-26 02:32:18', 13),
(28168, 'PLA-2025-123', 'KARUNG 45X75', 5, 0.00, 0.00, 0, 5, NULL, 1, '2025-12-26 02:32:18', '2025-12-26 02:32:18', 18),
(28169, 'PLA-2025-124', 'KARUNG 50X80 JAYA BARU', 5, 0.00, 0.00, 0, 5, NULL, 1, '2025-12-26 02:32:18', '2025-12-26 02:32:18', 6),
(28170, 'PLA-2025-125', 'KARUNG 50X80 MERAH', 5, 0.00, 0.00, 0, 5, NULL, 1, '2025-12-26 02:32:18', '2025-12-26 02:32:18', 6),
(28171, 'PLA-2025-126', 'KARUNG 75 BELANG', 5, 0.00, 0.00, 0, 5, NULL, 1, '2025-12-26 02:32:18', '2025-12-26 02:32:18', 6),
(28172, 'PLA-2025-127', 'KARUNG ASNIL  KUNING', 5, 0.00, 0.00, 0, 5, NULL, 1, '2025-12-26 02:32:18', '2025-12-26 02:32:18', 1),
(28173, 'PLA-2025-128', 'KARUNG ASNIL BARU', 5, 0.00, 0.00, 0, 5, NULL, 1, '2025-12-26 02:32:18', '2025-12-26 02:32:18', 1),
(28174, 'PLA-2025-129', 'KARUNG ASNIL CW', 5, 0.00, 0.00, 0, 5, NULL, 1, '2025-12-26 02:32:18', '2025-12-26 02:32:18', 1),
(28175, 'PLA-2025-130', 'KARUNG ASNIL SEKEN', 5, 0.00, 0.00, 0, 5, NULL, 1, '2025-12-26 02:32:18', '2025-12-26 02:32:18', 1),
(28176, 'PLA-2025-131', 'KARUNG ASNIL SEKEN HITAM', 5, 0.00, 0.00, 0, 5, NULL, 1, '2025-12-26 02:32:18', '2025-12-26 02:32:18', 1),
(28177, 'PLA-2025-132', 'KARUNG AYAM', 5, 0.00, 0.00, 0, 5, NULL, 1, '2025-12-26 02:32:18', '2025-12-26 02:32:18', 18),
(28178, 'PLA-2025-133', 'KARUNG AYAM BARU', 5, 0.00, 0.00, 0, 5, NULL, 1, '2025-12-26 02:32:18', '2025-12-26 02:32:18', 6),
(28179, 'PLA-2025-134', 'KARUNG AYAM COMFED', 5, 0.00, 0.00, 0, 5, NULL, 1, '2025-12-26 02:32:18', '2025-12-26 02:32:18', 1),
(28180, 'PLA-2025-135', 'KARUNG AYAM GABAH', 5, 0.00, 0.00, 0, 5, NULL, 1, '2025-12-26 02:32:18', '2025-12-26 02:32:18', 1),
(28181, 'PLA-2025-136', 'KARUNG AYAM SECOND', 5, 0.00, 0.00, 0, 5, NULL, 1, '2025-12-26 02:32:18', '2025-12-26 02:32:18', 1),
(28182, 'PLA-2025-137', 'KARUNG BELANG JUMBO', 5, 0.00, 0.00, 0, 5, NULL, 1, '2025-12-26 02:32:18', '2025-12-26 02:32:18', 1),
(28183, 'PLA-2025-138', 'KARUNG GULA', 5, 0.00, 0.00, 0, 5, NULL, 1, '2025-12-26 02:32:18', '2025-12-26 02:32:18', 1),
(28184, 'PLA-2025-139', 'KARUNG JARANG 55X95', 5, 0.00, 0.00, 0, 5, NULL, 1, '2025-12-26 02:32:18', '2025-12-26 02:32:18', 18),
(28185, 'PLA-2025-140', 'KARUNG JARANG 60X100 KUNING', 5, 0.00, 0.00, 0, 5, NULL, 1, '2025-12-26 02:32:18', '2025-12-26 02:32:18', 6),
(28186, 'PLA-2025-141', 'KARUNG JARANG 60X100 MERAH', 5, 0.00, 0.00, 0, 5, NULL, 1, '2025-12-26 02:32:18', '2025-12-26 02:32:18', 6),
(28187, 'PLA-2025-142', 'KARUNG JARANG OREN 50X80', 5, 0.00, 0.00, 0, 5, NULL, 1, '2025-12-26 02:32:18', '2025-12-26 02:32:18', 6),
(28188, 'PLA-2025-143', 'KARUNG JARANG OREN 50X80 BIS MERAH', 5, 0.00, 0.00, 0, 5, NULL, 1, '2025-12-26 02:32:18', '2025-12-26 02:32:18', 6),
(28189, 'PLA-2025-144', 'KARUNG MAHKOTA', 5, 0.00, 0.00, 0, 5, NULL, 1, '2025-12-26 02:32:18', '2025-12-26 02:32:18', 1),
(28190, 'PLA-2025-145', 'KARUNG PUPUK', 5, 0.00, 0.00, 0, 5, NULL, 1, '2025-12-26 02:32:18', '2025-12-26 02:32:18', 18),
(28191, 'PLA-2025-146', 'KARUNG PUSRI', 5, 0.00, 0.00, 0, 5, NULL, 1, '2025-12-26 02:32:18', '2025-12-26 02:32:18', 1),
(28192, 'PLA-2025-147', 'KARUNG RYURON & SATOMO', 5, 0.00, 0.00, 0, 5, NULL, 1, '2025-12-26 02:32:18', '2025-12-26 02:32:18', 1),
(28193, 'PLA-2025-148', 'KARUNG SATOMO BEKAS', 5, 0.00, 0.00, 0, 5, NULL, 1, '2025-12-26 02:32:18', '2025-12-26 02:32:18', 1),
(28194, 'PLA-2025-149', 'KARUNG SILANG', 5, 0.00, 0.00, 0, 5, NULL, 1, '2025-12-26 02:32:18', '2025-12-26 02:32:18', 1),
(28195, 'PLA-2025-150', 'KarungURA KARET MERAH', 5, 0.00, 0.00, 0, 5, NULL, 1, '2025-12-26 02:32:18', '2025-12-26 02:32:18', 6),
(28196, 'MAK-2025-120', 'KAYU MANIS', 2, 0.00, 0.00, 0, 5, NULL, 1, '2025-12-26 02:32:18', '2025-12-26 02:32:18', 10),
(28197, 'PLA-2025-151', 'KCS BULAT 300ML', 5, 0.00, 0.00, 0, 5, NULL, 1, '2025-12-26 02:32:18', '2025-12-26 02:32:18', 10),
(28198, 'PLA-2025-152', 'KCS RB 200ML', 5, 0.00, 0.00, 0, 5, NULL, 1, '2025-12-26 02:32:18', '2025-12-26 02:32:18', 10),
(28199, 'PLA-2025-153', 'KCS TINWAL 1000ML REC', 5, 0.00, 0.00, 0, 5, NULL, 1, '2025-12-26 02:32:18', '2025-12-26 02:32:18', 10),
(28200, 'PLA-2025-154', 'KCS TINWAL 400ML RB', 5, 0.00, 0.00, 0, 5, NULL, 1, '2025-12-26 02:32:18', '2025-12-26 02:32:18', 10),
(28201, 'PLA-2025-155', 'KCS TINWAL 650ML REC', 5, 0.00, 0.00, 0, 5, NULL, 1, '2025-12-26 02:32:18', '2025-12-26 02:32:18', 10),
(28202, 'PLA-2025-156', 'KCS TOPLES 250GR', 5, 0.00, 0.00, 0, 5, NULL, 1, '2025-12-26 02:32:18', '2025-12-26 02:32:18', 1),
(28203, 'MAK-2025-121', 'KECAP AROMA', 2, 0.00, 0.00, 0, 5, NULL, 1, '2025-12-26 02:32:18', '2025-12-26 02:32:18', 12),
(28204, 'MAK-2025-122', 'KECAP ASIN BOTOL BESAR', 2, 0.00, 0.00, 0, 5, NULL, 1, '2025-12-26 02:32:18', '2025-12-26 02:32:18', 11),
(28205, 'MAK-2025-123', 'KECAP ASIN SINGA DUA', 2, 0.00, 0.00, 0, 5, NULL, 1, '2025-12-26 02:32:18', '2025-12-26 02:32:18', 11),
(28206, 'MAK-2025-124', 'KECAP BANGO 1,5Kg', 2, 0.00, 0.00, 0, 5, NULL, 1, '2025-12-26 02:32:18', '2025-12-26 02:32:18', 1),
(28207, 'MAK-2025-125', 'KECAP BANGO 10.000', 2, 0.00, 0.00, 0, 5, NULL, 1, '2025-12-26 02:32:18', '2025-12-26 02:32:18', 12),
(28208, 'MAK-2025-126', 'KECAP BANGO 3.000', 2, 0.00, 0.00, 0, 5, NULL, 1, '2025-12-26 02:32:18', '2025-12-26 02:32:18', 1),
(28209, 'MAK-2025-127', 'KECAP BANGO 700gr', 2, 0.00, 0.00, 0, 5, NULL, 1, '2025-12-26 02:32:19', '2025-12-26 02:32:19', 1),
(28210, 'MAK-2025-128', 'KECAP HOKI', 2, 0.00, 0.00, 0, 5, NULL, 1, '2025-12-26 02:32:19', '2025-12-26 02:32:19', 12),
(28211, 'MAK-2025-129', 'KECAP INGRIS 620ML', 2, 0.00, 0.00, 0, 5, NULL, 1, '2025-12-26 02:32:19', '2025-12-26 02:32:19', 11),
(28212, 'MAK-2025-130', 'KECAP MANIS SEDAAP 40G', 2, 0.00, 0.00, 0, 5, NULL, 1, '2025-12-26 02:32:19', '2025-12-26 02:32:19', 1),
(28213, 'MAK-2025-131', 'KECAP SEDAP', 2, 0.00, 0.00, 0, 5, NULL, 1, '2025-12-26 02:32:19', '2025-12-26 02:32:19', 1),
(28214, 'MAK-2025-132', 'KECAP SEDAP ROSO', 2, 0.00, 0.00, 0, 5, NULL, 1, '2025-12-26 02:32:19', '2025-12-26 02:32:19', 1),
(28215, 'MAK-2025-133', 'KECAP UDANG', 2, 0.00, 0.00, 0, 5, NULL, 1, '2025-12-26 02:32:19', '2025-12-26 02:32:19', 1),
(28216, 'MAK-2025-134', 'KEDELE BOLA BIRU', 2, 0.00, 0.00, 0, 5, NULL, 1, '2025-12-26 02:32:19', '2025-12-26 02:32:19', 13),
(28217, 'MAK-2025-135', 'KEJU MEEG 160GR', 2, 0.00, 0.00, 0, 5, NULL, 1, '2025-12-26 02:32:19', '2025-12-26 02:32:19', 1),
(28218, 'MAK-2025-136', 'KEJU MEEG 2Kg', 2, 0.00, 0.00, 0, 5, NULL, 1, '2025-12-26 02:32:19', '2025-12-26 02:32:19', 1),
(28219, 'MAK-2025-137', 'KEJU MEEG SLICE', 2, 0.00, 0.00, 0, 5, NULL, 1, '2025-12-26 02:32:19', '2025-12-26 02:32:19', 1),
(28220, 'MAK-2025-138', 'KEJU OLES', 2, 0.00, 0.00, 0, 5, NULL, 1, '2025-12-26 02:32:19', '2025-12-26 02:32:19', 1),
(28221, 'MAK-2025-139', 'KEJU PROCHIZ 160GR', 2, 0.00, 0.00, 0, 5, NULL, 1, '2025-12-26 02:32:19', '2025-12-26 02:32:19', 1),
(28222, 'MAK-2025-140', 'KEJU PROCHIZ 2Kg', 2, 0.00, 0.00, 0, 5, NULL, 1, '2025-12-26 02:32:19', '2025-12-26 02:32:19', 1),
(28223, 'MAK-2025-141', 'KEJU WINCEEZ 1/4 Kg', 2, 0.00, 0.00, 0, 5, NULL, 1, '2025-12-26 02:32:19', '2025-12-26 02:32:19', 1),
(28224, 'MAK-2025-142', 'KEJU WINCEEZ REGULER 2Kg', 2, 0.00, 0.00, 0, 5, NULL, 1, '2025-12-26 02:32:19', '2025-12-26 02:32:19', 1),
(28225, 'MAK-2025-143', 'KENCUR BUBUK', 2, 0.00, 0.00, 0, 5, NULL, 1, '2025-12-26 02:32:19', '2025-12-26 02:32:19', 10),
(28226, 'MAK-2025-144', 'KERTAS  CAESAR 12X12', 2, 0.00, 0.00, 0, 5, NULL, 1, '2025-12-26 02:32:19', '2025-12-26 02:32:19', 10),
(28227, 'PLA-2025-157', 'KERTAS ALAS KUE ROSA', 5, 0.00, 0.00, 0, 5, NULL, 1, '2025-12-26 02:32:19', '2025-12-26 02:32:19', 10),
(28228, 'PLA-2025-158', 'KERTAS ALU TRAY BX 4381', 5, 0.00, 0.00, 0, 5, NULL, 1, '2025-12-26 02:32:19', '2025-12-26 02:32:19', 10),
(28229, 'PLA-2025-159', 'KERTAS ALU TRAY OX 250', 5, 0.00, 0.00, 0, 5, NULL, 1, '2025-12-26 02:32:19', '2025-12-26 02:32:19', 10),
(28230, 'PLA-2025-160', 'KERTAS BOLU KUKUS', 5, 0.00, 0.00, 0, 5, NULL, 1, '2025-12-26 02:32:19', '2025-12-26 02:32:19', 10),
(28231, 'PLA-2025-161', 'KERTAS CAESAR 14X12', 5, 0.00, 0.00, 0, 5, NULL, 1, '2025-12-26 02:32:19', '2025-12-26 02:32:19', 10),
(28232, 'PLA-2025-162', 'KERTAS DRACO 12X12', 5, 0.00, 0.00, 0, 5, NULL, 1, '2025-12-26 02:32:19', '2025-12-26 02:32:19', 10),
(28233, 'PLA-2025-163', 'KERTAS DRACO 14X12', 5, 0.00, 0.00, 0, 5, NULL, 1, '2025-12-26 02:32:19', '2025-12-26 02:32:19', 10),
(28234, 'PLA-2025-164', 'KERTAS Dus TAP MOTIF 021', 5, 0.00, 0.00, 0, 5, NULL, 1, '2025-12-26 02:32:19', '2025-12-26 02:32:19', 10),
(28235, 'PLA-2025-165', 'KERTAS Dus TAP MOTIF 20X20 001', 5, 0.00, 0.00, 0, 5, NULL, 1, '2025-12-26 02:32:19', '2025-12-26 02:32:19', 10),
(28236, 'PLA-2025-166', 'KERTAS GRETEL 12X12', 5, 0.00, 0.00, 0, 5, NULL, 1, '2025-12-26 02:32:19', '2025-12-26 02:32:19', 10),
(28237, 'PLA-2025-167', 'KERTAS KEBAB GAMBAR', 5, 0.00, 0.00, 0, 5, NULL, 1, '2025-12-26 02:32:19', '2025-12-26 02:32:19', 10),
(28238, 'PLA-2025-168', 'KERTAS KEBAB POLOS', 5, 0.00, 0.00, 0, 5, NULL, 1, '2025-12-26 02:32:19', '2025-12-26 02:32:19', 10),
(28239, 'PLA-2025-169', 'KERTAS KFC RAPIDO PUTIH MOTIF', 5, 0.00, 0.00, 0, 5, NULL, 1, '2025-12-26 02:32:19', '2025-12-26 02:32:19', 10),
(28240, 'PLA-2025-170', 'KERTAS KING 12X12', 5, 0.00, 0.00, 0, 5, NULL, 1, '2025-12-26 02:32:19', '2025-12-26 02:32:19', 6),
(28241, 'PLA-2025-171', 'KERTAS KING 12X14', 5, 0.00, 0.00, 0, 5, NULL, 1, '2025-12-26 02:32:19', '2025-12-26 02:32:19', 10),
(28242, 'PLA-2025-172', 'KERTAS KORAN', 5, 0.00, 0.00, 0, 5, NULL, 1, '2025-12-26 02:32:19', '2025-12-26 02:32:19', 13),
(28243, 'PLA-2025-173', 'KERTAS KUE STAR Dus 12X12', 5, 0.00, 0.00, 0, 5, NULL, 1, '2025-12-26 02:32:19', '2025-12-26 02:32:19', 10),
(28244, 'PLA-2025-174', 'KERTAS KUE STAR Dus 12X14', 5, 0.00, 0.00, 0, 5, NULL, 1, '2025-12-26 02:32:19', '2025-12-26 02:32:19', 10),
(28245, 'PLA-2025-175', 'KERTAS KUE TRIPLEK 25X25', 5, 0.00, 0.00, 0, 5, NULL, 1, '2025-12-26 02:32:19', '2025-12-26 02:32:19', 1),
(28246, 'PLA-2025-176', 'KERTAS LUNCH Dus 17X11X4.5', 5, 0.00, 0.00, 0, 5, NULL, 1, '2025-12-26 02:32:19', '2025-12-26 02:32:19', 10),
(28247, 'PLA-2025-177', 'KERTAS LUNCH Dus KRAFT WIN 18X11', 5, 0.00, 0.00, 0, 5, NULL, 1, '2025-12-26 02:32:19', '2025-12-26 02:32:19', 10),
(28248, 'PLA-2025-178', 'KERTAS LUNCH Dus OKEY 18X11', 5, 0.00, 0.00, 0, 5, NULL, 1, '2025-12-26 02:32:19', '2025-12-26 02:32:19', 10),
(28249, 'PLA-2025-179', 'KERTAS LUNCHDus 20X13', 5, 0.00, 0.00, 0, 5, NULL, 1, '2025-12-26 02:32:19', '2025-12-26 02:32:19', 10),
(28250, 'PLA-2025-180', 'KERTAS LUNCHDus KRAFT 20X13', 5, 0.00, 0.00, 0, 5, NULL, 1, '2025-12-26 02:32:19', '2025-12-26 02:32:19', 10),
(28251, 'PLA-2025-181', 'KERTAS LUNCHDus POLOS', 5, 0.00, 0.00, 0, 5, NULL, 1, '2025-12-26 02:32:19', '2025-12-26 02:32:19', 10),
(28252, 'PLA-2025-182', 'KERTAS NASI BUNGA', 5, 0.00, 0.00, 0, 5, NULL, 1, '2025-12-26 02:32:19', '2025-12-26 02:32:19', 10),
(28253, 'PLA-2025-183', 'KERTAS NASI CASSIE', 5, 0.00, 0.00, 0, 5, NULL, 1, '2025-12-26 02:32:19', '2025-12-26 02:32:19', 10),
(28254, 'PLA-2025-184', 'KERTAS NASI GAJAH', 5, 0.00, 0.00, 0, 5, NULL, 1, '2025-12-26 02:32:19', '2025-12-26 02:32:19', 6),
(28255, 'PLA-2025-185', 'KERTAS NASI INTERCO', 5, 0.00, 0.00, 0, 5, NULL, 1, '2025-12-26 02:32:19', '2025-12-26 02:32:19', 6),
(28256, 'PLA-2025-186', 'KERTAS NASI OKE Dus', 5, 0.00, 0.00, 0, 5, NULL, 1, '2025-12-26 02:32:19', '2025-12-26 02:32:19', 10),
(28257, 'PLA-2025-187', 'KERTAS NASI OKE Pack', 5, 0.00, 0.00, 0, 5, NULL, 1, '2025-12-26 02:32:19', '2025-12-26 02:32:19', 10),
(28258, 'PLA-2025-188', 'KERTAS SCORPION 12X12', 5, 0.00, 0.00, 0, 5, NULL, 1, '2025-12-26 02:32:19', '2025-12-26 02:32:19', 10),
(28259, 'PLA-2025-189', 'KERTAS SCORPION 12X14', 5, 0.00, 0.00, 0, 5, NULL, 1, '2025-12-26 02:32:19', '2025-12-26 02:32:19', 10),
(28260, 'PLA-2025-190', 'KERTAS SNACK Dus 18X18', 5, 0.00, 0.00, 0, 5, NULL, 1, '2025-12-26 02:32:19', '2025-12-26 02:32:19', 1),
(28261, 'PLA-2025-191', 'KERTAS SP 12X12', 5, 0.00, 0.00, 0, 5, NULL, 1, '2025-12-26 02:32:19', '2025-12-26 02:32:19', 10),
(28262, 'PLA-2025-192', 'KERTAS TAURUS 12X12', 5, 0.00, 0.00, 0, 5, NULL, 1, '2025-12-26 02:32:19', '2025-12-26 02:32:19', 10);
INSERT INTO `products` (`id`, `sku`, `name`, `category_id`, `buy_price`, `sell_price`, `stock`, `min_stock`, `image_url`, `is_active`, `created_at`, `updated_at`, `base_unit_id`) VALUES
(28263, 'PLA-2025-193', 'KERTAS TAURUS 12X14', 5, 0.00, 0.00, 0, 5, NULL, 1, '2025-12-26 02:32:19', '2025-12-26 02:32:19', 10),
(28264, 'MAK-2025-145', 'KERUPUK 3 IKAN BAWANG PUTIH BIBIR', 2, 0.00, 0.00, 0, 5, NULL, 1, '2025-12-26 02:32:19', '2025-12-26 02:32:19', 13),
(28265, 'MAK-2025-146', 'KERUPUK AMPERA', 2, 0.00, 0.00, 0, 5, NULL, 1, '2025-12-26 02:32:19', '2025-12-26 02:32:19', 13),
(28266, 'MAK-2025-147', 'KERUPUK BAWANG 2 UDANG', 2, 0.00, 0.00, 0, 5, NULL, 1, '2025-12-26 02:32:19', '2025-12-26 02:32:19', 13),
(28267, 'MAK-2025-148', 'KERUPUK BINTANG WW', 2, 0.00, 0.00, 0, 5, NULL, 1, '2025-12-26 02:32:19', '2025-12-26 02:32:19', 13),
(28268, 'MAK-2025-149', 'KERUPUK EMPING', 2, 0.00, 0.00, 0, 5, NULL, 1, '2025-12-26 02:32:19', '2025-12-26 02:32:19', 13),
(28269, 'MAK-2025-150', 'KERUPUK EMPING LEO', 2, 0.00, 0.00, 0, 5, NULL, 1, '2025-12-26 02:32:19', '2025-12-26 02:32:19', 13),
(28270, 'MAK-2025-151', 'KERUPUK EMPING SUPER', 2, 0.00, 0.00, 0, 5, NULL, 1, '2025-12-26 02:32:19', '2025-12-26 02:32:19', 13),
(28271, 'MAK-2025-152', 'KERUPUK JARI JARI', 2, 0.00, 0.00, 0, 5, NULL, 1, '2025-12-26 02:32:19', '2025-12-26 02:32:19', 13),
(28272, 'MAK-2025-153', 'KERUPUK JENJANG WARNA', 2, 0.00, 0.00, 0, 5, NULL, 1, '2025-12-26 02:32:19', '2025-12-26 02:32:19', 13),
(28273, 'MAK-2025-154', 'KERUPUK KAMANG', 2, 0.00, 0.00, 0, 5, NULL, 1, '2025-12-26 02:32:19', '2025-12-26 02:32:19', 13),
(28274, 'MAK-2025-155', 'KERUPUK KENTANG', 2, 0.00, 0.00, 0, 5, NULL, 1, '2025-12-26 02:32:20', '2025-12-26 02:32:20', 13),
(28275, 'MAK-2025-156', 'KERUPUK KEONG', 2, 0.00, 0.00, 0, 5, NULL, 1, '2025-12-26 02:32:20', '2025-12-26 02:32:20', 13),
(28276, 'MAK-2025-157', 'KERUPUK KEONG WARNA WARNI', 2, 0.00, 0.00, 0, 5, NULL, 1, '2025-12-26 02:32:20', '2025-12-26 02:32:20', 13),
(28277, 'MAK-2025-158', 'KERUPUK KOIN', 2, 0.00, 0.00, 0, 5, NULL, 1, '2025-12-26 02:32:20', '2025-12-26 02:32:20', 13),
(28278, 'MAK-2025-159', 'KERUPUK LIONTIN WARNA BULAN', 2, 0.00, 0.00, 0, 5, NULL, 1, '2025-12-26 02:32:20', '2025-12-26 02:32:20', 13),
(28279, 'MAK-2025-160', 'KERUPUK MERAH', 2, 0.00, 0.00, 0, 5, NULL, 1, '2025-12-26 02:32:20', '2025-12-26 02:32:20', 13),
(28280, 'MAK-2025-161', 'KERUPUK PALEMBANG KECIL', 2, 0.00, 0.00, 0, 5, NULL, 1, '2025-12-26 02:32:20', '2025-12-26 02:32:20', 13),
(28281, 'MAK-2025-162', 'KERUPUK PALEMBANG OREN', 2, 0.00, 0.00, 0, 5, NULL, 1, '2025-12-26 02:32:20', '2025-12-26 02:32:20', 13),
(28282, 'MAK-2025-163', 'KERUPUK PANDA DUNIA RASA UDANG', 2, 0.00, 0.00, 0, 5, NULL, 1, '2025-12-26 02:32:20', '2025-12-26 02:32:20', 1),
(28283, 'MAK-2025-164', 'KERUPUK PANDA DUNIA SINGKONG PEDAS', 2, 0.00, 0.00, 0, 5, NULL, 1, '2025-12-26 02:32:20', '2025-12-26 02:32:20', 1),
(28284, 'MAK-2025-165', 'KERUPUK PANDA PEDAS', 2, 0.00, 0.00, 0, 5, NULL, 1, '2025-12-26 02:32:20', '2025-12-26 02:32:20', 12),
(28285, 'MAK-2025-166', 'KERUPUK PANTHER G', 2, 0.00, 0.00, 0, 5, NULL, 1, '2025-12-26 02:32:20', '2025-12-26 02:32:20', 13),
(28286, 'MAK-2025-167', 'KERUPUK PENSI', 2, 0.00, 0.00, 0, 5, NULL, 1, '2025-12-26 02:32:20', '2025-12-26 02:32:20', 13),
(28287, 'MAK-2025-168', 'KERUPUK PF K MAMA', 2, 0.00, 0.00, 0, 5, NULL, 1, '2025-12-26 02:32:20', '2025-12-26 02:32:20', 13),
(28288, 'MAK-2025-169', 'KERUPUK PIPA WW', 2, 0.00, 0.00, 0, 5, NULL, 1, '2025-12-26 02:32:20', '2025-12-26 02:32:20', 13),
(28289, 'MAK-2025-170', 'KERUPUK PRASMANAN ABU-ABU', 2, 0.00, 0.00, 0, 5, NULL, 1, '2025-12-26 02:32:20', '2025-12-26 02:32:20', 13),
(28290, 'MAK-2025-171', 'KERUPUK PRASMANAN OREN', 2, 0.00, 0.00, 0, 5, NULL, 1, '2025-12-26 02:32:20', '2025-12-26 02:32:20', 13),
(28291, 'MAK-2025-172', 'KERUPUK RAJA UDANG', 2, 0.00, 0.00, 0, 5, NULL, 1, '2025-12-26 02:32:20', '2025-12-26 02:32:20', 13),
(28292, 'MAK-2025-173', 'KERUPUK RAUIK', 2, 0.00, 0.00, 0, 5, NULL, 1, '2025-12-26 02:32:20', '2025-12-26 02:32:20', 13),
(28293, 'MAK-2025-174', 'KERUPUK SAMUDRA EMAS OREN', 2, 0.00, 0.00, 0, 5, NULL, 1, '2025-12-26 02:32:20', '2025-12-26 02:32:20', 13),
(28294, 'MAK-2025-175', 'KERUPUK SARI UDANG PRASMN MAS', 2, 0.00, 0.00, 0, 5, NULL, 1, '2025-12-26 02:32:20', '2025-12-26 02:32:20', 13),
(28295, 'MAK-2025-176', 'KERUPUK SARI UDANG PRASMN PTH', 2, 0.00, 0.00, 0, 5, NULL, 1, '2025-12-26 02:32:20', '2025-12-26 02:32:20', 13),
(28296, 'MAK-2025-177', 'KERUPUK TANGGA WARNA WARNI', 2, 0.00, 0.00, 0, 5, NULL, 1, '2025-12-26 02:32:20', '2025-12-26 02:32:20', 13),
(28297, 'MAK-2025-178', 'KERUPUK TELINGA GAJAH', 2, 0.00, 0.00, 0, 5, NULL, 1, '2025-12-26 02:32:20', '2025-12-26 02:32:20', 13),
(28298, 'MAK-2025-179', 'KERUPUK UDANG', 2, 0.00, 0.00, 0, 5, NULL, 1, '2025-12-26 02:32:20', '2025-12-26 02:32:20', 13),
(28299, 'MAK-2025-180', 'KERUPUK UDANG 400GR', 2, 0.00, 0.00, 0, 5, NULL, 1, '2025-12-26 02:32:20', '2025-12-26 02:32:20', 1),
(28300, 'MAK-2025-181', 'KERUPUK UDANG ABU ABU', 2, 0.00, 0.00, 0, 5, NULL, 1, '2025-12-26 02:32:20', '2025-12-26 02:32:20', 13),
(28301, 'MAK-2025-182', 'KERUPUK UDANG LARISA', 2, 0.00, 0.00, 0, 5, NULL, 1, '2025-12-26 02:32:20', '2025-12-26 02:32:20', 10),
(28302, 'MAK-2025-183', 'KERUPUK UDANG PANDA 5Kg', 2, 0.00, 0.00, 0, 5, NULL, 1, '2025-12-26 02:32:20', '2025-12-26 02:32:20', 13),
(28303, 'MAK-2025-184', 'KERUPUK UDANG POLOS', 2, 0.00, 0.00, 0, 5, NULL, 1, '2025-12-26 02:32:20', '2025-12-26 02:32:20', 13),
(28304, 'MAK-2025-185', 'KERUPUK VITARASA', 2, 0.00, 0.00, 0, 5, NULL, 1, '2025-12-26 02:32:20', '2025-12-26 02:32:20', 13),
(28305, 'MAK-2025-186', 'KERUPUK WARNA WARNI TEPI', 2, 0.00, 0.00, 0, 5, NULL, 1, '2025-12-26 02:32:20', '2025-12-26 02:32:20', 13),
(28306, 'MAK-2025-187', 'KETUMBAR BUBUK DEKarungU', 2, 0.00, 0.00, 0, 5, NULL, 1, '2025-12-26 02:32:20', '2025-12-26 02:32:20', 10),
(28307, 'MAK-2025-188', 'KETUMBAR GILING PUTIH 1Kg', 2, 0.00, 0.00, 0, 5, NULL, 1, '2025-12-26 02:32:20', '2025-12-26 02:32:20', 1),
(28308, 'MAK-2025-189', 'KISMIS', 2, 0.00, 0.00, 0, 5, NULL, 1, '2025-12-26 02:32:20', '2025-12-26 02:32:20', 13),
(28309, 'MAK-2025-190', 'KKM FARMILA 1000GR', 2, 0.00, 0.00, 0, 5, NULL, 1, '2025-12-26 02:32:20', '2025-12-26 02:32:20', 1),
(28310, 'MAK-2025-191', 'KKM FARMILA 500GR', 2, 0.00, 0.00, 0, 5, NULL, 1, '2025-12-26 02:32:20', '2025-12-26 02:32:20', 1),
(28311, 'MAK-2025-192', 'KOBE BON CABE LEVEL 10', 2, 0.00, 0.00, 0, 5, NULL, 1, '2025-12-26 02:32:20', '2025-12-26 02:32:20', 10),
(28312, 'MAK-2025-193', 'KOBE BON CABE LEVEL 15', 2, 0.00, 0.00, 0, 5, NULL, 1, '2025-12-26 02:32:20', '2025-12-26 02:32:20', 10),
(28313, 'MAK-2025-194', 'KOBE BON CABE LEVEL 30', 2, 0.00, 0.00, 0, 5, NULL, 1, '2025-12-26 02:32:20', '2025-12-26 02:32:20', 10),
(28314, 'MIN-2025-61', 'KOPI GINGSENG MIWON', 3, 0.00, 0.00, 0, 5, NULL, 1, '2025-12-26 02:32:20', '2025-12-26 02:32:20', 10),
(28315, 'MIN-2025-62', 'KOPIKAP', 3, 0.00, 0.00, 0, 5, NULL, 1, '2025-12-26 02:32:20', '2025-12-26 02:32:20', 1),
(28316, 'MAK-2025-195', 'KUE GABIN HIJAU', 2, 0.00, 0.00, 0, 5, NULL, 1, '2025-12-26 02:32:20', '2025-12-26 02:32:20', 1),
(28317, 'MAK-2025-196', 'KUE GABIN KELAPA', 2, 0.00, 0.00, 0, 5, NULL, 1, '2025-12-26 02:32:20', '2025-12-26 02:32:20', 1),
(28318, 'MAK-2025-197', 'KUE GABIN MINI', 2, 0.00, 0.00, 0, 5, NULL, 1, '2025-12-26 02:32:20', '2025-12-26 02:32:20', 1),
(28319, 'MAK-2025-198', 'KUE GABIN TAWAR', 2, 0.00, 0.00, 0, 5, NULL, 1, '2025-12-26 02:32:20', '2025-12-26 02:32:20', 1),
(28320, 'MAK-2025-199', 'KUE ROMA KELAPA', 2, 0.00, 0.00, 0, 5, NULL, 1, '2025-12-26 02:32:20', '2025-12-26 02:32:20', 1),
(28321, 'MAK-2025-200', 'KUE ROMA MALKIST', 2, 0.00, 0.00, 0, 5, NULL, 1, '2025-12-26 02:32:20', '2025-12-26 02:32:20', 9),
(28322, 'MAK-2025-201', 'KUE ROMA SANDWICH', 2, 0.00, 0.00, 0, 5, NULL, 1, '2025-12-26 02:32:20', '2025-12-26 02:32:20', 1),
(28323, 'MIN-2025-63', 'KUKU BIMA', 3, 0.00, 0.00, 0, 5, NULL, 1, '2025-12-26 02:32:20', '2025-12-26 02:32:20', 10),
(28324, 'MAK-2025-202', 'KUPU KUPU CMC 43GR', 2, 0.00, 0.00, 0, 5, NULL, 1, '2025-12-26 02:32:20', '2025-12-26 02:32:20', 1),
(28325, 'MAK-2025-203', 'KUPU KUPU NATRIUM BENZOAT 33GR', 2, 0.00, 0.00, 0, 5, NULL, 1, '2025-12-26 02:32:20', '2025-12-26 02:32:20', 1),
(28326, 'MAK-2025-204', 'KUPU KUPU OREGANO', 2, 0.00, 0.00, 0, 5, NULL, 1, '2025-12-26 02:32:20', '2025-12-26 02:32:20', 1),
(28327, 'MAK-2025-205', 'KUPU KUPU PARSLEY', 2, 0.00, 0.00, 0, 5, NULL, 1, '2025-12-26 02:32:20', '2025-12-26 02:32:20', 1),
(28328, 'MAK-2025-206', 'KUPU KUPU ROSEMARY', 2, 0.00, 0.00, 0, 5, NULL, 1, '2025-12-26 02:32:20', '2025-12-26 02:32:20', 1),
(28329, 'MAK-2025-207', 'LADAKU', 2, 0.00, 0.00, 0, 5, NULL, 1, '2025-12-26 02:32:20', '2025-12-26 02:32:20', 10),
(28330, 'MAK-2025-208', 'LASA AYAM', 2, 0.00, 0.00, 0, 5, NULL, 1, '2025-12-26 02:32:20', '2025-12-26 02:32:20', 10),
(28331, 'MAK-2025-209', 'LASA KECIL', 2, 0.00, 0.00, 0, 5, NULL, 1, '2025-12-26 02:32:20', '2025-12-26 02:32:20', 12),
(28332, 'MAK-2025-210', 'LASA KENTANG', 2, 0.00, 0.00, 0, 5, NULL, 1, '2025-12-26 02:32:20', '2025-12-26 02:32:20', 10),
(28333, 'MIN-2025-64', 'LASEGAR BESAR', 3, 0.00, 0.00, 0, 5, NULL, 1, '2025-12-26 02:32:20', '2025-12-26 02:32:20', 1),
(28334, 'MIN-2025-65', 'LASEGAR GUAVA', 3, 0.00, 0.00, 0, 5, NULL, 1, '2025-12-26 02:32:20', '2025-12-26 02:32:20', 1),
(28335, 'MIN-2025-66', 'LASEGAR JERUK', 3, 0.00, 0.00, 0, 5, NULL, 1, '2025-12-26 02:32:21', '2025-12-26 02:32:21', 1),
(28336, 'MIN-2025-67', 'LASEGAR JUMBO', 3, 0.00, 0.00, 0, 5, NULL, 1, '2025-12-26 02:32:21', '2025-12-26 02:32:21', 17),
(28337, 'MIN-2025-68', 'LASEGAR KECIL', 3, 0.00, 0.00, 0, 5, NULL, 1, '2025-12-26 02:32:21', '2025-12-26 02:32:21', 17),
(28338, 'MIN-2025-69', 'LASEGAR LECI', 3, 0.00, 0.00, 0, 5, NULL, 1, '2025-12-26 02:32:21', '2025-12-26 02:32:21', 1),
(28339, 'MIN-2025-70', 'LASEGAR STROBERI', 3, 0.00, 0.00, 0, 5, NULL, 1, '2025-12-26 02:32:21', '2025-12-26 02:32:21', 1),
(28340, 'MIN-2025-71', 'LEE MINERAL BESAR', 3, 0.00, 0.00, 0, 5, NULL, 1, '2025-12-26 02:32:21', '2025-12-26 02:32:21', 1),
(28341, 'MIN-2025-72', 'LEE MINERAL MENENGAH', 3, 0.00, 0.00, 0, 5, NULL, 1, '2025-12-26 02:32:21', '2025-12-26 02:32:21', 1),
(28342, 'PLA-2025-194', 'LID 100ML', 5, 0.00, 0.00, 0, 5, NULL, 1, '2025-12-26 02:32:21', '2025-12-26 02:32:21', 10),
(28343, 'MAK-2025-211', 'LUAK WHITE COFFE', 2, 0.00, 0.00, 0, 5, NULL, 1, '2025-12-26 02:32:21', '2025-12-26 02:32:21', 10),
(28344, 'MAK-2025-212', 'MACARONI A1', 2, 0.00, 0.00, 0, 5, NULL, 1, '2025-12-26 02:32:21', '2025-12-26 02:32:21', 12),
(28345, 'MIN-2025-73', 'MADU TJ SACHET ORIGINAL', 3, 0.00, 0.00, 0, 5, NULL, 1, '2025-12-26 02:32:21', '2025-12-26 02:32:21', 5),
(28346, 'MIN-2025-74', 'MADU TJ SACHET STRAWBERRY', 3, 0.00, 0.00, 0, 5, NULL, 1, '2025-12-26 02:32:21', '2025-12-26 02:32:21', 5),
(28347, 'MAK-2025-213', 'MAIZENA Pcs', 2, 0.00, 0.00, 0, 5, NULL, 1, '2025-12-26 02:32:21', '2025-12-26 02:32:21', 1),
(28348, 'MAK-2025-214', 'MAKARONI MARANI', 2, 0.00, 0.00, 0, 5, NULL, 1, '2025-12-26 02:32:21', '2025-12-26 02:32:21', 13),
(28349, 'MAK-2025-215', 'MAKARONI SEDANI', 2, 0.00, 0.00, 0, 5, NULL, 1, '2025-12-26 02:32:21', '2025-12-26 02:32:21', 12),
(28350, 'MAK-2025-216', 'MAKARONI SONGOL BANTAT', 2, 0.00, 0.00, 0, 5, NULL, 1, '2025-12-26 02:32:21', '2025-12-26 02:32:21', 13),
(28351, 'MAK-2025-217', 'MAKarungO AYAM 1/4 Kg', 2, 0.00, 0.00, 0, 5, NULL, 1, '2025-12-26 02:32:21', '2025-12-26 02:32:21', 10),
(28352, 'MAK-2025-218', 'MAKarungO AYAM 5000', 2, 0.00, 0.00, 0, 5, NULL, 1, '2025-12-26 02:32:21', '2025-12-26 02:32:21', 1),
(28353, 'MAK-2025-219', 'MAKarungO AYAM RENTENG', 2, 0.00, 0.00, 0, 5, NULL, 1, '2025-12-26 02:32:21', '2025-12-26 02:32:21', 1),
(28354, 'MAK-2025-220', 'MAKarungO JAMUR CALENDER R', 2, 0.00, 0.00, 0, 5, NULL, 1, '2025-12-26 02:32:21', '2025-12-26 02:32:21', 1),
(28355, 'MAK-2025-221', 'MAKarungO SAPI 1/4 Kg', 2, 0.00, 0.00, 0, 5, NULL, 1, '2025-12-26 02:32:21', '2025-12-26 02:32:21', 1),
(28356, 'MAK-2025-222', 'MAKarungO SAPI 5000', 2, 0.00, 0.00, 0, 5, NULL, 1, '2025-12-26 02:32:21', '2025-12-26 02:32:21', 1),
(28357, 'MAK-2025-223', 'MAKarungO SAPI RENTENG', 2, 0.00, 0.00, 0, 5, NULL, 1, '2025-12-26 02:32:21', '2025-12-26 02:32:21', 1),
(28358, 'SAB-2025-7', 'MAMA LEMON 10.000', 6, 0.00, 0.00, 0, 5, NULL, 1, '2025-12-26 02:32:21', '2025-12-26 02:32:21', 1),
(28359, 'SAB-2025-8', 'MAMA LEMON 2.000', 6, 0.00, 0.00, 0, 5, NULL, 1, '2025-12-26 02:32:21', '2025-12-26 02:32:21', 1),
(28360, 'SAB-2025-9', 'MAMA LEMON 4.000', 6, 0.00, 0.00, 0, 5, NULL, 1, '2025-12-26 02:32:21', '2025-12-26 02:32:21', 1),
(28361, 'PLA-2025-195', 'MANDIRI', 5, 0.00, 0.00, 0, 5, NULL, 1, '2025-12-26 02:32:21', '2025-12-26 02:32:21', 12),
(28362, 'PLA-2025-196', 'MANTEL BAJU', 5, 0.00, 0.00, 0, 5, NULL, 1, '2025-12-26 02:32:21', '2025-12-26 02:32:21', 6),
(28363, 'PLA-2025-197', 'MANTEL STELAN', 5, 0.00, 0.00, 0, 5, NULL, 1, '2025-12-26 02:32:21', '2025-12-26 02:32:21', 1),
(28364, 'MIN-2025-75', 'MARJAN LEMON', 3, 0.00, 0.00, 0, 5, NULL, 1, '2025-12-26 02:32:21', '2025-12-26 02:32:21', 11),
(28365, 'MAK-2025-224', 'MAX CREAMER', 2, 0.00, 0.00, 0, 5, NULL, 1, '2025-12-26 02:32:21', '2025-12-26 02:32:21', 1),
(28366, 'MAK-2025-225', 'MAYO CHILI VALUE 500GR', 2, 0.00, 0.00, 0, 5, NULL, 1, '2025-12-26 02:32:21', '2025-12-26 02:32:21', 1),
(28367, 'MAK-2025-226', 'MAYO MC LEWIS  A7', 2, 0.00, 0.00, 0, 5, NULL, 1, '2025-12-26 02:32:21', '2025-12-26 02:32:21', 1),
(28368, 'MAK-2025-227', 'MAYO MC LEWIS CHILI VALUE', 2, 0.00, 0.00, 0, 5, NULL, 1, '2025-12-26 02:32:21', '2025-12-26 02:32:21', 1),
(28369, 'MAK-2025-228', 'MAYO MC LEWIS HOT', 2, 0.00, 0.00, 0, 5, NULL, 1, '2025-12-26 02:32:21', '2025-12-26 02:32:21', 1),
(28370, 'MAK-2025-229', 'MAYO MC LEWIS HOT 400GR', 2, 0.00, 0.00, 0, 5, NULL, 1, '2025-12-26 02:32:21', '2025-12-26 02:32:21', 1),
(28371, 'MAK-2025-230', 'MAYO MC LEWIS M SWEET', 2, 0.00, 0.00, 0, 5, NULL, 1, '2025-12-26 02:32:21', '2025-12-26 02:32:21', 1),
(28372, 'MAK-2025-231', 'MAYO MC LEWIS ORIGINAL', 2, 0.00, 0.00, 0, 5, NULL, 1, '2025-12-26 02:32:21', '2025-12-26 02:32:21', 1),
(28373, 'MAK-2025-232', 'MAYO MC LEWIS TOMATO B4', 2, 0.00, 0.00, 0, 5, NULL, 1, '2025-12-26 02:32:21', '2025-12-26 02:32:21', 1),
(28374, 'MAK-2025-233', 'MC LEWIS MAYO ORIGINAL 500GR', 2, 0.00, 0.00, 0, 5, NULL, 1, '2025-12-26 02:32:21', '2025-12-26 02:32:21', 1),
(28375, 'MAK-2025-234', 'MC LEWIS MAYO SWEET 500GR', 2, 0.00, 0.00, 0, 5, NULL, 1, '2025-12-26 02:32:21', '2025-12-26 02:32:21', 1),
(28376, 'MAK-2025-235', 'MEGA RING 12', 2, 0.00, 0.00, 0, 5, NULL, 1, '2025-12-26 02:32:21', '2025-12-26 02:32:21', 10),
(28377, 'MAK-2025-236', 'MENTEGA AMANDA 15 Kg', 2, 0.00, 0.00, 0, 5, NULL, 1, '2025-12-26 02:32:21', '2025-12-26 02:32:21', 13),
(28378, 'MAK-2025-237', 'MENTEGA BLUE BAND 15Kg', 2, 0.00, 0.00, 0, 5, NULL, 1, '2025-12-26 02:32:21', '2025-12-26 02:32:21', 13),
(28379, 'MAK-2025-238', 'MENTEGA BLUE BAND 200GR', 2, 0.00, 0.00, 0, 5, NULL, 1, '2025-12-26 02:32:21', '2025-12-26 02:32:21', 1),
(28380, 'MAK-2025-239', 'MENTEGA BLUE BAND C&C 200GR', 2, 0.00, 0.00, 0, 5, NULL, 1, '2025-12-26 02:32:21', '2025-12-26 02:32:21', 1),
(28381, 'MAK-2025-240', 'MENTEGA FORVITA 15Kg', 2, 0.00, 0.00, 0, 5, NULL, 1, '2025-12-26 02:32:21', '2025-12-26 02:32:21', 13),
(28382, 'MAK-2025-241', 'MENTEGA MALINDA BAKERSFAT', 2, 0.00, 0.00, 0, 5, NULL, 1, '2025-12-26 02:32:21', '2025-12-26 02:32:21', 13),
(28383, 'MAK-2025-242', 'MENTEGA PALMIA 15 Kg', 2, 0.00, 0.00, 0, 5, NULL, 1, '2025-12-26 02:32:21', '2025-12-26 02:32:21', 13),
(28384, 'MAK-2025-243', 'MENTEGA PALMIA SACHET', 2, 0.00, 0.00, 0, 5, NULL, 1, '2025-12-26 02:32:21', '2025-12-26 02:32:21', 1),
(28385, 'MAK-2025-244', 'MENTEGA PALMVITA 15Kg', 2, 0.00, 0.00, 0, 5, NULL, 1, '2025-12-26 02:32:21', '2025-12-26 02:32:21', 13),
(28386, 'MAK-2025-245', 'MENTEGA PUTIH PALMIA 15 Kg', 2, 0.00, 0.00, 0, 5, NULL, 1, '2025-12-26 02:32:21', '2025-12-26 02:32:21', 13),
(28387, 'MAK-2025-246', 'MENTEGA SIIP', 2, 0.00, 0.00, 0, 5, NULL, 1, '2025-12-26 02:32:21', '2025-12-26 02:32:21', 13),
(28388, 'MAK-2025-247', 'MENTEGA SIMAS', 2, 0.00, 0.00, 0, 5, NULL, 1, '2025-12-26 02:32:21', '2025-12-26 02:32:21', 13),
(28389, 'MAK-2025-248', 'MENTEGA SOVIA 15Kg', 2, 0.00, 0.00, 0, 5, NULL, 1, '2025-12-26 02:32:21', '2025-12-26 02:32:21', 13),
(28390, 'MAK-2025-249', 'MERICA PUTIH KARUNG', 2, 0.00, 0.00, 0, 5, NULL, 1, '2025-12-26 02:32:21', '2025-12-26 02:32:21', 13),
(28391, 'MAK-2025-250', 'MERICAKU ABROFOOD 1000', 2, 0.00, 0.00, 0, 5, NULL, 1, '2025-12-26 02:32:21', '2025-12-26 02:32:21', 10),
(28392, 'MAK-2025-251', 'MERICAKU ABROFOOD 1Kg', 2, 0.00, 0.00, 0, 5, NULL, 1, '2025-12-26 02:32:21', '2025-12-26 02:32:21', 1),
(28393, 'MAK-2025-252', 'MIE 2 PUTRI HALUS', 2, 0.00, 0.00, 0, 5, NULL, 1, '2025-12-26 02:32:21', '2025-12-26 02:32:21', 13),
(28394, 'MAK-2025-253', 'MIE EKOMIE BUMBU KALDU AYAM', 2, 0.00, 0.00, 0, 5, NULL, 1, '2025-12-26 02:32:21', '2025-12-26 02:32:21', 1),
(28395, 'MAK-2025-254', 'MIE EKOMIE GORENG', 2, 0.00, 0.00, 0, 5, NULL, 1, '2025-12-26 02:32:21', '2025-12-26 02:32:21', 1),
(28396, 'MAK-2025-255', 'MIE EKOMIE ISI 6', 2, 0.00, 0.00, 0, 5, NULL, 1, '2025-12-26 02:32:21', '2025-12-26 02:32:21', 1),
(28397, 'MAK-2025-256', 'MIE GELAS AYAM BAWANG', 2, 0.00, 0.00, 0, 5, NULL, 1, '2025-12-26 02:32:21', '2025-12-26 02:32:21', 10),
(28398, 'MAK-2025-257', 'MIE GELAS BAKSO SAPI', 2, 0.00, 0.00, 0, 5, NULL, 1, '2025-12-26 02:32:21', '2025-12-26 02:32:21', 10),
(28399, 'MAK-2025-258', 'MIE GELAS GORENG', 2, 0.00, 0.00, 0, 5, NULL, 1, '2025-12-26 02:32:22', '2025-12-26 02:32:22', 10),
(28400, 'MAK-2025-259', 'MIE GELAS KARI AYAM', 2, 0.00, 0.00, 0, 5, NULL, 1, '2025-12-26 02:32:22', '2025-12-26 02:32:22', 10),
(28401, 'MAK-2025-260', 'MIE GELAS SOP BUNTUT', 2, 0.00, 0.00, 0, 5, NULL, 1, '2025-12-26 02:32:22', '2025-12-26 02:32:22', 10),
(28402, 'MAK-2025-261', 'MIE GELAS SOSIS BBQ', 2, 0.00, 0.00, 0, 5, NULL, 1, '2025-12-26 02:32:22', '2025-12-26 02:32:22', 10),
(28403, 'MAK-2025-262', 'MIE GELAS SOTO AYAM', 2, 0.00, 0.00, 0, 5, NULL, 1, '2025-12-26 02:32:22', '2025-12-26 02:32:22', 10),
(28404, 'MAK-2025-263', 'MIE IFUMI KWETIAU NAGA MERAH', 2, 0.00, 0.00, 0, 5, NULL, 1, '2025-12-26 02:32:22', '2025-12-26 02:32:22', 1),
(28405, 'MAK-2025-264', 'MIE INTERMIE GORENG', 2, 0.00, 0.00, 0, 5, NULL, 1, '2025-12-26 02:32:22', '2025-12-26 02:32:22', 1),
(28406, 'MAK-2025-265', 'MIE INTERMIE KALDU AYAM', 2, 0.00, 0.00, 0, 5, NULL, 1, '2025-12-26 02:32:22', '2025-12-26 02:32:22', 1),
(28407, 'MAK-2025-266', 'MIE KUNING 2 PUTRI', 2, 0.00, 0.00, 0, 5, NULL, 1, '2025-12-26 02:32:22', '2025-12-26 02:32:22', 13),
(28408, 'MAK-2025-267', 'MIE KUNING HALUS', 2, 0.00, 0.00, 0, 5, NULL, 1, '2025-12-26 02:32:22', '2025-12-26 02:32:22', 13),
(28409, 'MAK-2025-268', 'MIE KUNING MATAHARI', 2, 0.00, 0.00, 0, 5, NULL, 1, '2025-12-26 02:32:22', '2025-12-26 02:32:22', 13),
(28410, 'MAK-2025-269', 'MIE KWETIAU KERING', 2, 0.00, 0.00, 0, 5, NULL, 1, '2025-12-26 02:32:22', '2025-12-26 02:32:22', 1),
(28411, 'MAK-2025-270', 'MIE LIDI LONGAN', 2, 0.00, 0.00, 0, 5, NULL, 1, '2025-12-26 02:32:22', '2025-12-26 02:32:22', 13),
(28412, 'MAK-2025-271', 'MIE LIDI SRIKAYA', 2, 0.00, 0.00, 0, 5, NULL, 1, '2025-12-26 02:32:22', '2025-12-26 02:32:22', 13),
(28413, 'MAK-2025-272', 'MIE LOMBOK Pack', 2, 0.00, 0.00, 0, 5, NULL, 1, '2025-12-26 02:32:22', '2025-12-26 02:32:22', 10),
(28414, 'MAK-2025-273', 'MIE PETAK DUA PUTRI', 2, 0.00, 0.00, 0, 5, NULL, 1, '2025-12-26 02:32:22', '2025-12-26 02:32:22', 13),
(28415, 'MAK-2025-274', 'MIE SARIMIE GELAS AYAM PEDAS', 2, 0.00, 0.00, 0, 5, NULL, 1, '2025-12-26 02:32:22', '2025-12-26 02:32:22', 10),
(28416, 'MAK-2025-275', 'MIE SEDAP CUP', 2, 0.00, 0.00, 0, 5, NULL, 1, '2025-12-26 02:32:22', '2025-12-26 02:32:22', 1),
(28417, 'MAK-2025-276', 'MIE SEDAP DEVINA', 2, 0.00, 0.00, 0, 5, NULL, 1, '2025-12-26 02:32:22', '2025-12-26 02:32:22', 1),
(28418, 'MAK-2025-277', 'MIE SEDAP GORENG', 2, 0.00, 0.00, 0, 5, NULL, 1, '2025-12-26 02:32:22', '2025-12-26 02:32:22', 1),
(28419, 'MAK-2025-278', 'MIE SEDAP KARI', 2, 0.00, 0.00, 0, 5, NULL, 1, '2025-12-26 02:32:22', '2025-12-26 02:32:22', 1),
(28420, 'MAK-2025-279', 'MIE SEDAP SOTO', 2, 0.00, 0.00, 0, 5, NULL, 1, '2025-12-26 02:32:22', '2025-12-26 02:32:22', 1),
(28421, 'MAK-2025-280', 'MIE SUKSES ISI 2 ACEH', 2, 0.00, 0.00, 0, 5, NULL, 1, '2025-12-26 02:32:22', '2025-12-26 02:32:22', 1),
(28422, 'MAK-2025-281', 'MIE SUKSES ISI 2 AYAM BAWANG', 2, 0.00, 0.00, 0, 5, NULL, 1, '2025-12-26 02:32:22', '2025-12-26 02:32:22', 1),
(28423, 'MAK-2025-282', 'MIE SUKSES ISI 2 AYAM GEPREK', 2, 0.00, 0.00, 0, 5, NULL, 1, '2025-12-26 02:32:22', '2025-12-26 02:32:22', 1),
(28424, 'MAK-2025-283', 'MIE SUKSES ISI 2 AYAM KECAP', 2, 0.00, 0.00, 0, 5, NULL, 1, '2025-12-26 02:32:22', '2025-12-26 02:32:22', 1),
(28425, 'MAK-2025-284', 'MIE SUKSES ISI 2 AYAM KREMES', 2, 0.00, 0.00, 0, 5, NULL, 1, '2025-12-26 02:32:22', '2025-12-26 02:32:22', 1),
(28426, 'MAK-2025-285', 'MIE SUKSES ISI 2 KARI AYAM', 2, 0.00, 0.00, 0, 5, NULL, 1, '2025-12-26 02:32:22', '2025-12-26 02:32:22', 1),
(28427, 'MAK-2025-286', 'MIE SUKSES ISI 2 RENDANG', 2, 0.00, 0.00, 0, 5, NULL, 1, '2025-12-26 02:32:22', '2025-12-26 02:32:22', 1),
(28428, 'MAK-2025-287', 'MIE SUKSES ISI 2 SOTO', 2, 0.00, 0.00, 0, 5, NULL, 1, '2025-12-26 02:32:22', '2025-12-26 02:32:22', 1),
(28429, 'MAK-2025-288', 'MIE SUPERIOR', 2, 0.00, 0.00, 0, 5, NULL, 1, '2025-12-26 02:32:22', '2025-12-26 02:32:22', 13),
(28430, 'MAK-2025-289', 'MIE SUPERIOR Dus 3.6Kg', 2, 0.00, 0.00, 0, 5, NULL, 1, '2025-12-26 02:32:22', '2025-12-26 02:32:22', 1),
(28431, 'MAK-2025-290', 'MIE TELOR CAP ATOM BULAN', 2, 0.00, 0.00, 0, 5, NULL, 1, '2025-12-26 02:32:22', '2025-12-26 02:32:22', 12),
(28432, 'MAK-2025-291', 'MIE TELUR AA', 2, 0.00, 0.00, 0, 5, NULL, 1, '2025-12-26 02:32:22', '2025-12-26 02:32:22', 12),
(28433, 'MAK-2025-292', 'MIE TELUR CAP 3 AYAM', 2, 0.00, 0.00, 0, 5, NULL, 1, '2025-12-26 02:32:22', '2025-12-26 02:32:22', 1),
(28434, 'MAK-2025-293', 'MIE YAMURA', 2, 0.00, 0.00, 0, 5, NULL, 1, '2025-12-26 02:32:22', '2025-12-26 02:32:22', 13),
(28435, 'PLA-2025-198', 'MIKA 1A', 5, 0.00, 0.00, 0, 5, NULL, 1, '2025-12-26 02:32:22', '2025-12-26 02:32:22', 10),
(28436, 'PLA-2025-199', 'MIKA 2A', 5, 0.00, 0.00, 0, 5, NULL, 1, '2025-12-26 02:32:22', '2025-12-26 02:32:22', 10),
(28437, 'PLA-2025-200', 'MIKA 3A', 5, 0.00, 0.00, 0, 5, NULL, 1, '2025-12-26 02:32:22', '2025-12-26 02:32:22', 10),
(28438, 'PLA-2025-201', 'MIKA 3C', 5, 0.00, 0.00, 0, 5, NULL, 1, '2025-12-26 02:32:22', '2025-12-26 02:32:22', 10),
(28439, 'PLA-2025-202', 'MIKA 3X', 5, 0.00, 0.00, 0, 5, NULL, 1, '2025-12-26 02:32:22', '2025-12-26 02:32:22', 10),
(28440, 'PLA-2025-203', 'MIKA 4', 5, 0.00, 0.00, 0, 5, NULL, 1, '2025-12-26 02:32:22', '2025-12-26 02:32:22', 10),
(28441, 'PLA-2025-204', 'MIKA 4A', 5, 0.00, 0.00, 0, 5, NULL, 1, '2025-12-26 02:32:22', '2025-12-26 02:32:22', 10),
(28442, 'PLA-2025-205', 'MIKA 4C', 5, 0.00, 0.00, 0, 5, NULL, 1, '2025-12-26 02:32:22', '2025-12-26 02:32:22', 10),
(28443, 'PLA-2025-206', 'MIKA 5', 5, 0.00, 0.00, 0, 5, NULL, 1, '2025-12-26 02:32:22', '2025-12-26 02:32:22', 10),
(28444, 'PLA-2025-207', 'MIKA 5A', 5, 0.00, 0.00, 0, 5, NULL, 1, '2025-12-26 02:32:22', '2025-12-26 02:32:22', 10),
(28445, 'PLA-2025-208', 'MIKA 5X', 5, 0.00, 0.00, 0, 5, NULL, 1, '2025-12-26 02:32:22', '2025-12-26 02:32:22', 10),
(28446, 'PLA-2025-209', 'MIKA 6', 5, 0.00, 0.00, 0, 5, NULL, 1, '2025-12-26 02:32:22', '2025-12-26 02:32:22', 10),
(28447, 'PLA-2025-210', 'MIKA 6A', 5, 0.00, 0.00, 0, 5, NULL, 1, '2025-12-26 02:32:22', '2025-12-26 02:32:22', 10),
(28448, 'PLA-2025-211', 'MIKA 6X', 5, 0.00, 0.00, 0, 5, NULL, 1, '2025-12-26 02:32:22', '2025-12-26 02:32:22', 10),
(28449, 'PLA-2025-212', 'MIKA 7C', 5, 0.00, 0.00, 0, 5, NULL, 1, '2025-12-26 02:32:22', '2025-12-26 02:32:22', 10),
(28450, 'PLA-2025-213', 'MIKA B18', 5, 0.00, 0.00, 0, 5, NULL, 1, '2025-12-26 02:32:22', '2025-12-26 02:32:22', 10),
(28451, 'PLA-2025-214', 'MIKA B20', 5, 0.00, 0.00, 0, 5, NULL, 1, '2025-12-26 02:32:22', '2025-12-26 02:32:22', 10),
(28452, 'PLA-2025-215', 'MIKA B22', 5, 0.00, 0.00, 0, 5, NULL, 1, '2025-12-26 02:32:22', '2025-12-26 02:32:22', 10),
(28453, 'PLA-2025-216', 'MIKA B25', 5, 0.00, 0.00, 0, 5, NULL, 1, '2025-12-26 02:32:22', '2025-12-26 02:32:22', 10),
(28454, 'PLA-2025-217', 'MIKA BENTO', 5, 0.00, 0.00, 0, 5, NULL, 1, '2025-12-26 02:32:22', '2025-12-26 02:32:22', 10),
(28455, 'PLA-2025-218', 'MIKA BROWNIES S', 5, 0.00, 0.00, 0, 5, NULL, 1, '2025-12-26 02:32:22', '2025-12-26 02:32:22', 10),
(28456, 'PLA-2025-219', 'MIKA BROWNIS UKURAN L', 5, 0.00, 0.00, 0, 5, NULL, 1, '2025-12-26 02:32:22', '2025-12-26 02:32:22', 10),
(28457, 'PLA-2025-220', 'MIKA BROWNIS UKURAN M', 5, 0.00, 0.00, 0, 5, NULL, 1, '2025-12-26 02:32:22', '2025-12-26 02:32:22', 10),
(28458, 'PLA-2025-221', 'MIKA GX 4', 5, 0.00, 0.00, 0, 5, NULL, 1, '2025-12-26 02:32:22', '2025-12-26 02:32:22', 10),
(28459, 'PLA-2025-222', 'MIKA GX HB', 5, 0.00, 0.00, 0, 5, NULL, 1, '2025-12-26 02:32:22', '2025-12-26 02:32:22', 10),
(28460, 'PLA-2025-223', 'MIKA GX-3', 5, 0.00, 0.00, 0, 5, NULL, 1, '2025-12-26 02:32:22', '2025-12-26 02:32:22', 10),
(28461, 'PLA-2025-224', 'MIKA GX-5', 5, 0.00, 0.00, 0, 5, NULL, 1, '2025-12-26 02:32:22', '2025-12-26 02:32:22', 10),
(28462, 'PLA-2025-225', 'MIKA GX-7C', 5, 0.00, 0.00, 0, 5, NULL, 1, '2025-12-26 02:32:23', '2025-12-26 02:32:23', 10),
(28463, 'PLA-2025-226', 'MIKA LUX BROWNIS L', 5, 0.00, 0.00, 0, 5, NULL, 1, '2025-12-26 02:32:23', '2025-12-26 02:32:23', 10),
(28464, 'PLA-2025-227', 'MIKA RASA SAYANG TIPE 2', 5, 0.00, 0.00, 0, 5, NULL, 1, '2025-12-26 02:32:23', '2025-12-26 02:32:23', 10),
(28465, 'PLA-2025-228', 'MIKA RASA SAYANG TIPE 5', 5, 0.00, 0.00, 0, 5, NULL, 1, '2025-12-26 02:32:23', '2025-12-26 02:32:23', 10),
(28466, 'PLA-2025-229', 'MIKA RASA SAYANG TIPE 6', 5, 0.00, 0.00, 0, 5, NULL, 1, '2025-12-26 02:32:23', '2025-12-26 02:32:23', 10),
(28467, 'PLA-2025-230', 'MIKA VIP 2', 5, 0.00, 0.00, 0, 5, NULL, 1, '2025-12-26 02:32:23', '2025-12-26 02:32:23', 10),
(28468, 'PLA-2025-231', 'MIKA VIP 22 SIFON', 5, 0.00, 0.00, 0, 5, NULL, 1, '2025-12-26 02:32:23', '2025-12-26 02:32:23', 10),
(28469, 'PLA-2025-232', 'MIKA VIP 6 GS', 5, 0.00, 0.00, 0, 5, NULL, 1, '2025-12-26 02:32:23', '2025-12-26 02:32:23', 10),
(28470, 'PLA-2025-233', 'MIKA VIP 6X', 5, 0.00, 0.00, 0, 5, NULL, 1, '2025-12-26 02:32:23', '2025-12-26 02:32:23', 10),
(28471, 'PLA-2025-234', 'MIKA VX 3 GS', 5, 0.00, 0.00, 0, 5, NULL, 1, '2025-12-26 02:32:23', '2025-12-26 02:32:23', 10),
(28472, 'PLA-2025-235', 'MIKA VX 5 GS', 5, 0.00, 0.00, 0, 5, NULL, 1, '2025-12-26 02:32:23', '2025-12-26 02:32:23', 10),
(28473, 'PLA-2025-236', 'MIKA VX JUMBO', 5, 0.00, 0.00, 0, 5, NULL, 1, '2025-12-26 02:32:23', '2025-12-26 02:32:23', 10),
(28474, 'MIN-2025-76', 'MILKU', 3, 0.00, 0.00, 0, 5, NULL, 1, '2025-12-26 02:32:23', '2025-12-26 02:32:23', 1),
(28475, 'MIN-2025-77', 'MILO ACTIVE - GO', 3, 0.00, 0.00, 0, 5, NULL, 1, '2025-12-26 02:32:23', '2025-12-26 02:32:23', 10),
(28476, 'MAK-2025-294', 'MINYAK AICHA 0,9 LITER', 2, 0.00, 0.00, 0, 5, NULL, 1, '2025-12-26 02:32:23', '2025-12-26 02:32:23', 1),
(28477, 'MAK-2025-295', 'MINYAK CURAH', 2, 0.00, 0.00, 0, 5, NULL, 1, '2025-12-26 02:32:23', '2025-12-26 02:32:23', 13),
(28478, 'MAK-2025-296', 'MINYAK KITA 1L POUCH', 2, 0.00, 0.00, 0, 5, NULL, 1, '2025-12-26 02:32:23', '2025-12-26 02:32:23', 1),
(28479, 'MAK-2025-297', 'MINYAK KITA 2L POUCH', 2, 0.00, 0.00, 0, 5, NULL, 1, '2025-12-26 02:32:23', '2025-12-26 02:32:23', 1),
(28480, 'MAK-2025-298', 'MINYAK KITA BANTAL 1L', 2, 0.00, 0.00, 0, 5, NULL, 1, '2025-12-26 02:32:23', '2025-12-26 02:32:23', 1),
(28481, 'MAK-2025-299', 'MINYAK KITA BOTOL 1L', 2, 0.00, 0.00, 0, 5, NULL, 1, '2025-12-26 02:32:23', '2025-12-26 02:32:23', 11),
(28482, 'MAK-2025-300', 'MINYAK KITA BOTOL 2L', 2, 0.00, 0.00, 0, 5, NULL, 1, '2025-12-26 02:32:23', '2025-12-26 02:32:23', 11),
(28483, 'MAK-2025-301', 'MINYAK KUALI', 2, 0.00, 0.00, 0, 5, NULL, 1, '2025-12-26 02:32:23', '2025-12-26 02:32:23', 1),
(28484, 'MAK-2025-302', 'MINYAK MISO CAP AYAM', 2, 0.00, 0.00, 0, 5, NULL, 1, '2025-12-26 02:32:23', '2025-12-26 02:32:23', 1),
(28485, 'MAK-2025-303', 'MINYAK MITRA 1L', 2, 0.00, 0.00, 0, 5, NULL, 1, '2025-12-26 02:32:23', '2025-12-26 02:32:23', 1),
(28486, 'MAK-2025-304', 'MINYAK MITRA 2L', 2, 0.00, 0.00, 0, 5, NULL, 1, '2025-12-26 02:32:23', '2025-12-26 02:32:23', 1),
(28487, 'MAK-2025-305', 'MINYAK SAITON 200ML', 2, 0.00, 0.00, 0, 5, NULL, 1, '2025-12-26 02:32:23', '2025-12-26 02:32:23', 11),
(28488, 'MAK-2025-306', 'MINYAK SAITON 750ML', 2, 0.00, 0.00, 0, 5, NULL, 1, '2025-12-26 02:32:23', '2025-12-26 02:32:23', 11),
(28489, 'MAK-2025-307', 'MINYAK SARI MURNI 1L', 2, 0.00, 0.00, 0, 5, NULL, 1, '2025-12-26 02:32:23', '2025-12-26 02:32:23', 1),
(28490, 'MAK-2025-308', 'MINYAK SARI MURNI 2L', 2, 0.00, 0.00, 0, 5, NULL, 1, '2025-12-26 02:32:23', '2025-12-26 02:32:23', 1),
(28491, 'MAK-2025-309', 'MINYAK SOVIA', 2, 0.00, 0.00, 0, 5, NULL, 1, '2025-12-26 02:32:23', '2025-12-26 02:32:23', 1),
(28492, 'MAK-2025-310', 'MINYAK SUNCO', 2, 0.00, 0.00, 0, 5, NULL, 1, '2025-12-26 02:32:23', '2025-12-26 02:32:23', 1),
(28493, 'MAK-2025-311', 'MINYAK WIJEN 600ML', 2, 0.00, 0.00, 0, 5, NULL, 1, '2025-12-26 02:32:23', '2025-12-26 02:32:23', 11),
(28494, 'MAK-2025-312', 'MISES COKLAT 168', 2, 0.00, 0.00, 0, 5, NULL, 1, '2025-12-26 02:32:23', '2025-12-26 02:32:23', 13),
(28495, 'MAK-2025-313', 'MISES COKLAT PLAZA', 2, 0.00, 0.00, 0, 5, NULL, 1, '2025-12-26 02:32:23', '2025-12-26 02:32:23', 13),
(28496, 'MAK-2025-314', 'MISES HATARI', 2, 0.00, 0.00, 0, 5, NULL, 1, '2025-12-26 02:32:23', '2025-12-26 02:32:23', 13),
(28497, 'MAK-2025-315', 'MISES SERIBU BINTANG', 2, 0.00, 0.00, 0, 5, NULL, 1, '2025-12-26 02:32:23', '2025-12-26 02:32:23', 13),
(28498, 'MAK-2025-316', 'MISES WARNA WARNI', 2, 0.00, 0.00, 0, 5, NULL, 1, '2025-12-26 02:32:23', '2025-12-26 02:32:23', 13),
(28499, 'PLA-2025-237', 'MOKO MOKO XL', 5, 0.00, 0.00, 0, 5, NULL, 1, '2025-12-26 02:32:23', '2025-12-26 02:32:23', 1),
(28500, 'PLA-2025-238', 'MONTIS SOFT PACK 250S', 5, 0.00, 0.00, 0, 5, NULL, 1, '2025-12-26 02:32:23', '2025-12-26 02:32:23', 1),
(28501, 'MAK-2025-317', 'MY CHIZ', 2, 0.00, 0.00, 0, 5, NULL, 1, '2025-12-26 02:32:23', '2025-12-26 02:32:23', 1),
(28502, 'MAK-2025-318', 'NATRIUM BENZOATE', 2, 0.00, 0.00, 0, 5, NULL, 1, '2025-12-26 02:32:23', '2025-12-26 02:32:23', 13),
(28503, 'PLA-2025-239', 'NICE FACIAL SOFT PACK', 5, 0.00, 0.00, 0, 5, NULL, 1, '2025-12-26 02:32:23', '2025-12-26 02:32:23', 1),
(28504, 'MAK-2025-319', 'NUTRIJEL ANGGUR', 2, 0.00, 0.00, 0, 5, NULL, 1, '2025-12-26 02:32:23', '2025-12-26 02:32:23', 1),
(28505, 'MAK-2025-320', 'NUTRIJEL BalANCE COLOUR BLUE', 2, 0.00, 0.00, 0, 5, NULL, 1, '2025-12-26 02:32:23', '2025-12-26 02:32:23', 1),
(28506, 'MAK-2025-321', 'NUTRIJEL BalANCE COLOUR DELI', 2, 0.00, 0.00, 0, 5, NULL, 1, '2025-12-26 02:32:23', '2025-12-26 02:32:23', 1),
(28507, 'MAK-2025-322', 'NUTRIJEL BLACKCURRENT', 2, 0.00, 0.00, 0, 5, NULL, 1, '2025-12-26 02:32:23', '2025-12-26 02:32:23', 1),
(28508, 'MAK-2025-323', 'NUTRIJEL CINCAU HITAM', 2, 0.00, 0.00, 0, 5, NULL, 1, '2025-12-26 02:32:23', '2025-12-26 02:32:23', 1),
(28509, 'MAK-2025-324', 'NUTRIJEL COKLAT', 2, 0.00, 0.00, 0, 5, NULL, 1, '2025-12-26 02:32:23', '2025-12-26 02:32:23', 1),
(28510, 'MAK-2025-325', 'NUTRIJEL DELIMA', 2, 0.00, 0.00, 0, 5, NULL, 1, '2025-12-26 02:32:23', '2025-12-26 02:32:23', 1),
(28511, 'MAK-2025-326', 'NUTRIJEL GUAVA', 2, 0.00, 0.00, 0, 5, NULL, 1, '2025-12-26 02:32:23', '2025-12-26 02:32:23', 1),
(28512, 'MAK-2025-327', 'NUTRIJEL JERUK', 2, 0.00, 0.00, 0, 5, NULL, 1, '2025-12-26 02:32:23', '2025-12-26 02:32:23', 1),
(28513, 'MAK-2025-328', 'NUTRIJEL KELAPA MUDA', 2, 0.00, 0.00, 0, 5, NULL, 1, '2025-12-26 02:32:23', '2025-12-26 02:32:23', 1),
(28514, 'MAK-2025-329', 'NUTRIJEL KURMA', 2, 0.00, 0.00, 0, 5, NULL, 1, '2025-12-26 02:32:23', '2025-12-26 02:32:23', 1),
(28515, 'MAK-2025-330', 'NUTRIJEL LECI', 2, 0.00, 0.00, 0, 5, NULL, 1, '2025-12-26 02:32:23', '2025-12-26 02:32:23', 1),
(28516, 'MAK-2025-331', 'NUTRIJEL LYCHEE', 2, 0.00, 0.00, 0, 5, NULL, 1, '2025-12-26 02:32:23', '2025-12-26 02:32:23', 1),
(28517, 'MAK-2025-332', 'NUTRIJEL MANGGA', 2, 0.00, 0.00, 0, 5, NULL, 1, '2025-12-26 02:32:23', '2025-12-26 02:32:23', 1),
(28518, 'MAK-2025-333', 'NUTRIJEL MELON', 2, 0.00, 0.00, 0, 5, NULL, 1, '2025-12-26 02:32:23', '2025-12-26 02:32:23', 1),
(28519, 'MAK-2025-334', 'NUTRIJEL PLAIN', 2, 0.00, 0.00, 0, 5, NULL, 1, '2025-12-26 02:32:23', '2025-12-26 02:32:23', 1),
(28520, 'MAK-2025-335', 'NUTRIJEL STRAWBERRY', 2, 0.00, 0.00, 0, 5, NULL, 1, '2025-12-26 02:32:23', '2025-12-26 02:32:23', 1),
(28521, 'MAK-2025-336', 'NUTRIJEL YOGHURT STRAWBERRY', 2, 0.00, 0.00, 0, 5, NULL, 1, '2025-12-26 02:32:23', '2025-12-26 02:32:23', 1),
(28522, 'MIN-2025-78', 'NUTRISARI AMERICAN SWEET ORANGE', 3, 0.00, 0.00, 0, 5, NULL, 1, '2025-12-26 02:32:23', '2025-12-26 02:32:23', 10),
(28523, 'MIN-2025-79', 'NUTRISARI ANGGUR', 3, 0.00, 0.00, 0, 5, NULL, 1, '2025-12-26 02:32:23', '2025-12-26 02:32:23', 10),
(28524, 'MIN-2025-80', 'NUTRISARI BLEWAH', 3, 0.00, 0.00, 0, 5, NULL, 1, '2025-12-26 02:32:23', '2025-12-26 02:32:23', 10),
(28525, 'MIN-2025-81', 'NUTRISARI JERUK EXTRA', 3, 0.00, 0.00, 0, 5, NULL, 1, '2025-12-26 02:32:23', '2025-12-26 02:32:23', 10),
(28526, 'MIN-2025-82', 'NUTRISARI JERUK NIPIS', 3, 0.00, 0.00, 0, 5, NULL, 1, '2025-12-26 02:32:23', '2025-12-26 02:32:23', 10),
(28527, 'MIN-2025-83', 'NUTRISARI JERUK PERAS', 3, 0.00, 0.00, 0, 5, NULL, 1, '2025-12-26 02:32:24', '2025-12-26 02:32:24', 10),
(28528, 'MIN-2025-84', 'NUTRISARI LECI TEA', 3, 0.00, 0.00, 0, 5, NULL, 1, '2025-12-26 02:32:24', '2025-12-26 02:32:24', 10),
(28529, 'MIN-2025-85', 'NUTRISARI LEMON TEA', 3, 0.00, 0.00, 0, 5, NULL, 1, '2025-12-26 02:32:24', '2025-12-26 02:32:24', 10),
(28530, 'MIN-2025-86', 'NUTRISARI MANGGA', 3, 0.00, 0.00, 0, 5, NULL, 1, '2025-12-26 02:32:24', '2025-12-26 02:32:24', 10),
(28531, 'MIN-2025-87', 'NUTRISARI MILKY ORANGE', 3, 0.00, 0.00, 0, 5, NULL, 1, '2025-12-26 02:32:24', '2025-12-26 02:32:24', 10),
(28532, 'MIN-2025-88', 'NUTRISARI SWEET  MANGGO', 3, 0.00, 0.00, 0, 5, NULL, 1, '2025-12-26 02:32:24', '2025-12-26 02:32:24', 10),
(28533, 'PLA-2025-240', 'OKEY PAPER BOWL 500ML', 5, 0.00, 0.00, 0, 5, NULL, 1, '2025-12-26 02:32:24', '2025-12-26 02:32:24', 10),
(28534, 'PLA-2025-241', 'OKEY PAPER BOWL 600ML', 5, 0.00, 0.00, 0, 5, NULL, 1, '2025-12-26 02:32:24', '2025-12-26 02:32:24', 10),
(28535, 'MAK-2025-337', 'PALA BUBUK', 2, 0.00, 0.00, 0, 5, NULL, 1, '2025-12-26 02:32:24', '2025-12-26 02:32:24', 10),
(28536, 'MAK-2025-338', 'PALM SUKER PIDO 250', 2, 0.00, 0.00, 0, 5, NULL, 1, '2025-12-26 02:32:24', '2025-12-26 02:32:24', 1),
(28537, 'PLA-2025-242', 'PAMPERS MOKO MOKO L', 5, 0.00, 0.00, 0, 5, NULL, 1, '2025-12-26 02:32:24', '2025-12-26 02:32:24', 1),
(28538, 'MAK-2025-339', 'PANIR', 2, 0.00, 0.00, 0, 5, NULL, 1, '2025-12-26 02:32:24', '2025-12-26 02:32:24', 13),
(28539, 'MAK-2025-340', 'PANIR LASKAR', 2, 0.00, 0.00, 0, 5, NULL, 1, '2025-12-26 02:32:24', '2025-12-26 02:32:24', 13),
(28540, 'MAK-2025-341', 'PANIR PUTIH', 2, 0.00, 0.00, 0, 5, NULL, 1, '2025-12-26 02:32:24', '2025-12-26 02:32:24', 13),
(28541, 'PLA-2025-243', 'Pcs GS 12X12', 5, 0.00, 0.00, 0, 5, NULL, 1, '2025-12-26 02:32:24', '2025-12-26 02:32:24', 10),
(28542, 'PLA-2025-244', 'PE ES 3 X18', 5, 0.00, 0.00, 0, 5, NULL, 1, '2025-12-26 02:32:24', '2025-12-26 02:32:24', 13),
(28543, 'PLA-2025-245', 'PE ES 4 X18', 5, 0.00, 0.00, 0, 5, NULL, 1, '2025-12-26 02:32:24', '2025-12-26 02:32:24', 13),
(28544, 'MAK-2025-342', 'PEMANIS RAJA TAWON 1Kg', 2, 0.00, 0.00, 0, 5, NULL, 1, '2025-12-26 02:32:24', '2025-12-26 02:32:24', 1),
(28545, 'MAK-2025-343', 'PEMANIS RAJA TAWON 40GR', 2, 0.00, 0.00, 0, 5, NULL, 1, '2025-12-26 02:32:24', '2025-12-26 02:32:24', 10),
(28546, 'SAB-2025-10', 'PEPSODENT 120GR', 6, 0.00, 0.00, 0, 5, NULL, 1, '2025-12-26 02:32:24', '2025-12-26 02:32:24', 1),
(28547, 'SAB-2025-11', 'PEPSODENT 190GR', 6, 0.00, 0.00, 0, 5, NULL, 1, '2025-12-26 02:32:24', '2025-12-26 02:32:24', 5),
(28548, 'SAB-2025-12', 'PEPSODENT 75GR', 6, 0.00, 0.00, 0, 5, NULL, 1, '2025-12-26 02:32:24', '2025-12-26 02:32:24', 1),
(28549, 'SAB-2025-13', 'PEWANGI ROYAL', 6, 0.00, 0.00, 0, 5, NULL, 1, '2025-12-26 02:32:24', '2025-12-26 02:32:24', 10),
(28550, 'MAK-2025-344', 'PEWARNA BATANG', 2, 0.00, 0.00, 0, 5, NULL, 1, '2025-12-26 02:32:24', '2025-12-26 02:32:24', 1),
(28551, 'MAK-2025-345', 'PEWARNA KUPU - KUPU', 2, 0.00, 0.00, 0, 5, NULL, 1, '2025-12-26 02:32:24', '2025-12-26 02:32:24', 1),
(28552, 'PLA-2025-246', 'PIPET BENGKOK', 5, 0.00, 0.00, 0, 5, NULL, 1, '2025-12-26 02:32:24', '2025-12-26 02:32:24', 10),
(28553, 'PLA-2025-247', 'PIPET BIASA', 5, 0.00, 0.00, 0, 5, NULL, 1, '2025-12-26 02:32:24', '2025-12-26 02:32:24', 10),
(28554, 'PLA-2025-248', 'PIPET BOBA', 5, 0.00, 0.00, 0, 5, NULL, 1, '2025-12-26 02:32:24', '2025-12-26 02:32:24', 10),
(28555, 'PLA-2025-249', 'PIPET BOBA STERIL', 5, 0.00, 0.00, 0, 5, NULL, 1, '2025-12-26 02:32:24', '2025-12-26 02:32:24', 10),
(28556, 'PLA-2025-250', 'PIPET BOBA STERIL HITAM', 5, 0.00, 0.00, 0, 5, NULL, 1, '2025-12-26 02:32:24', '2025-12-26 02:32:24', 5),
(28557, 'PLA-2025-251', 'PIPET BOBA WARNA WARNI', 5, 0.00, 0.00, 0, 5, NULL, 1, '2025-12-26 02:32:24', '2025-12-26 02:32:24', 10),
(28558, 'PLA-2025-252', 'PIPET DEWI WARNA', 5, 0.00, 0.00, 0, 5, NULL, 1, '2025-12-26 02:32:24', '2025-12-26 02:32:24', 10),
(28559, 'PLA-2025-253', 'PIPET FLEKSIBEL HITAM', 5, 0.00, 0.00, 0, 5, NULL, 1, '2025-12-26 02:32:24', '2025-12-26 02:32:24', 10),
(28560, 'PLA-2025-254', 'PIPET KUDA LAUT', 5, 0.00, 0.00, 0, 5, NULL, 1, '2025-12-26 02:32:24', '2025-12-26 02:32:24', 10),
(28561, 'PLA-2025-255', 'PIPET LURUS CAP LOLIPOP', 5, 0.00, 0.00, 0, 5, NULL, 1, '2025-12-26 02:32:24', '2025-12-26 02:32:24', 10),
(28562, 'PLA-2025-256', 'PIPET LURUS M PLAS', 5, 0.00, 0.00, 0, 5, NULL, 1, '2025-12-26 02:32:24', '2025-12-26 02:32:24', 10),
(28563, 'PLA-2025-257', 'PIPET NANAS', 5, 0.00, 0.00, 0, 5, NULL, 1, '2025-12-26 02:32:24', '2025-12-26 02:32:24', 10),
(28564, 'PLA-2025-258', 'PIPET POP ICE', 5, 0.00, 0.00, 0, 5, NULL, 1, '2025-12-26 02:32:24', '2025-12-26 02:32:24', 10),
(28565, 'PLA-2025-259', 'PIPET STERIL BIASA', 5, 0.00, 0.00, 0, 5, NULL, 1, '2025-12-26 02:32:24', '2025-12-26 02:32:24', 10),
(28566, 'PLA-2025-260', 'PIRING EMAS KERTAS', 5, 0.00, 0.00, 0, 5, NULL, 1, '2025-12-26 02:32:24', '2025-12-26 02:32:24', 10),
(28567, 'PLA-2025-261', 'Plastik  PE 35X55', 5, 0.00, 0.00, 0, 5, NULL, 1, '2025-12-26 02:32:24', '2025-12-26 02:32:24', 16),
(28568, 'PLA-2025-262', 'Plastik BAWANG 17X10', 5, 0.00, 0.00, 0, 5, NULL, 1, '2025-12-26 02:32:24', '2025-12-26 02:32:24', 6),
(28569, 'PLA-2025-263', 'Plastik ES 4,5X 20', 5, 0.00, 0.00, 0, 5, NULL, 1, '2025-12-26 02:32:24', '2025-12-26 02:32:24', 13),
(28570, 'PLA-2025-264', 'Plastik ES 4X18', 5, 0.00, 0.00, 0, 5, NULL, 1, '2025-12-26 02:32:24', '2025-12-26 02:32:24', 6),
(28571, 'PLA-2025-265', 'Plastik HD 10X17', 5, 0.00, 0.00, 0, 5, NULL, 1, '2025-12-26 02:32:24', '2025-12-26 02:32:24', 13),
(28572, 'PLA-2025-266', 'Plastik HD 12X22', 5, 0.00, 0.00, 0, 5, NULL, 1, '2025-12-26 02:32:24', '2025-12-26 02:32:24', 6),
(28573, 'PLA-2025-267', 'Plastik HD 13X21', 5, 0.00, 0.00, 0, 5, NULL, 1, '2025-12-26 02:32:24', '2025-12-26 02:32:24', 16),
(28574, 'PLA-2025-268', 'Plastik HD 14X28', 5, 0.00, 0.00, 0, 5, NULL, 1, '2025-12-26 02:32:24', '2025-12-26 02:32:24', 16),
(28575, 'PLA-2025-269', 'Plastik HD 20X30', 5, 0.00, 0.00, 0, 5, NULL, 1, '2025-12-26 02:32:24', '2025-12-26 02:32:24', 16),
(28576, 'PLA-2025-270', 'Plastik HD CAP ZEBRA 27X37', 5, 0.00, 0.00, 0, 5, NULL, 1, '2025-12-26 02:32:24', '2025-12-26 02:32:24', 16),
(28577, 'PLA-2025-271', 'Plastik HD IDOLA 10X17', 5, 0.00, 0.00, 0, 5, NULL, 1, '2025-12-26 02:32:24', '2025-12-26 02:32:24', 15),
(28578, 'PLA-2025-272', 'Plastik HD IDOLA 11X22', 5, 0.00, 0.00, 0, 5, NULL, 1, '2025-12-26 02:32:24', '2025-12-26 02:32:24', 16),
(28579, 'PLA-2025-273', 'Plastik HD IDOLA 13X21', 5, 0.00, 0.00, 0, 5, NULL, 1, '2025-12-26 02:32:24', '2025-12-26 02:32:24', 13),
(28580, 'PLA-2025-274', 'Plastik HD IDOLA 15X27', 5, 0.00, 0.00, 0, 5, NULL, 1, '2025-12-26 02:32:24', '2025-12-26 02:32:24', 16),
(28581, 'PLA-2025-275', 'Plastik HD IDOLA 20X30', 5, 0.00, 0.00, 0, 5, NULL, 1, '2025-12-26 02:32:24', '2025-12-26 02:32:24', 16),
(28582, 'PLA-2025-276', 'Plastik HD KELINCI 16X34', 5, 0.00, 0.00, 0, 5, NULL, 1, '2025-12-26 02:32:24', '2025-12-26 02:32:24', 16),
(28583, 'PLA-2025-277', 'Plastik HD KELINCI 18X34', 5, 0.00, 0.00, 0, 5, NULL, 1, '2025-12-26 02:32:25', '2025-12-26 02:32:25', 16),
(28584, 'PLA-2025-278', 'Plastik IDOLA 1 GELAS', 5, 0.00, 0.00, 0, 5, NULL, 1, '2025-12-26 02:32:25', '2025-12-26 02:32:25', 6),
(28585, 'PLA-2025-279', 'Plastik KLIP TAPE 6X10', 5, 0.00, 0.00, 0, 5, NULL, 1, '2025-12-26 02:32:25', '2025-12-26 02:32:25', 10),
(28586, 'PLA-2025-280', 'Plastik KLIP TAPE 7X10', 5, 0.00, 0.00, 0, 5, NULL, 1, '2025-12-26 02:32:25', '2025-12-26 02:32:25', 10),
(28587, 'PLA-2025-281', 'Plastik KLIP TAPE 8,7X13', 5, 0.00, 0.00, 0, 5, NULL, 1, '2025-12-26 02:32:25', '2025-12-26 02:32:25', 10),
(28588, 'PLA-2025-282', 'Plastik KLIP TAPE 8X12', 5, 0.00, 0.00, 0, 5, NULL, 1, '2025-12-26 02:32:25', '2025-12-26 02:32:25', 10),
(28589, 'PLA-2025-283', 'Plastik PE 10X17', 5, 0.00, 0.00, 0, 5, NULL, 1, '2025-12-26 02:32:25', '2025-12-26 02:32:25', 15),
(28590, 'PLA-2025-284', 'Plastik PE 11X22', 5, 0.00, 0.00, 0, 5, NULL, 1, '2025-12-26 02:32:25', '2025-12-26 02:32:25', 13),
(28591, 'PLA-2025-285', 'Plastik PE 12X22', 5, 0.00, 0.00, 0, 5, NULL, 1, '2025-12-26 02:32:25', '2025-12-26 02:32:25', 15),
(28592, 'PLA-2025-286', 'Plastik PE 13X21', 5, 0.00, 0.00, 0, 5, NULL, 1, '2025-12-26 02:32:25', '2025-12-26 02:32:25', 15),
(28593, 'PLA-2025-287', 'Plastik PE 14X28', 5, 0.00, 0.00, 0, 5, NULL, 1, '2025-12-26 02:32:25', '2025-12-26 02:32:25', 15),
(28594, 'PLA-2025-288', 'Plastik PE 15X27', 5, 0.00, 0.00, 0, 5, NULL, 1, '2025-12-26 02:32:25', '2025-12-26 02:32:25', 16),
(28595, 'PLA-2025-289', 'Plastik PE 16X34', 5, 0.00, 0.00, 0, 5, NULL, 1, '2025-12-26 02:32:25', '2025-12-26 02:32:25', 15),
(28596, 'PLA-2025-290', 'Plastik PE 18X27', 5, 0.00, 0.00, 0, 5, NULL, 1, '2025-12-26 02:32:25', '2025-12-26 02:32:25', 15),
(28597, 'PLA-2025-291', 'Plastik PE 18X34', 5, 0.00, 0.00, 0, 5, NULL, 1, '2025-12-26 02:32:25', '2025-12-26 02:32:25', 15),
(28598, 'PLA-2025-292', 'Plastik PE 20X30', 5, 0.00, 0.00, 0, 5, NULL, 1, '2025-12-26 02:32:25', '2025-12-26 02:32:25', 16),
(28599, 'PLA-2025-293', 'Plastik PE 23X45', 5, 0.00, 0.00, 0, 5, NULL, 1, '2025-12-26 02:32:25', '2025-12-26 02:32:25', 15),
(28600, 'PLA-2025-294', 'Plastik PE 26X45', 5, 0.00, 0.00, 0, 5, NULL, 1, '2025-12-26 02:32:25', '2025-12-26 02:32:25', 15),
(28601, 'PLA-2025-295', 'Plastik PE 40X60', 5, 0.00, 0.00, 0, 5, NULL, 1, '2025-12-26 02:32:25', '2025-12-26 02:32:25', 15),
(28602, 'PLA-2025-296', 'Plastik PE 50X75', 5, 0.00, 0.00, 0, 5, NULL, 1, '2025-12-26 02:32:25', '2025-12-26 02:32:25', 15),
(28603, 'PLA-2025-297', 'Plastik PE 60X100', 5, 0.00, 0.00, 0, 5, NULL, 1, '2025-12-26 02:32:25', '2025-12-26 02:32:25', 13),
(28604, 'PLA-2025-298', 'Plastik PE HITAM 1,2', 5, 0.00, 0.00, 0, 5, NULL, 1, '2025-12-26 02:32:25', '2025-12-26 02:32:25', 21),
(28605, 'PLA-2025-299', 'Plastik PE PUTIH 1,2', 5, 0.00, 0.00, 0, 5, NULL, 1, '2025-12-26 02:32:25', '2025-12-26 02:32:25', 21),
(28606, 'PLA-2025-300', 'Plastik PESONA LEBAR 80', 5, 0.00, 0.00, 0, 5, NULL, 1, '2025-12-26 02:32:25', '2025-12-26 02:32:25', 21),
(28607, 'PLA-2025-301', 'Plastik PP 10X15', 5, 0.00, 0.00, 0, 5, NULL, 1, '2025-12-26 02:32:25', '2025-12-26 02:32:25', 6),
(28608, 'PLA-2025-302', 'Plastik PP 10X17', 5, 0.00, 0.00, 0, 5, NULL, 1, '2025-12-26 02:32:25', '2025-12-26 02:32:25', 1),
(28609, 'PLA-2025-303', 'Plastik PP 10X20', 5, 0.00, 0.00, 0, 5, NULL, 1, '2025-12-26 02:32:25', '2025-12-26 02:32:25', 5),
(28610, 'PLA-2025-304', 'Plastik PP 12X15', 5, 0.00, 0.00, 0, 5, NULL, 1, '2025-12-26 02:32:25', '2025-12-26 02:32:25', 6),
(28611, 'PLA-2025-305', 'Plastik PP 13X21', 5, 0.00, 0.00, 0, 5, NULL, 1, '2025-12-26 02:32:25', '2025-12-26 02:32:25', 13),
(28612, 'PLA-2025-306', 'Plastik PP 14X28', 5, 0.00, 0.00, 0, 5, NULL, 1, '2025-12-26 02:32:25', '2025-12-26 02:32:25', 13),
(28613, 'PLA-2025-307', 'Plastik PP 15X27', 5, 0.00, 0.00, 0, 5, NULL, 1, '2025-12-26 02:32:25', '2025-12-26 02:32:25', 13),
(28614, 'PLA-2025-308', 'Plastik PP 16X34', 5, 0.00, 0.00, 0, 5, NULL, 1, '2025-12-26 02:32:25', '2025-12-26 02:32:25', 6),
(28615, 'PLA-2025-309', 'Plastik PP 18X34', 5, 0.00, 0.00, 0, 5, NULL, 1, '2025-12-26 02:32:25', '2025-12-26 02:32:25', 1),
(28616, 'PLA-2025-310', 'Plastik PP 20X30', 5, 0.00, 0.00, 0, 5, NULL, 1, '2025-12-26 02:32:25', '2025-12-26 02:32:25', 6),
(28617, 'PLA-2025-311', 'Plastik PP 26X45', 5, 0.00, 0.00, 0, 5, NULL, 1, '2025-12-26 02:32:25', '2025-12-26 02:32:25', 6),
(28618, 'PLA-2025-312', 'Plastik PP 35X55', 5, 0.00, 0.00, 0, 5, NULL, 1, '2025-12-26 02:32:25', '2025-12-26 02:32:25', 10),
(28619, 'PLA-2025-313', 'Plastik PP 40X60', 5, 0.00, 0.00, 0, 5, NULL, 1, '2025-12-26 02:32:25', '2025-12-26 02:32:25', 10),
(28620, 'PLA-2025-314', 'Plastik PP 45X75', 5, 0.00, 0.00, 0, 5, NULL, 1, '2025-12-26 02:32:25', '2025-12-26 02:32:25', 6),
(28621, 'PLA-2025-315', 'Plastik PP 5X7', 5, 0.00, 0.00, 0, 5, NULL, 1, '2025-12-26 02:32:25', '2025-12-26 02:32:25', 6),
(28622, 'PLA-2025-316', 'Plastik PP 6X8', 5, 0.00, 0.00, 0, 5, NULL, 1, '2025-12-26 02:32:25', '2025-12-26 02:32:25', 6),
(28623, 'PLA-2025-317', 'Plastik PP 7X11', 5, 0.00, 0.00, 0, 5, NULL, 1, '2025-12-26 02:32:25', '2025-12-26 02:32:25', 6),
(28624, 'PLA-2025-318', 'Plastik PP 7X13', 5, 0.00, 0.00, 0, 5, NULL, 1, '2025-12-26 02:32:25', '2025-12-26 02:32:25', 6),
(28625, 'PLA-2025-319', 'Plastik PP 7X9', 5, 0.00, 0.00, 0, 5, NULL, 1, '2025-12-26 02:32:25', '2025-12-26 02:32:25', 6),
(28626, 'PLA-2025-320', 'Plastik PP 8X13', 5, 0.00, 0.00, 0, 5, NULL, 1, '2025-12-26 02:32:25', '2025-12-26 02:32:25', 6),
(28627, 'PLA-2025-321', 'Plastik PP 9X14', 5, 0.00, 0.00, 0, 5, NULL, 1, '2025-12-26 02:32:25', '2025-12-26 02:32:25', 6),
(28628, 'PLA-2025-322', 'Plastik PP 9X17', 5, 0.00, 0.00, 0, 5, NULL, 1, '2025-12-26 02:32:25', '2025-12-26 02:32:25', 6),
(28629, 'PLA-2025-323', 'Plastik SEAL CUP 1200 BUAH', 5, 0.00, 0.00, 0, 5, NULL, 1, '2025-12-26 02:32:25', '2025-12-26 02:32:25', 5),
(28630, 'PLA-2025-324', 'Plastik SEAL CUP 2000', 5, 0.00, 0.00, 0, 5, NULL, 1, '2025-12-26 02:32:25', '2025-12-26 02:32:25', 5),
(28631, 'PLA-2025-325', 'Plastik SEAL CUP 2000 BUAH', 5, 0.00, 0.00, 0, 5, NULL, 1, '2025-12-26 02:32:26', '2025-12-26 02:32:26', 1),
(28632, 'PLA-2025-326', 'Plastik SEAL CUP ISI 1100 BUAH', 5, 0.00, 0.00, 0, 5, NULL, 1, '2025-12-26 02:32:26', '2025-12-26 02:32:26', 10),
(28633, 'PLA-2025-327', 'Plastik SEAL CUP POLOS 1000', 5, 0.00, 0.00, 0, 5, NULL, 1, '2025-12-26 02:32:26', '2025-12-26 02:32:26', 10),
(28634, 'PLA-2025-328', 'Plastik SEGITIGA KAKA', 5, 0.00, 0.00, 0, 5, NULL, 1, '2025-12-26 02:32:26', '2025-12-26 02:32:26', 10),
(28635, 'PLA-2025-329', 'Plastik STP 10X17', 5, 0.00, 0.00, 0, 5, NULL, 1, '2025-12-26 02:32:26', '2025-12-26 02:32:26', 10),
(28636, 'PLA-2025-330', 'Plastik STP 12X20 Dus', 5, 0.00, 0.00, 0, 5, NULL, 1, '2025-12-26 02:32:26', '2025-12-26 02:32:26', 10),
(28637, 'PLA-2025-331', 'Plastik STP 12X20 KARUNG', 5, 0.00, 0.00, 0, 5, NULL, 1, '2025-12-26 02:32:26', '2025-12-26 02:32:26', 10),
(28638, 'PLA-2025-332', 'Plastik STP 14X22 KARUNG', 5, 0.00, 0.00, 0, 5, NULL, 1, '2025-12-26 02:32:26', '2025-12-26 02:32:26', 10),
(28639, 'PLA-2025-333', 'Plastik STP 16X24 KARUNG', 5, 0.00, 0.00, 0, 5, NULL, 1, '2025-12-26 02:32:26', '2025-12-26 02:32:26', 10),
(28640, 'PLA-2025-334', 'Plastik STP 16X32 KARUNG', 5, 0.00, 0.00, 0, 5, NULL, 1, '2025-12-26 02:32:26', '2025-12-26 02:32:26', 10),
(28641, 'PLA-2025-335', 'Plastik STP 16X34 KARUNG', 5, 0.00, 0.00, 0, 5, NULL, 1, '2025-12-26 02:32:26', '2025-12-26 02:32:26', 10),
(28642, 'PLA-2025-336', 'Plastik STP 20X29 KARUNG', 5, 0.00, 0.00, 0, 5, NULL, 1, '2025-12-26 02:32:26', '2025-12-26 02:32:26', 10),
(28643, 'PLA-2025-337', 'Plastik STP 9X15', 5, 0.00, 0.00, 0, 5, NULL, 1, '2025-12-26 02:32:26', '2025-12-26 02:32:26', 10),
(28644, 'PLA-2025-338', 'Plastik WRAP 38X15', 5, 0.00, 0.00, 0, 5, NULL, 1, '2025-12-26 02:32:26', '2025-12-26 02:32:26', 10),
(28645, 'MAK-2025-346', 'PLAZA COMPOUN', 2, 0.00, 0.00, 0, 5, NULL, 1, '2025-12-26 02:32:26', '2025-12-26 02:32:26', 1),
(28646, 'PLA-2025-339', 'POLYBEK 35X35', 5, 0.00, 0.00, 0, 5, NULL, 1, '2025-12-26 02:32:26', '2025-12-26 02:32:26', 13),
(28647, 'MAK-2025-347', 'POP CORN', 2, 0.00, 0.00, 0, 5, NULL, 1, '2025-12-26 02:32:26', '2025-12-26 02:32:26', 13),
(28648, 'MIN-2025-89', 'POP ICE AVOCADO', 3, 0.00, 0.00, 0, 5, NULL, 1, '2025-12-26 02:32:26', '2025-12-26 02:32:26', 10),
(28649, 'MIN-2025-90', 'POP ICE BLUBERRY', 3, 0.00, 0.00, 0, 5, NULL, 1, '2025-12-26 02:32:26', '2025-12-26 02:32:26', 10),
(28650, 'MIN-2025-91', 'POP ICE BUBLEGUME', 3, 0.00, 0.00, 0, 5, NULL, 1, '2025-12-26 02:32:26', '2025-12-26 02:32:26', 10),
(28651, 'MIN-2025-92', 'POP ICE CAPUCINO', 3, 0.00, 0.00, 0, 5, NULL, 1, '2025-12-26 02:32:26', '2025-12-26 02:32:26', 10),
(28652, 'MIN-2025-93', 'POP ICE CHEESE RED VELVET', 3, 0.00, 0.00, 0, 5, NULL, 1, '2025-12-26 02:32:26', '2025-12-26 02:32:26', 10),
(28653, 'MIN-2025-94', 'POP ICE CHOCHO BISCUIT', 3, 0.00, 0.00, 0, 5, NULL, 1, '2025-12-26 02:32:26', '2025-12-26 02:32:26', 10),
(28654, 'MIN-2025-95', 'POP ICE CHOCHO CHEESE', 3, 0.00, 0.00, 0, 5, NULL, 1, '2025-12-26 02:32:26', '2025-12-26 02:32:26', 10),
(28655, 'MIN-2025-96', 'POP ICE CHOCHO MALT', 3, 0.00, 0.00, 0, 5, NULL, 1, '2025-12-26 02:32:26', '2025-12-26 02:32:26', 10),
(28656, 'MIN-2025-97', 'POP ICE CHOCHOLATE', 3, 0.00, 0.00, 0, 5, NULL, 1, '2025-12-26 02:32:26', '2025-12-26 02:32:26', 10),
(28657, 'MIN-2025-98', 'POP ICE CHOCO CREAM', 3, 0.00, 0.00, 0, 5, NULL, 1, '2025-12-26 02:32:26', '2025-12-26 02:32:26', 10),
(28658, 'MIN-2025-99', 'POP ICE COKLAT', 3, 0.00, 0.00, 0, 5, NULL, 1, '2025-12-26 02:32:26', '2025-12-26 02:32:26', 10),
(28659, 'MIN-2025-100', 'POP ICE COKLAT SUSU', 3, 0.00, 0.00, 0, 5, NULL, 1, '2025-12-26 02:32:26', '2025-12-26 02:32:26', 10),
(28660, 'MIN-2025-101', 'POP ICE COOKIES & CREAM', 3, 0.00, 0.00, 0, 5, NULL, 1, '2025-12-26 02:32:26', '2025-12-26 02:32:26', 10),
(28661, 'MIN-2025-102', 'POP ICE CREAM CHESEE', 3, 0.00, 0.00, 0, 5, NULL, 1, '2025-12-26 02:32:26', '2025-12-26 02:32:26', 10),
(28662, 'MIN-2025-103', 'POP ICE DOGER', 3, 0.00, 0.00, 0, 5, NULL, 1, '2025-12-26 02:32:26', '2025-12-26 02:32:26', 10),
(28663, 'MIN-2025-104', 'POP ICE DURIAN', 3, 0.00, 0.00, 0, 5, NULL, 1, '2025-12-26 02:32:26', '2025-12-26 02:32:26', 10);
INSERT INTO `products` (`id`, `sku`, `name`, `category_id`, `buy_price`, `sell_price`, `stock`, `min_stock`, `image_url`, `is_active`, `created_at`, `updated_at`, `base_unit_id`) VALUES
(28664, 'MIN-2025-105', 'POP ICE ES TELER', 3, 0.00, 0.00, 0, 5, NULL, 1, '2025-12-26 02:32:26', '2025-12-26 02:32:26', 10),
(28665, 'MIN-2025-106', 'POP ICE GRAPE', 3, 0.00, 0.00, 0, 5, NULL, 1, '2025-12-26 02:32:26', '2025-12-26 02:32:26', 10),
(28666, 'MIN-2025-107', 'POP ICE LECI', 3, 0.00, 0.00, 0, 5, NULL, 1, '2025-12-26 02:32:26', '2025-12-26 02:32:26', 10),
(28667, 'MIN-2025-108', 'POP ICE MANGGO', 3, 0.00, 0.00, 0, 5, NULL, 1, '2025-12-26 02:32:26', '2025-12-26 02:32:26', 10),
(28668, 'MIN-2025-109', 'POP ICE MELON', 3, 0.00, 0.00, 0, 5, NULL, 1, '2025-12-26 02:32:26', '2025-12-26 02:32:26', 10),
(28669, 'MIN-2025-110', 'POP ICE PERMEN KARET', 3, 0.00, 0.00, 0, 5, NULL, 1, '2025-12-26 02:32:26', '2025-12-26 02:32:26', 10),
(28670, 'MIN-2025-111', 'POP ICE STRAWBERRY', 3, 0.00, 0.00, 0, 5, NULL, 1, '2025-12-26 02:32:26', '2025-12-26 02:32:26', 10),
(28671, 'MIN-2025-112', 'POP ICE SULTAN', 3, 0.00, 0.00, 0, 5, NULL, 1, '2025-12-26 02:32:26', '2025-12-26 02:32:26', 10),
(28672, 'MIN-2025-113', 'POP ICE TARO', 3, 0.00, 0.00, 0, 5, NULL, 1, '2025-12-26 02:32:26', '2025-12-26 02:32:26', 10),
(28673, 'MIN-2025-114', 'POP ICE TORNADO SQUAS', 3, 0.00, 0.00, 0, 5, NULL, 1, '2025-12-26 02:32:26', '2025-12-26 02:32:26', 10),
(28674, 'MIN-2025-115', 'POP ICE UYU CHOCHO', 3, 0.00, 0.00, 0, 5, NULL, 1, '2025-12-26 02:32:26', '2025-12-26 02:32:26', 10),
(28675, 'MIN-2025-116', 'POP ICE UYU COK HAZEL', 3, 0.00, 0.00, 0, 5, NULL, 1, '2025-12-26 02:32:26', '2025-12-26 02:32:26', 10),
(28676, 'MIN-2025-117', 'POP ICE UYU DARK CHOCHO', 3, 0.00, 0.00, 0, 5, NULL, 1, '2025-12-26 02:32:26', '2025-12-26 02:32:26', 10),
(28677, 'MIN-2025-118', 'POP ICE UYU MATCHA', 3, 0.00, 0.00, 0, 5, NULL, 1, '2025-12-26 02:32:26', '2025-12-26 02:32:26', 10),
(28678, 'MIN-2025-119', 'POP ICE UYU MILKY BANANA', 3, 0.00, 0.00, 0, 5, NULL, 1, '2025-12-26 02:32:26', '2025-12-26 02:32:26', 10),
(28679, 'MIN-2025-120', 'POP ICE UYU TARO', 3, 0.00, 0.00, 0, 5, NULL, 1, '2025-12-26 02:32:26', '2025-12-26 02:32:26', 10),
(28680, 'MIN-2025-121', 'POP ICE UYU VANILA', 3, 0.00, 0.00, 0, 5, NULL, 1, '2025-12-26 02:32:26', '2025-12-26 02:32:26', 10),
(28681, 'MIN-2025-122', 'POP ICE VANILA BLUE', 3, 0.00, 0.00, 0, 5, NULL, 1, '2025-12-26 02:32:26', '2025-12-26 02:32:26', 10),
(28682, 'MIN-2025-123', 'POP ICE VANILA LATE', 3, 0.00, 0.00, 0, 5, NULL, 1, '2025-12-26 02:32:26', '2025-12-26 02:32:26', 10),
(28683, 'MIN-2025-124', 'POP ICE YOGURT STRAWBERRY', 3, 0.00, 0.00, 0, 5, NULL, 1, '2025-12-26 02:32:26', '2025-12-26 02:32:26', 10),
(28684, 'MAK-2025-348', 'POP MIE DOWER', 2, 0.00, 0.00, 0, 5, NULL, 1, '2025-12-26 02:32:26', '2025-12-26 02:32:26', 1),
(28685, 'MAK-2025-349', 'POP MIE GLEDEK', 2, 0.00, 0.00, 0, 5, NULL, 1, '2025-12-26 02:32:26', '2025-12-26 02:32:26', 1),
(28686, 'MAK-2025-350', 'POP MIE GORENG', 2, 0.00, 0.00, 0, 5, NULL, 1, '2025-12-26 02:32:26', '2025-12-26 02:32:26', 1),
(28687, 'MAK-2025-351', 'POP MIE KARI', 2, 0.00, 0.00, 0, 5, NULL, 1, '2025-12-26 02:32:26', '2025-12-26 02:32:26', 1),
(28688, 'MAK-2025-352', 'PROTEINA', 2, 0.00, 0.00, 0, 5, NULL, 1, '2025-12-26 02:32:26', '2025-12-26 02:32:26', 1),
(28689, 'MAK-2025-353', 'RAGI ALDANAMAYA', 2, 0.00, 0.00, 0, 5, NULL, 1, '2025-12-26 02:32:26', '2025-12-26 02:32:26', 1),
(28690, 'MAK-2025-354', 'RAGI ANGEL', 2, 0.00, 0.00, 0, 5, NULL, 1, '2025-12-26 02:32:26', '2025-12-26 02:32:26', 1),
(28691, 'MAK-2025-355', 'REDBEL ALPUKAT', 2, 0.00, 0.00, 0, 5, NULL, 1, '2025-12-26 02:32:26', '2025-12-26 02:32:26', 1),
(28692, 'MAK-2025-356', 'REDBEL APEL', 2, 0.00, 0.00, 0, 5, NULL, 1, '2025-12-26 02:32:26', '2025-12-26 02:32:26', 1),
(28693, 'MAK-2025-357', 'REDBEL BLACK FORES', 2, 0.00, 0.00, 0, 5, NULL, 1, '2025-12-26 02:32:26', '2025-12-26 02:32:26', 1),
(28694, 'MAK-2025-358', 'REDBEL COKLAT', 2, 0.00, 0.00, 0, 5, NULL, 1, '2025-12-26 02:32:26', '2025-12-26 02:32:26', 1),
(28695, 'MAK-2025-359', 'REDBEL DARK COKLAT', 2, 0.00, 0.00, 0, 5, NULL, 1, '2025-12-26 02:32:27', '2025-12-26 02:32:27', 1),
(28696, 'MAK-2025-360', 'REDBEL DOGER', 2, 0.00, 0.00, 0, 5, NULL, 1, '2025-12-26 02:32:27', '2025-12-26 02:32:27', 1),
(28697, 'MAK-2025-361', 'REDBEL DURIAN KUNING', 2, 0.00, 0.00, 0, 5, NULL, 1, '2025-12-26 02:32:27', '2025-12-26 02:32:27', 1),
(28698, 'MAK-2025-362', 'REDBEL MANGGA', 2, 0.00, 0.00, 0, 5, NULL, 1, '2025-12-26 02:32:27', '2025-12-26 02:32:27', 1),
(28699, 'MAK-2025-363', 'REDBEL MELON', 2, 0.00, 0.00, 0, 5, NULL, 1, '2025-12-26 02:32:27', '2025-12-26 02:32:27', 1),
(28700, 'MAK-2025-364', 'REDBEL MOCCA', 2, 0.00, 0.00, 0, 5, NULL, 1, '2025-12-26 02:32:27', '2025-12-26 02:32:27', 1),
(28701, 'MAK-2025-365', 'REDBEL NANGKA', 2, 0.00, 0.00, 0, 5, NULL, 1, '2025-12-26 02:32:27', '2025-12-26 02:32:27', 1),
(28702, 'MAK-2025-366', 'REDBEL PANDAN', 2, 0.00, 0.00, 0, 5, NULL, 1, '2025-12-26 02:32:27', '2025-12-26 02:32:27', 1),
(28703, 'MAK-2025-367', 'REDBEL REDVELVET', 2, 0.00, 0.00, 0, 5, NULL, 1, '2025-12-26 02:32:27', '2025-12-26 02:32:27', 1),
(28704, 'MAK-2025-368', 'REDBEL STROBERRY', 2, 0.00, 0.00, 0, 5, NULL, 1, '2025-12-26 02:32:27', '2025-12-26 02:32:27', 1),
(28705, 'MAK-2025-369', 'REDBEL VANILLI', 2, 0.00, 0.00, 0, 5, NULL, 1, '2025-12-26 02:32:27', '2025-12-26 02:32:27', 1),
(28706, 'SAB-2025-14', 'RINSO 1.000', 6, 0.00, 0.00, 0, 5, NULL, 1, '2025-12-26 02:32:27', '2025-12-26 02:32:27', 10),
(28707, 'SAB-2025-15', 'RINSO 5.000', 6, 0.00, 0.00, 0, 5, NULL, 1, '2025-12-26 02:32:27', '2025-12-26 02:32:27', 1),
(28708, 'SAB-2025-16', 'RINSO ANTI NODA CLASSIC POWDER 40GR', 6, 0.00, 0.00, 0, 5, NULL, 1, '2025-12-26 02:32:27', '2025-12-26 02:32:27', 10),
(28709, 'SAB-2025-17', 'RINSO LIQUID', 6, 0.00, 0.00, 0, 5, NULL, 1, '2025-12-26 02:32:27', '2025-12-26 02:32:27', 10),
(28710, 'SAB-2025-18', 'RINSO MOLTO PERFUME ESSENCE POWDER 195GR', 6, 0.00, 0.00, 0, 5, NULL, 1, '2025-12-26 02:32:27', '2025-12-26 02:32:27', 1),
(28711, 'SAB-2025-19', 'RINSO MOLTO PERFUME ESSENCE POWDER 380GR', 6, 0.00, 0.00, 0, 5, NULL, 1, '2025-12-26 02:32:27', '2025-12-26 02:32:27', 1),
(28712, 'SAB-2025-20', 'RINSO MOLTO PERFUME ESSENCE POWDER 40GR', 6, 0.00, 0.00, 0, 5, NULL, 1, '2025-12-26 02:32:27', '2025-12-26 02:32:27', 10),
(28713, 'SAB-2025-21', 'RINSO MOLTO ROSE FRESH POWDER 380GR', 6, 0.00, 0.00, 0, 5, NULL, 1, '2025-12-26 02:32:27', '2025-12-26 02:32:27', 1),
(28714, 'SAB-2025-22', 'RINSO MOLTO ROSE FRESH POWDER 40GR', 6, 0.00, 0.00, 0, 5, NULL, 1, '2025-12-26 02:32:27', '2025-12-26 02:32:27', 10),
(28715, 'SAB-2025-23', 'RINSO PERFUME ESS LIQUID 40GR', 6, 0.00, 0.00, 0, 5, NULL, 1, '2025-12-26 02:32:27', '2025-12-26 02:32:27', 10),
(28716, 'SAB-2025-24', 'RINSO ROSE FRESH LIQUID 40GR', 6, 0.00, 0.00, 0, 5, NULL, 1, '2025-12-26 02:32:27', '2025-12-26 02:32:27', 10),
(28717, 'MAK-2025-370', 'ROSE CREAM', 2, 0.00, 0.00, 0, 5, NULL, 1, '2025-12-26 02:32:27', '2025-12-26 02:32:27', 12),
(28718, 'MAK-2025-371', 'ROYCO 1Kg', 2, 0.00, 0.00, 0, 5, NULL, 1, '2025-12-26 02:32:27', '2025-12-26 02:32:27', 12),
(28719, 'MAK-2025-372', 'ROYCO AYAM 220GR', 2, 0.00, 0.00, 0, 5, NULL, 1, '2025-12-26 02:32:27', '2025-12-26 02:32:27', 12),
(28720, 'MAK-2025-373', 'ROYCO AYAM 5.000', 2, 0.00, 0.00, 0, 5, NULL, 1, '2025-12-26 02:32:27', '2025-12-26 02:32:27', 1),
(28721, 'MAK-2025-374', 'ROYCO AYAM RENTENG', 2, 0.00, 0.00, 0, 5, NULL, 1, '2025-12-26 02:32:27', '2025-12-26 02:32:27', 10),
(28722, 'MAK-2025-375', 'ROYCO SAPI 1Kg', 2, 0.00, 0.00, 0, 5, NULL, 1, '2025-12-26 02:32:27', '2025-12-26 02:32:27', 12),
(28723, 'MAK-2025-376', 'ROYCO SAPI 220GR', 2, 0.00, 0.00, 0, 5, NULL, 1, '2025-12-26 02:32:27', '2025-12-26 02:32:27', 1),
(28724, 'MAK-2025-377', 'ROYCO SAPI 5.000', 2, 0.00, 0.00, 0, 5, NULL, 1, '2025-12-26 02:32:27', '2025-12-26 02:32:27', 1),
(28725, 'MAK-2025-378', 'ROYCO SAPI RENTENG', 2, 0.00, 0.00, 0, 5, NULL, 1, '2025-12-26 02:32:27', '2025-12-26 02:32:27', 10),
(28726, 'MAK-2025-379', 'RUMPUT LAUT', 2, 0.00, 0.00, 0, 5, NULL, 1, '2025-12-26 02:32:27', '2025-12-26 02:32:27', 13),
(28727, 'SAB-2025-25', 'Sabun  LIFEBOUY', 6, 0.00, 0.00, 0, 5, NULL, 1, '2025-12-26 02:32:27', '2025-12-26 02:32:27', 1),
(28728, 'MAK-2025-380', 'Sabun BATANG', 2, 0.00, 0.00, 0, 5, NULL, 1, '2025-12-26 02:32:27', '2025-12-26 02:32:27', 1),
(28729, 'SAB-2025-26', 'Sabun BOOM CINTA POWDER ROSE 225GR', 6, 0.00, 0.00, 0, 5, NULL, 1, '2025-12-26 02:32:27', '2025-12-26 02:32:27', 1),
(28730, 'SAB-2025-27', 'Sabun DAIA 5000', 6, 0.00, 0.00, 0, 5, NULL, 1, '2025-12-26 02:32:27', '2025-12-26 02:32:27', 1),
(28731, 'SAB-2025-28', 'Sabun EKONOMI 2.000', 6, 0.00, 0.00, 0, 5, NULL, 1, '2025-12-26 02:32:27', '2025-12-26 02:32:27', 1),
(28732, 'SAB-2025-29', 'Sabun EKONOMI 5000', 6, 0.00, 0.00, 0, 5, NULL, 1, '2025-12-26 02:32:27', '2025-12-26 02:32:27', 1),
(28733, 'SAB-2025-30', 'Sabun EKONOMI PENCUCI PIRING 122ML POUCH', 6, 0.00, 0.00, 0, 5, NULL, 1, '2025-12-26 02:32:27', '2025-12-26 02:32:27', 1),
(28734, 'SAB-2025-31', 'Sabun EKONOMI PENCUCI PIRING 650ML BOTOL', 6, 0.00, 0.00, 0, 5, NULL, 1, '2025-12-26 02:32:27', '2025-12-26 02:32:27', 1),
(28735, 'SAB-2025-32', 'Sabun GENTLE GEN', 6, 0.00, 0.00, 0, 5, NULL, 1, '2025-12-26 02:32:27', '2025-12-26 02:32:27', 10),
(28736, 'SAB-2025-33', 'Sabun MORI', 6, 0.00, 0.00, 0, 5, NULL, 1, '2025-12-26 02:32:27', '2025-12-26 02:32:27', 1),
(28737, 'SAB-2025-34', 'Sabun RINSO 10.000', 6, 0.00, 0.00, 0, 5, NULL, 1, '2025-12-26 02:32:27', '2025-12-26 02:32:27', 1),
(28738, 'SAB-2025-35', 'Sabun RINSO 1000', 6, 0.00, 0.00, 0, 5, NULL, 1, '2025-12-26 02:32:27', '2025-12-26 02:32:27', 1),
(28739, 'SAB-2025-36', 'Sabun SOKLIN LIQUID 1.000', 6, 0.00, 0.00, 0, 5, NULL, 1, '2025-12-26 02:32:27', '2025-12-26 02:32:27', 10),
(28740, 'SAB-2025-37', 'Sabun SOKLIN LIQUID 500', 6, 0.00, 0.00, 0, 5, NULL, 1, '2025-12-26 02:32:27', '2025-12-26 02:32:27', 10),
(28741, 'SAB-2025-38', 'Sabun SOSOFT', 6, 0.00, 0.00, 0, 5, NULL, 1, '2025-12-26 02:32:27', '2025-12-26 02:32:27', 10),
(28742, 'SAB-2025-39', 'Sabun SUNLIGHT 2.000', 6, 0.00, 0.00, 0, 5, NULL, 1, '2025-12-26 02:32:27', '2025-12-26 02:32:27', 1),
(28743, 'MAK-2025-381', 'Sabun SUNLIGHT 5.000', 2, 0.00, 0.00, 0, 5, NULL, 1, '2025-12-26 02:32:27', '2025-12-26 02:32:27', 1),
(28744, 'MAK-2025-382', 'Sabun SUNLIGHT 8.500', 2, 0.00, 0.00, 0, 5, NULL, 1, '2025-12-26 02:32:27', '2025-12-26 02:32:27', 1),
(28745, 'SAB-2025-40', 'Sabun WOW', 6, 0.00, 0.00, 0, 5, NULL, 1, '2025-12-26 02:32:27', '2025-12-26 02:32:27', 1),
(28746, 'MAK-2025-383', 'SADAH', 2, 0.00, 0.00, 0, 5, NULL, 1, '2025-12-26 02:32:28', '2025-12-26 02:32:28', 15),
(28747, 'MAK-2025-384', 'SAGU BONAI ZEBRA', 2, 0.00, 0.00, 0, 5, NULL, 1, '2025-12-26 02:32:28', '2025-12-26 02:32:28', 13),
(28748, 'MAK-2025-385', 'SAILING BOAT BANANA', 2, 0.00, 0.00, 0, 5, NULL, 1, '2025-12-26 02:32:28', '2025-12-26 02:32:28', 10),
(28749, 'MAK-2025-386', 'SAJIKU BAKWAN', 2, 0.00, 0.00, 0, 5, NULL, 1, '2025-12-26 02:32:28', '2025-12-26 02:32:28', 10),
(28750, 'MAK-2025-387', 'SAJIKU GOLDEN CRISPY 220GR', 2, 0.00, 0.00, 0, 5, NULL, 1, '2025-12-26 02:32:28', '2025-12-26 02:32:28', 1),
(28751, 'MAK-2025-388', 'SAJIKU NASI GORENG PEDAS', 2, 0.00, 0.00, 0, 5, NULL, 1, '2025-12-26 02:32:28', '2025-12-26 02:32:28', 1),
(28752, 'MAK-2025-389', 'SAJIKU TEPUNG BUMBU 220GR', 2, 0.00, 0.00, 0, 5, NULL, 1, '2025-12-26 02:32:28', '2025-12-26 02:32:28', 10),
(28753, 'MAK-2025-390', 'SAJIKU TEPUNG BUMBU 75GR', 2, 0.00, 0.00, 0, 5, NULL, 1, '2025-12-26 02:32:28', '2025-12-26 02:32:28', 1),
(28754, 'MAK-2025-391', 'SAJIKU TEPUNG PEDAS 70GR', 2, 0.00, 0.00, 0, 5, NULL, 1, '2025-12-26 02:32:28', '2025-12-26 02:32:28', 1),
(28755, 'MAK-2025-392', 'SAMBal KILOAN MERAH', 2, 0.00, 0.00, 0, 5, NULL, 1, '2025-12-26 02:32:28', '2025-12-26 02:32:28', 13),
(28756, 'MAK-2025-393', 'SANTAN KARA 200ML', 2, 0.00, 0.00, 0, 5, NULL, 1, '2025-12-26 02:32:28', '2025-12-26 02:32:28', 1),
(28757, 'MAK-2025-394', 'SANTAN KARA 65ML', 2, 0.00, 0.00, 0, 5, NULL, 1, '2025-12-26 02:32:28', '2025-12-26 02:32:28', 1),
(28758, 'MAK-2025-395', 'SAORI 133ML', 2, 0.00, 0.00, 0, 5, NULL, 1, '2025-12-26 02:32:28', '2025-12-26 02:32:28', 11),
(28759, 'MAK-2025-396', 'SAORI 1L', 2, 0.00, 0.00, 0, 5, NULL, 1, '2025-12-26 02:32:28', '2025-12-26 02:32:28', 11),
(28760, 'MAK-2025-397', 'SAORI 23ML', 2, 0.00, 0.00, 0, 5, NULL, 1, '2025-12-26 02:32:28', '2025-12-26 02:32:28', 10),
(28761, 'MAK-2025-398', 'SAORI 270ML', 2, 0.00, 0.00, 0, 5, NULL, 1, '2025-12-26 02:32:28', '2025-12-26 02:32:28', 5),
(28762, 'MAK-2025-399', 'SAORI TERIYAKI 22ML', 2, 0.00, 0.00, 0, 5, NULL, 1, '2025-12-26 02:32:28', '2025-12-26 02:32:28', 10),
(28763, 'MAK-2025-400', 'SARDEN ABT', 2, 0.00, 0.00, 0, 5, NULL, 1, '2025-12-26 02:32:28', '2025-12-26 02:32:28', 1),
(28764, 'MAK-2025-401', 'SARDEN ALAM INDO 425', 2, 0.00, 0.00, 0, 5, NULL, 1, '2025-12-26 02:32:28', '2025-12-26 02:32:28', 1),
(28765, 'MAK-2025-402', 'SARDEN JOJO', 2, 0.00, 0.00, 0, 5, NULL, 1, '2025-12-26 02:32:28', '2025-12-26 02:32:28', 1),
(28766, 'MAK-2025-403', 'SARDEN JOKO BESAR', 2, 0.00, 0.00, 0, 5, NULL, 1, '2025-12-26 02:32:28', '2025-12-26 02:32:28', 1),
(28767, 'MAK-2025-404', 'SARDEN JOKO KECIL', 2, 0.00, 0.00, 0, 5, NULL, 1, '2025-12-26 02:32:28', '2025-12-26 02:32:28', 1),
(28768, 'MAK-2025-405', 'SARDEN MILI BESAR', 2, 0.00, 0.00, 0, 5, NULL, 1, '2025-12-26 02:32:28', '2025-12-26 02:32:28', 1),
(28769, 'MAK-2025-406', 'SARDEN MILI KECIL', 2, 0.00, 0.00, 0, 5, NULL, 1, '2025-12-26 02:32:28', '2025-12-26 02:32:28', 1),
(28770, 'MAK-2025-407', 'SARDEN MY CHEF', 2, 0.00, 0.00, 0, 5, NULL, 1, '2025-12-26 02:32:28', '2025-12-26 02:32:28', 1),
(28771, 'MAK-2025-408', 'SARDEN NARAYA', 2, 0.00, 0.00, 0, 5, NULL, 1, '2025-12-26 02:32:28', '2025-12-26 02:32:28', 1),
(28772, 'MAK-2025-409', 'SARDEN NILI', 2, 0.00, 0.00, 0, 5, NULL, 1, '2025-12-26 02:32:28', '2025-12-26 02:32:28', 1),
(28773, 'MAK-2025-410', 'SARDEN TLC', 2, 0.00, 0.00, 0, 5, NULL, 1, '2025-12-26 02:32:28', '2025-12-26 02:32:28', 1),
(28774, 'MAK-2025-411', 'SARIMIE GELAS AYAM BAWANG', 2, 0.00, 0.00, 0, 5, NULL, 1, '2025-12-26 02:32:28', '2025-12-26 02:32:28', 10),
(28775, 'MAK-2025-412', 'SARIMIE GELAS BAKSO SAPI', 2, 0.00, 0.00, 0, 5, NULL, 1, '2025-12-26 02:32:28', '2025-12-26 02:32:28', 10),
(28776, 'MAK-2025-413', 'SARIMIE GELAS KARI AYAM', 2, 0.00, 0.00, 0, 5, NULL, 1, '2025-12-26 02:32:28', '2025-12-26 02:32:28', 10),
(28777, 'MAK-2025-414', 'SARIMIE GELAS SOSIS', 2, 0.00, 0.00, 0, 5, NULL, 1, '2025-12-26 02:32:28', '2025-12-26 02:32:28', 10),
(28778, 'MAK-2025-415', 'SARIMIE GELAS SOTO AYAM', 2, 0.00, 0.00, 0, 5, NULL, 1, '2025-12-26 02:32:28', '2025-12-26 02:32:28', 10),
(28779, 'MAK-2025-416', 'SARIMIE ISI 2 AYAM BAWANG', 2, 0.00, 0.00, 0, 5, NULL, 1, '2025-12-26 02:32:28', '2025-12-26 02:32:28', 1),
(28780, 'MAK-2025-417', 'SARIMIE ISI 2 AYAM KECAP', 2, 0.00, 0.00, 0, 5, NULL, 1, '2025-12-26 02:32:28', '2025-12-26 02:32:28', 1),
(28781, 'MAK-2025-418', 'SARIMIE ISI 2 AYAM KREMES', 2, 0.00, 0.00, 0, 5, NULL, 1, '2025-12-26 02:32:28', '2025-12-26 02:32:28', 1),
(28782, 'MAK-2025-419', 'SARIMIE ISI 2 RASA BAKSO', 2, 0.00, 0.00, 0, 5, NULL, 1, '2025-12-26 02:32:28', '2025-12-26 02:32:28', 1),
(28783, 'PLA-2025-340', 'SARUNG TANGAN BINTIK', 5, 0.00, 0.00, 0, 5, NULL, 1, '2025-12-26 02:32:28', '2025-12-26 02:32:28', 10),
(28784, 'PLA-2025-341', 'SARUNG TANGAN Plastik', 5, 0.00, 0.00, 0, 5, NULL, 1, '2025-12-26 02:32:28', '2025-12-26 02:32:28', 10),
(28785, 'MAK-2025-420', 'SASA 10.000', 2, 0.00, 0.00, 0, 5, NULL, 1, '2025-12-26 02:32:28', '2025-12-26 02:32:28', 1),
(28786, 'MAK-2025-421', 'SASA 1000', 2, 0.00, 0.00, 0, 5, NULL, 1, '2025-12-26 02:32:28', '2025-12-26 02:32:28', 1),
(28787, 'MAK-2025-422', 'SASA 250gr', 2, 0.00, 0.00, 0, 5, NULL, 1, '2025-12-26 02:32:28', '2025-12-26 02:32:28', 1),
(28788, 'MAK-2025-423', 'SASA 500', 2, 0.00, 0.00, 0, 5, NULL, 1, '2025-12-26 02:32:28', '2025-12-26 02:32:28', 10),
(28789, 'MAK-2025-424', 'SASA 5000', 2, 0.00, 0.00, 0, 5, NULL, 1, '2025-12-26 02:32:28', '2025-12-26 02:32:28', 1),
(28790, 'MAK-2025-425', 'SASA KALDU AYAM', 2, 0.00, 0.00, 0, 5, NULL, 1, '2025-12-26 02:32:28', '2025-12-26 02:32:28', 12),
(28791, 'MAK-2025-426', 'SASA KALDU SAPI', 2, 0.00, 0.00, 0, 5, NULL, 1, '2025-12-26 02:32:28', '2025-12-26 02:32:28', 1),
(28792, 'MAK-2025-427', 'SASA SANTAN CAIR 65ML', 2, 0.00, 0.00, 0, 5, NULL, 1, '2025-12-26 02:32:28', '2025-12-26 02:32:28', 1),
(28793, 'MAK-2025-428', 'SAUS  KILOAN', 2, 0.00, 0.00, 0, 5, NULL, 1, '2025-12-26 02:32:28', '2025-12-26 02:32:28', 13),
(28794, 'MAK-2025-429', 'SAUS  SEDAP ROSO', 2, 0.00, 0.00, 0, 5, NULL, 1, '2025-12-26 02:32:28', '2025-12-26 02:32:28', 1),
(28795, 'MAK-2025-430', 'SAUS ABC ASLI', 2, 0.00, 0.00, 0, 5, NULL, 1, '2025-12-26 02:32:28', '2025-12-26 02:32:28', 11),
(28796, 'MAK-2025-431', 'SAUS ABC SAMBal EXTRA PEDAS', 2, 0.00, 0.00, 0, 5, NULL, 1, '2025-12-26 02:32:28', '2025-12-26 02:32:28', 11),
(28797, 'MAK-2025-432', 'SAUS ABC TOMAT', 2, 0.00, 0.00, 0, 5, NULL, 1, '2025-12-26 02:32:28', '2025-12-26 02:32:28', 11),
(28798, 'MAK-2025-433', 'SAUS DELMONTE TOMAT', 2, 0.00, 0.00, 0, 5, NULL, 1, '2025-12-26 02:32:28', '2025-12-26 02:32:28', 1),
(28799, 'MAK-2025-434', 'SAUS INDOFOOD EXTRA PEDAS', 2, 0.00, 0.00, 0, 5, NULL, 1, '2025-12-26 02:32:29', '2025-12-26 02:32:29', 1),
(28800, 'MAK-2025-435', 'SAUS KERATON', 2, 0.00, 0.00, 0, 5, NULL, 1, '2025-12-26 02:32:29', '2025-12-26 02:32:29', 1),
(28801, 'MAK-2025-436', 'SAUS MADANI', 2, 0.00, 0.00, 0, 5, NULL, 1, '2025-12-26 02:32:29', '2025-12-26 02:32:29', 12),
(28802, 'MAK-2025-437', 'SAUS RAJA TAWON', 2, 0.00, 0.00, 0, 5, NULL, 1, '2025-12-26 02:32:29', '2025-12-26 02:32:29', 1),
(28803, 'MAK-2025-438', 'SAUS SAMBal CHICKEN', 2, 0.00, 0.00, 0, 5, NULL, 1, '2025-12-26 02:32:29', '2025-12-26 02:32:29', 10),
(28804, 'MAK-2025-439', 'SAUS SAMBal HARUM ROSO', 2, 0.00, 0.00, 0, 5, NULL, 1, '2025-12-26 02:32:29', '2025-12-26 02:32:29', 1),
(28805, 'MAK-2025-440', 'SAUS SAMBal HARUM ROSO Dus', 2, 0.00, 0.00, 0, 5, NULL, 1, '2025-12-26 02:32:29', '2025-12-26 02:32:29', 1),
(28806, 'MAK-2025-441', 'SAUS SAMBal PAYUNG', 2, 0.00, 0.00, 0, 5, NULL, 1, '2025-12-26 02:32:29', '2025-12-26 02:32:29', 1),
(28807, 'MAK-2025-442', 'SAUS SEDAP RASA', 2, 0.00, 0.00, 0, 5, NULL, 1, '2025-12-26 02:32:29', '2025-12-26 02:32:29', 1),
(28808, 'MAK-2025-443', 'SEDAP KALDU', 2, 0.00, 0.00, 0, 5, NULL, 1, '2025-12-26 02:32:29', '2025-12-26 02:32:29', 1),
(28809, 'MAK-2025-444', 'SEE HONG PUFF MALKIST KELAPA', 2, 0.00, 0.00, 0, 5, NULL, 1, '2025-12-26 02:32:29', '2025-12-26 02:32:29', 1),
(28810, 'PLA-2025-342', 'SEKOP KLIP', 5, 0.00, 0.00, 0, 5, NULL, 1, '2025-12-26 02:32:29', '2025-12-26 02:32:29', 10),
(28811, 'MAK-2025-445', 'SELAI BLUBERRY TEKOMAS', 2, 0.00, 0.00, 0, 5, NULL, 1, '2025-12-26 02:32:29', '2025-12-26 02:32:29', 1),
(28812, 'MAK-2025-446', 'SELAI NASTAR', 2, 0.00, 0.00, 0, 5, NULL, 1, '2025-12-26 02:32:29', '2025-12-26 02:32:29', 13),
(28813, 'MAK-2025-447', 'SELAI PRIMEFOOD NANAS', 2, 0.00, 0.00, 0, 5, NULL, 1, '2025-12-26 02:32:29', '2025-12-26 02:32:29', 15),
(28814, 'MAK-2025-448', 'SELAI STRAWBERRY TEKOMAS', 2, 0.00, 0.00, 0, 5, NULL, 1, '2025-12-26 02:32:29', '2025-12-26 02:32:29', 1),
(28815, 'PLA-2025-343', 'SENDOK AGAR - AGAR', 5, 0.00, 0.00, 0, 5, NULL, 1, '2025-12-26 02:32:29', '2025-12-26 02:32:29', 13),
(28816, 'PLA-2025-344', 'SENDOK BEBEK', 5, 0.00, 0.00, 0, 5, NULL, 1, '2025-12-26 02:32:29', '2025-12-26 02:32:29', 10),
(28817, 'PLA-2025-345', 'SENDOK BEBEK CREAM JELITA', 5, 0.00, 0.00, 0, 5, NULL, 1, '2025-12-26 02:32:29', '2025-12-26 02:32:29', 10),
(28818, 'PLA-2025-346', 'SENDOK BEBEK HITAM', 5, 0.00, 0.00, 0, 5, NULL, 1, '2025-12-26 02:32:29', '2025-12-26 02:32:29', 10),
(28819, 'PLA-2025-347', 'SENDOK BEBEK PUTIH', 5, 0.00, 0.00, 0, 5, NULL, 1, '2025-12-26 02:32:29', '2025-12-26 02:32:29', 10),
(28820, 'PLA-2025-348', 'SENDOK MAKAN', 5, 0.00, 0.00, 0, 5, NULL, 1, '2025-12-26 02:32:29', '2025-12-26 02:32:29', 10),
(28821, 'MAK-2025-449', 'SENDOK MAKAN PREMIUM', 2, 0.00, 0.00, 0, 5, NULL, 1, '2025-12-26 02:32:29', '2025-12-26 02:32:29', 10),
(28822, 'PLA-2025-349', 'SENDOK MAKAN TIGA JERUK', 5, 0.00, 0.00, 0, 5, NULL, 1, '2025-12-26 02:32:29', '2025-12-26 02:32:29', 10),
(28823, 'PLA-2025-350', 'SENDOK PANJANG BENING UNO', 5, 0.00, 0.00, 0, 5, NULL, 1, '2025-12-26 02:32:29', '2025-12-26 02:32:29', 10),
(28824, 'PLA-2025-351', 'SENDOK TEH BENING', 5, 0.00, 0.00, 0, 5, NULL, 1, '2025-12-26 02:32:29', '2025-12-26 02:32:29', 10),
(28825, 'PLA-2025-352', 'SENDOK TEH HITAM', 5, 0.00, 0.00, 0, 5, NULL, 1, '2025-12-26 02:32:29', '2025-12-26 02:32:29', 10),
(28826, 'PLA-2025-353', 'SENDOK TEH PUTIH', 5, 0.00, 0.00, 0, 5, NULL, 1, '2025-12-26 02:32:29', '2025-12-26 02:32:29', 10),
(28827, 'SAB-2025-41', 'SHAMPO CLEAR', 6, 0.00, 0.00, 0, 5, NULL, 1, '2025-12-26 02:32:29', '2025-12-26 02:32:29', 10),
(28828, 'SAB-2025-42', 'SHAMPO CLEAR CSC KOMPLIT EXTRA', 6, 0.00, 0.00, 0, 5, NULL, 1, '2025-12-26 02:32:29', '2025-12-26 02:32:29', 10),
(28829, 'SAB-2025-43', 'SHAMPO CLEAR ICM MTL SGR EXTRA', 6, 0.00, 0.00, 0, 5, NULL, 1, '2025-12-26 02:32:29', '2025-12-26 02:32:29', 10),
(28830, 'SAB-2025-44', 'SHAMPO LIFEBOUY', 6, 0.00, 0.00, 0, 5, NULL, 1, '2025-12-26 02:32:29', '2025-12-26 02:32:29', 10),
(28831, 'SAB-2025-45', 'SHAMPO SUNSILK GLOSSY BLACK', 6, 0.00, 0.00, 0, 5, NULL, 1, '2025-12-26 02:32:29', '2025-12-26 02:32:29', 10),
(28832, 'SAB-2025-46', 'SHAMPO SUNSILK SILKY SMOOTH', 6, 0.00, 0.00, 0, 5, NULL, 1, '2025-12-26 02:32:29', '2025-12-26 02:32:29', 10),
(28833, 'SAB-2025-47', 'SHAMPO TRESSEME KERATIN SMOOTH 10GR', 6, 0.00, 0.00, 0, 5, NULL, 1, '2025-12-26 02:32:29', '2025-12-26 02:32:29', 10),
(28834, 'SAB-2025-48', 'SHAMPO TRESSEME SCALP CARE R 10GR', 6, 0.00, 0.00, 0, 5, NULL, 1, '2025-12-26 02:32:29', '2025-12-26 02:32:29', 10),
(28835, 'SAB-2025-49', 'SHAMPO ZINC', 6, 0.00, 0.00, 0, 5, NULL, 1, '2025-12-26 02:32:29', '2025-12-26 02:32:29', 10),
(28836, 'SAB-2025-50', 'SHINZUI', 6, 0.00, 0.00, 0, 5, NULL, 1, '2025-12-26 02:32:29', '2025-12-26 02:32:29', 1),
(28837, 'MAK-2025-450', 'SINTI', 2, 0.00, 0.00, 0, 5, NULL, 1, '2025-12-26 02:32:29', '2025-12-26 02:32:29', 1),
(28838, 'MIN-2025-125', 'SIRUP ABC', 3, 0.00, 0.00, 0, 5, NULL, 1, '2025-12-26 02:32:29', '2025-12-26 02:32:29', 11),
(28839, 'MIN-2025-126', 'SIRUP FREISH COCOPANDAN', 3, 0.00, 0.00, 0, 5, NULL, 1, '2025-12-26 02:32:29', '2025-12-26 02:32:29', 11),
(28840, 'MIN-2025-127', 'SIRUP FREISH JERUK', 3, 0.00, 0.00, 0, 5, NULL, 1, '2025-12-26 02:32:29', '2025-12-26 02:32:29', 11),
(28841, 'MIN-2025-128', 'SIRUP FREISH MELON', 3, 0.00, 0.00, 0, 5, NULL, 1, '2025-12-26 02:32:29', '2025-12-26 02:32:29', 11),
(28842, 'MIN-2025-129', 'SIRUP KURNIA', 3, 0.00, 0.00, 0, 5, NULL, 1, '2025-12-26 02:32:29', '2025-12-26 02:32:29', 11),
(28843, 'MIN-2025-130', 'SIRUP MARJAN COCOPANDAN', 3, 0.00, 0.00, 0, 5, NULL, 1, '2025-12-26 02:32:29', '2025-12-26 02:32:29', 1),
(28844, 'MIN-2025-131', 'SIRUP MARJAN LECI', 3, 0.00, 0.00, 0, 5, NULL, 1, '2025-12-26 02:32:29', '2025-12-26 02:32:29', 11),
(28845, 'MIN-2025-132', 'SIRUP MARJAN MELON', 3, 0.00, 0.00, 0, 5, NULL, 1, '2025-12-26 02:32:29', '2025-12-26 02:32:29', 1),
(28846, 'MIN-2025-133', 'SIRUP MARJAN MOCA', 3, 0.00, 0.00, 0, 5, NULL, 1, '2025-12-26 02:32:29', '2025-12-26 02:32:29', 11),
(28847, 'MIN-2025-134', 'SIRUP MARJAN ROSE', 3, 0.00, 0.00, 0, 5, NULL, 1, '2025-12-26 02:32:29', '2025-12-26 02:32:29', 11),
(28848, 'MIN-2025-135', 'SIRUP MARJAN STRAWBERRY', 3, 0.00, 0.00, 0, 5, NULL, 1, '2025-12-26 02:32:29', '2025-12-26 02:32:29', 11),
(28849, 'MIN-2025-136', 'SIRUP MARJAN VANILA', 3, 0.00, 0.00, 0, 5, NULL, 1, '2025-12-26 02:32:29', '2025-12-26 02:32:29', 11),
(28850, 'MAK-2025-451', 'SLAI BLUBERY', 2, 0.00, 0.00, 0, 5, NULL, 1, '2025-12-26 02:32:29', '2025-12-26 02:32:29', 13),
(28851, 'MAK-2025-452', 'SLAI MELON', 2, 0.00, 0.00, 0, 5, NULL, 1, '2025-12-26 02:32:29', '2025-12-26 02:32:29', 13),
(28852, 'MAK-2025-453', 'SLAI NANAS', 2, 0.00, 0.00, 0, 5, NULL, 1, '2025-12-26 02:32:29', '2025-12-26 02:32:29', 13),
(28853, 'MAK-2025-454', 'SLAI STRAWBERRY', 2, 0.00, 0.00, 0, 5, NULL, 1, '2025-12-26 02:32:29', '2025-12-26 02:32:29', 13),
(28854, 'MAK-2025-455', 'SMAILING GOOD BLUE', 2, 0.00, 0.00, 0, 5, NULL, 1, '2025-12-26 02:32:29', '2025-12-26 02:32:29', 1),
(28855, 'MAK-2025-456', 'SMAILING GOOD COKLAT', 2, 0.00, 0.00, 0, 5, NULL, 1, '2025-12-26 02:32:29', '2025-12-26 02:32:29', 1),
(28856, 'MAK-2025-457', 'SMAILING GOOD KUNING', 2, 0.00, 0.00, 0, 5, NULL, 1, '2025-12-26 02:32:30', '2025-12-26 02:32:30', 1),
(28857, 'MAK-2025-458', 'SMAILING GOOD RED', 2, 0.00, 0.00, 0, 5, NULL, 1, '2025-12-26 02:32:30', '2025-12-26 02:32:30', 1),
(28858, 'MAK-2025-459', 'SODA ASAHI', 2, 0.00, 0.00, 0, 5, NULL, 1, '2025-12-26 02:32:30', '2025-12-26 02:32:30', 13),
(28859, 'MAK-2025-460', 'SODA BIASA', 2, 0.00, 0.00, 0, 5, NULL, 1, '2025-12-26 02:32:30', '2025-12-26 02:32:30', 13),
(28860, 'MAK-2025-461', 'SODIUM', 2, 0.00, 0.00, 0, 5, NULL, 1, '2025-12-26 02:32:30', '2025-12-26 02:32:30', 13),
(28861, 'MAK-2025-462', 'SODIUM BENZOATE', 2, 0.00, 0.00, 0, 5, NULL, 1, '2025-12-26 02:32:30', '2025-12-26 02:32:30', 16),
(28862, 'MAK-2025-463', 'SOHUN KARUNG', 2, 0.00, 0.00, 0, 5, NULL, 1, '2025-12-26 02:32:30', '2025-12-26 02:32:30', 13),
(28863, 'MAK-2025-464', 'SOHUN KENTANG', 2, 0.00, 0.00, 0, 5, NULL, 1, '2025-12-26 02:32:30', '2025-12-26 02:32:30', 10),
(28864, 'MAK-2025-465', 'SONAIS AYAM', 2, 0.00, 0.00, 0, 5, NULL, 1, '2025-12-26 02:32:30', '2025-12-26 02:32:30', 11),
(28865, 'MAK-2025-466', 'SONAIS SAPI', 2, 0.00, 0.00, 0, 5, NULL, 1, '2025-12-26 02:32:30', '2025-12-26 02:32:30', 11),
(28866, 'MAK-2025-467', 'SP / TBM', 2, 0.00, 0.00, 0, 5, NULL, 1, '2025-12-26 02:32:30', '2025-12-26 02:32:30', 13),
(28867, 'MAK-2025-468', 'SPONGE 28', 2, 0.00, 0.00, 0, 5, NULL, 1, '2025-12-26 02:32:30', '2025-12-26 02:32:30', 13),
(28868, 'MAK-2025-469', 'SPRINKLE', 2, 0.00, 0.00, 0, 5, NULL, 1, '2025-12-26 02:32:30', '2025-12-26 02:32:30', 13),
(28869, 'PLA-2025-354', 'STIK ES', 5, 0.00, 0.00, 0, 5, NULL, 1, '2025-12-26 02:32:30', '2025-12-26 02:32:30', 13),
(28870, 'PLA-2025-355', 'SUMPIT', 5, 0.00, 0.00, 0, 5, NULL, 1, '2025-12-26 02:32:30', '2025-12-26 02:32:30', 7),
(28871, 'MAK-2025-470', 'SUPERMIE PEDAS SEMUR', 2, 0.00, 0.00, 0, 5, NULL, 1, '2025-12-26 02:32:30', '2025-12-26 02:32:30', 1),
(28872, 'MIN-2025-137', 'SUSU BEAR BRAND', 3, 0.00, 0.00, 0, 5, NULL, 1, '2025-12-26 02:32:30', '2025-12-26 02:32:30', 1),
(28873, 'MIN-2025-138', 'SUSU CARNATION', 3, 0.00, 0.00, 0, 5, NULL, 1, '2025-12-26 02:32:30', '2025-12-26 02:32:30', 1),
(28874, 'MIN-2025-139', 'SUSU DIAMOND FULL CREAM', 3, 0.00, 0.00, 0, 5, NULL, 1, '2025-12-26 02:32:30', '2025-12-26 02:32:30', 1),
(28875, 'MIN-2025-140', 'SUSU EVAPORASI', 3, 0.00, 0.00, 0, 5, NULL, 1, '2025-12-26 02:32:30', '2025-12-26 02:32:30', 1),
(28876, 'MIN-2025-141', 'SUSU FRISIAN FLAG  COKLAT KALENG', 3, 0.00, 0.00, 0, 5, NULL, 1, '2025-12-26 02:32:30', '2025-12-26 02:32:30', 1),
(28877, 'MIN-2025-142', 'SUSU FRISIAN FLAG KALENG PUTIH', 3, 0.00, 0.00, 0, 5, NULL, 1, '2025-12-26 02:32:30', '2025-12-26 02:32:30', 1),
(28878, 'MIN-2025-143', 'SUSU INDOMILK COKLAT RENCENG', 3, 0.00, 0.00, 0, 5, NULL, 1, '2025-12-26 02:32:30', '2025-12-26 02:32:30', 10),
(28879, 'MAK-2025-471', 'SUSU INDOMILK PUTIH KALENG', 2, 0.00, 0.00, 0, 5, NULL, 1, '2025-12-26 02:32:30', '2025-12-26 02:32:30', 1),
(28880, 'MIN-2025-144', 'SUSU INDOMILK PUTIH RENCENG', 3, 0.00, 0.00, 0, 5, NULL, 1, '2025-12-26 02:32:30', '2025-12-26 02:32:30', 10),
(28881, 'MIN-2025-145', 'SUSU MILK BARN', 3, 0.00, 0.00, 0, 5, NULL, 1, '2025-12-26 02:32:30', '2025-12-26 02:32:30', 1),
(28882, 'MIN-2025-146', 'SUSU ROYAL', 3, 0.00, 0.00, 0, 5, NULL, 1, '2025-12-26 02:32:30', '2025-12-26 02:32:30', 1),
(28883, 'MIN-2025-147', 'SUSU TIGA SAPI COKLAT', 3, 0.00, 0.00, 0, 5, NULL, 1, '2025-12-26 02:32:30', '2025-12-26 02:32:30', 1),
(28884, 'MIN-2025-148', 'SUSU TIGA SAPI PUTIH', 3, 0.00, 0.00, 0, 5, NULL, 1, '2025-12-26 02:32:30', '2025-12-26 02:32:30', 1),
(28885, 'MIN-2025-149', 'SUSU UHT FULCREAM FRISIAN FLAG', 3, 0.00, 0.00, 0, 5, NULL, 1, '2025-12-26 02:32:30', '2025-12-26 02:32:30', 1),
(28886, 'MIN-2025-150', 'SUSU UHT INDOMILK KIDS COKLAT', 3, 0.00, 0.00, 0, 5, NULL, 1, '2025-12-26 02:32:30', '2025-12-26 02:32:30', 1),
(28887, 'MIN-2025-151', 'SUSU UHT INDOMILK KIDS STRAWBERRY', 3, 0.00, 0.00, 0, 5, NULL, 1, '2025-12-26 02:32:30', '2025-12-26 02:32:30', 1),
(28888, 'PLA-2025-356', 'TALI 5000', 5, 0.00, 0.00, 0, 5, NULL, 1, '2025-12-26 02:32:30', '2025-12-26 02:32:30', 1),
(28889, 'PLA-2025-357', 'TALI FASTER', 5, 0.00, 0.00, 0, 5, NULL, 1, '2025-12-26 02:32:30', '2025-12-26 02:32:30', 10),
(28890, 'PLA-2025-358', 'TALI JAYA BARU', 5, 0.00, 0.00, 0, 5, NULL, 1, '2025-12-26 02:32:30', '2025-12-26 02:32:30', 1),
(28891, 'PLA-2025-359', 'TALI KING 1 Kg', 5, 0.00, 0.00, 0, 5, NULL, 1, '2025-12-26 02:32:30', '2025-12-26 02:32:30', 1),
(28892, 'PLA-2025-360', 'TALI KING 1,4', 5, 0.00, 0.00, 0, 5, NULL, 1, '2025-12-26 02:32:30', '2025-12-26 02:32:30', 1),
(28893, 'PLA-2025-361', 'TALI KUNING', 5, 0.00, 0.00, 0, 5, NULL, 1, '2025-12-26 02:32:30', '2025-12-26 02:32:30', 1),
(28894, 'PLA-2025-362', 'TALI MATAHARI', 5, 0.00, 0.00, 0, 5, NULL, 1, '2025-12-26 02:32:30', '2025-12-26 02:32:30', 1),
(28895, 'PLA-2025-363', 'TALI MULYANA', 5, 0.00, 0.00, 0, 5, NULL, 1, '2025-12-26 02:32:30', '2025-12-26 02:32:30', 1),
(28896, 'PLA-2025-364', 'TALI PESONA', 5, 0.00, 0.00, 0, 5, NULL, 1, '2025-12-26 02:32:30', '2025-12-26 02:32:30', 1),
(28897, 'PLA-2025-365', 'TALI QUEN KUNING', 5, 0.00, 0.00, 0, 5, NULL, 1, '2025-12-26 02:32:30', '2025-12-26 02:32:30', 10),
(28898, 'PLA-2025-366', 'TALI QUEN MERAH', 5, 0.00, 0.00, 0, 5, NULL, 1, '2025-12-26 02:32:30', '2025-12-26 02:32:30', 10),
(28899, 'PLA-2025-367', 'TALI STARLION BIRU', 5, 0.00, 0.00, 0, 5, NULL, 1, '2025-12-26 02:32:30', '2025-12-26 02:32:30', 1),
(28900, 'PLA-2025-368', 'TALI STARLION KUNING', 5, 0.00, 0.00, 0, 5, NULL, 1, '2025-12-26 02:32:30', '2025-12-26 02:32:30', 1),
(28901, 'PLA-2025-369', 'TALI STARLION MERAH', 5, 0.00, 0.00, 0, 5, NULL, 1, '2025-12-26 02:32:30', '2025-12-26 02:32:30', 1),
(28902, 'MIN-2025-152', 'TEA JUS APEL', 3, 0.00, 0.00, 0, 5, NULL, 1, '2025-12-26 02:32:30', '2025-12-26 02:32:30', 10),
(28903, 'MIN-2025-153', 'TEA JUS GULA BATU', 3, 0.00, 0.00, 0, 5, NULL, 1, '2025-12-26 02:32:30', '2025-12-26 02:32:30', 10),
(28904, 'MIN-2025-154', 'TEA JUS LEMON', 3, 0.00, 0.00, 0, 5, NULL, 1, '2025-12-26 02:32:30', '2025-12-26 02:32:30', 10),
(28905, 'MIN-2025-155', 'TEA JUS MADU', 3, 0.00, 0.00, 0, 5, NULL, 1, '2025-12-26 02:32:30', '2025-12-26 02:32:30', 10),
(28906, 'MIN-2025-156', 'TEA JUS MELATI', 3, 0.00, 0.00, 0, 5, NULL, 1, '2025-12-26 02:32:30', '2025-12-26 02:32:30', 10),
(28907, 'MIN-2025-157', 'TEH BENDERA BUBUK', 3, 0.00, 0.00, 0, 5, NULL, 1, '2025-12-26 02:32:30', '2025-12-26 02:32:30', 13),
(28908, 'MIN-2025-158', 'TEH BENDERA CELUP', 3, 0.00, 0.00, 0, 5, NULL, 1, '2025-12-26 02:32:31', '2025-12-26 02:32:31', 1),
(28909, 'MIN-2025-159', 'TEH BENDERA Pcs', 3, 0.00, 0.00, 0, 5, NULL, 1, '2025-12-26 02:32:31', '2025-12-26 02:32:31', 1),
(28910, 'MIN-2025-160', 'TEH BENDERA RCNG', 3, 0.00, 0.00, 0, 5, NULL, 1, '2025-12-26 02:32:31', '2025-12-26 02:32:31', 5),
(28911, 'MIN-2025-161', 'TEH GOLPARA 250GR', 3, 0.00, 0.00, 0, 5, NULL, 1, '2025-12-26 02:32:31', '2025-12-26 02:32:31', 1),
(28912, 'MIN-2025-162', 'TEH LOMBA KUDA', 3, 0.00, 0.00, 0, 5, NULL, 1, '2025-12-26 02:32:31', '2025-12-26 02:32:31', 13),
(28913, 'MAK-2025-472', 'TEH PRENJAK', 2, 0.00, 0.00, 0, 5, NULL, 1, '2025-12-26 02:32:31', '2025-12-26 02:32:31', 1),
(28914, 'MIN-2025-163', 'TEH PUCUK', 3, 0.00, 0.00, 0, 5, NULL, 1, '2025-12-26 02:32:31', '2025-12-26 02:32:31', 11),
(28915, 'MIN-2025-164', 'TEH RESTO KAYU ARO', 3, 0.00, 0.00, 0, 5, NULL, 1, '2025-12-26 02:32:31', '2025-12-26 02:32:31', 12),
(28916, 'MIN-2025-165', 'TEH SARIMURNI', 3, 0.00, 0.00, 0, 5, NULL, 1, '2025-12-26 02:32:31', '2025-12-26 02:32:31', 1),
(28917, 'MIN-2025-166', 'TEH SARIWANGI', 3, 0.00, 0.00, 0, 5, NULL, 1, '2025-12-26 02:32:31', '2025-12-26 02:32:31', 1),
(28918, 'MIN-2025-167', 'TEH SISRI APEL DORAEMON', 3, 0.00, 0.00, 0, 5, NULL, 1, '2025-12-26 02:32:31', '2025-12-26 02:32:31', 10),
(28919, 'MIN-2025-168', 'TEH SISRI BLACKCURRENT', 3, 0.00, 0.00, 0, 5, NULL, 1, '2025-12-26 02:32:31', '2025-12-26 02:32:31', 5),
(28920, 'MIN-2025-169', 'TEH SISRI GULA BATU', 3, 0.00, 0.00, 0, 5, NULL, 1, '2025-12-26 02:32:31', '2025-12-26 02:32:31', 5),
(28921, 'MIN-2025-170', 'TEH SISRI GULA TEBU', 3, 0.00, 0.00, 0, 5, NULL, 1, '2025-12-26 02:32:31', '2025-12-26 02:32:31', 10),
(28922, 'MIN-2025-171', 'TEH SISRI MELATI', 3, 0.00, 0.00, 0, 5, NULL, 1, '2025-12-26 02:32:31', '2025-12-26 02:32:31', 5),
(28923, 'MIN-2025-172', 'TEH SOSRO ISI 30', 3, 0.00, 0.00, 0, 5, NULL, 1, '2025-12-26 02:32:31', '2025-12-26 02:32:31', 5),
(28924, 'MIN-2025-173', 'TEH TARIK', 3, 0.00, 0.00, 0, 5, NULL, 1, '2025-12-26 02:32:31', '2025-12-26 02:32:31', 10),
(28925, 'MIN-2025-174', 'TEKOMAS SP COICE', 3, 0.00, 0.00, 0, 5, NULL, 1, '2025-12-26 02:32:31', '2025-12-26 02:32:31', 13),
(28926, 'MAK-2025-473', 'TELUR', 2, 0.00, 0.00, 0, 5, NULL, 1, '2025-12-26 02:32:31', '2025-12-26 02:32:31', 1),
(28927, 'MAK-2025-474', 'TEPUNG BERAS AROMANIS MANGGA', 2, 0.00, 0.00, 0, 5, NULL, 1, '2025-12-26 02:32:31', '2025-12-26 02:32:31', 12),
(28928, 'MAK-2025-475', 'TEPUNG BERAS BOLA', 2, 0.00, 0.00, 0, 5, NULL, 1, '2025-12-26 02:32:31', '2025-12-26 02:32:31', 12),
(28929, 'MAK-2025-476', 'TEPUNG BERAS ROSE BRAND', 2, 0.00, 0.00, 0, 5, NULL, 1, '2025-12-26 02:32:31', '2025-12-26 02:32:31', 12),
(28930, 'MAK-2025-477', 'TEPUNG CAKRA KARUNG', 2, 0.00, 0.00, 0, 5, NULL, 1, '2025-12-26 02:32:31', '2025-12-26 02:32:31', 13),
(28931, 'MAK-2025-478', 'TEPUNG CAKRA KEMASAN', 2, 0.00, 0.00, 0, 5, NULL, 1, '2025-12-26 02:32:31', '2025-12-26 02:32:31', 1),
(28932, 'MAK-2025-479', 'TEPUNG FORTUNE', 2, 0.00, 0.00, 0, 5, NULL, 1, '2025-12-26 02:32:31', '2025-12-26 02:32:31', 13),
(28933, 'MAK-2025-480', 'TEPUNG FORVITA 200GR', 2, 0.00, 0.00, 0, 5, NULL, 1, '2025-12-26 02:32:31', '2025-12-26 02:32:31', 1),
(28934, 'MAK-2025-481', 'TEPUNG GOLDEN CROWN HIJAU', 2, 0.00, 0.00, 0, 5, NULL, 1, '2025-12-26 02:32:31', '2025-12-26 02:32:31', 13),
(28935, 'MIN-2025-175', 'TEPUNG GORENG PISANG', 3, 0.00, 0.00, 0, 5, NULL, 1, '2025-12-26 02:32:31', '2025-12-26 02:32:31', 1),
(28936, 'MAK-2025-482', 'TEPUNG GULA 1Kg', 2, 0.00, 0.00, 0, 5, NULL, 1, '2025-12-26 02:32:31', '2025-12-26 02:32:31', 13),
(28937, 'MAK-2025-483', 'TEPUNG HANKUE', 2, 0.00, 0.00, 0, 5, NULL, 1, '2025-12-26 02:32:31', '2025-12-26 02:32:31', 10),
(28938, 'MAK-2025-484', 'TEPUNG KANJI', 2, 0.00, 0.00, 0, 5, NULL, 1, '2025-12-26 02:32:31', '2025-12-26 02:32:31', 13),
(28939, 'MAK-2025-485', 'TEPUNG KANJI IKAN', 2, 0.00, 0.00, 0, 5, NULL, 1, '2025-12-26 02:32:31', '2025-12-26 02:32:31', 13),
(28940, 'MAK-2025-486', 'TEPUNG KANJI KUNING Pack TANI', 2, 0.00, 0.00, 0, 5, NULL, 1, '2025-12-26 02:32:31', '2025-12-26 02:32:31', 1),
(28941, 'MAK-2025-487', 'TEPUNG KETAN BOLA', 2, 0.00, 0.00, 0, 5, NULL, 1, '2025-12-26 02:32:31', '2025-12-26 02:32:31', 12),
(28942, 'MAK-2025-488', 'TEPUNG KETAN ROSE BRAND', 2, 0.00, 0.00, 0, 5, NULL, 1, '2025-12-26 02:32:31', '2025-12-26 02:32:31', 12),
(28943, 'MAK-2025-489', 'TEPUNG KOBE BAKWAN CRES', 2, 0.00, 0.00, 0, 5, NULL, 1, '2025-12-26 02:32:31', '2025-12-26 02:32:31', 1),
(28944, 'MAK-2025-490', 'TEPUNG KOBE KENTUCKY', 2, 0.00, 0.00, 0, 5, NULL, 1, '2025-12-26 02:32:31', '2025-12-26 02:32:31', 1),
(28945, 'MAK-2025-491', 'TEPUNG KOBE PISANG KRISPI', 2, 0.00, 0.00, 0, 5, NULL, 1, '2025-12-26 02:32:31', '2025-12-26 02:32:31', 1),
(28946, 'MAK-2025-492', 'TEPUNG KOBE SERBA GUNA', 2, 0.00, 0.00, 0, 5, NULL, 1, '2025-12-26 02:32:31', '2025-12-26 02:32:31', 1),
(28947, 'MAK-2025-493', 'TEPUNG KOBE SUPER KRISPI', 2, 0.00, 0.00, 0, 5, NULL, 1, '2025-12-26 02:32:31', '2025-12-26 02:32:31', 1),
(28948, 'MAK-2025-494', 'TEPUNG KUNCI BIRU', 2, 0.00, 0.00, 0, 5, NULL, 1, '2025-12-26 02:32:31', '2025-12-26 02:32:31', 1),
(28949, 'MAK-2025-495', 'TEPUNG LENCANA MERAH', 2, 0.00, 0.00, 0, 5, NULL, 1, '2025-12-26 02:32:31', '2025-12-26 02:32:31', 13),
(28950, 'MAK-2025-496', 'TEPUNG MAIZENA', 2, 0.00, 0.00, 0, 5, NULL, 1, '2025-12-26 02:32:31', '2025-12-26 02:32:31', 13),
(28951, 'MAK-2025-497', 'TEPUNG MAMA SUKA KRISPI', 2, 0.00, 0.00, 0, 5, NULL, 1, '2025-12-26 02:32:31', '2025-12-26 02:32:31', 1),
(28952, 'MAK-2025-498', 'TEPUNG MAMA SUKA SERBA GUNA', 2, 0.00, 0.00, 0, 5, NULL, 1, '2025-12-26 02:32:31', '2025-12-26 02:32:31', 12),
(28953, 'MAK-2025-499', 'TEPUNG PAYUNG', 2, 0.00, 0.00, 0, 5, NULL, 1, '2025-12-26 02:32:31', '2025-12-26 02:32:31', 13),
(28954, 'MAK-2025-500', 'TEPUNG PELO', 2, 0.00, 0.00, 0, 5, NULL, 1, '2025-12-26 02:32:31', '2025-12-26 02:32:31', 13),
(28955, 'MAK-2025-501', 'TEPUNG RACIK AYAM KRISPI', 2, 0.00, 0.00, 0, 5, NULL, 1, '2025-12-26 02:32:31', '2025-12-26 02:32:31', 10),
(28956, 'MAK-2025-502', 'TEPUNG SAGU', 2, 0.00, 0.00, 0, 5, NULL, 1, '2025-12-26 02:32:31', '2025-12-26 02:32:31', 13),
(28957, 'MAK-2025-503', 'TEPUNG SAGU SUPER BRAND', 2, 0.00, 0.00, 0, 5, NULL, 1, '2025-12-26 02:32:31', '2025-12-26 02:32:31', 12),
(28958, 'MAK-2025-504', 'TEPUNG SAGU TANI', 2, 0.00, 0.00, 0, 5, NULL, 1, '2025-12-26 02:32:31', '2025-12-26 02:32:31', 12),
(28959, 'MAK-2025-505', 'TEPUNG SAJIKU GOLDEN KRISPI 75GR', 2, 0.00, 0.00, 0, 5, NULL, 1, '2025-12-26 02:32:31', '2025-12-26 02:32:31', 1),
(28960, 'MAK-2025-506', 'TEPUNG SAJIKU NASI GORENG AYAM', 2, 0.00, 0.00, 0, 5, NULL, 1, '2025-12-26 02:32:31', '2025-12-26 02:32:31', 1),
(28961, 'MAK-2025-507', 'TEPUNG SASA BAKWAN', 2, 0.00, 0.00, 0, 5, NULL, 1, '2025-12-26 02:32:31', '2025-12-26 02:32:31', 10),
(28962, 'MAK-2025-508', 'TEPUNG SASA KENTAKI', 2, 0.00, 0.00, 0, 5, NULL, 1, '2025-12-26 02:32:32', '2025-12-26 02:32:32', 10),
(28963, 'MAK-2025-509', 'TEPUNG SASA KENTAKI 250GR', 2, 0.00, 0.00, 0, 5, NULL, 1, '2025-12-26 02:32:32', '2025-12-26 02:32:32', 1),
(28964, 'MAK-2025-510', 'TEPUNG SASA ORIGINAL', 2, 0.00, 0.00, 0, 5, NULL, 1, '2025-12-26 02:32:32', '2025-12-26 02:32:32', 10),
(28965, 'MAK-2025-511', 'TEPUNG SASA ORIGINAL 250GR', 2, 0.00, 0.00, 0, 5, NULL, 1, '2025-12-26 02:32:32', '2025-12-26 02:32:32', 1),
(28966, 'MAK-2025-512', 'TEPUNG SASA PISANG GORENG', 2, 0.00, 0.00, 0, 5, NULL, 1, '2025-12-26 02:32:32', '2025-12-26 02:32:32', 10),
(28967, 'MAK-2025-513', 'TEPUNG SEGITIGA BIRU KARUNG', 2, 0.00, 0.00, 0, 5, NULL, 1, '2025-12-26 02:32:32', '2025-12-26 02:32:32', 13),
(28968, 'MAK-2025-514', 'TEPUNG SEGITIGA BIRU KEMASAN', 2, 0.00, 0.00, 0, 5, NULL, 1, '2025-12-26 02:32:32', '2025-12-26 02:32:32', 12),
(28969, 'MAK-2025-515', 'TEPUNG SIIP', 2, 0.00, 0.00, 0, 5, NULL, 1, '2025-12-26 02:32:32', '2025-12-26 02:32:32', 13),
(28970, 'MAK-2025-516', 'TEPUNG SUSU', 2, 0.00, 0.00, 0, 5, NULL, 1, '2025-12-26 02:32:32', '2025-12-26 02:32:32', 13),
(28971, 'MAK-2025-517', 'TEPUNG TULIP', 2, 0.00, 0.00, 0, 5, NULL, 1, '2025-12-26 02:32:32', '2025-12-26 02:32:32', 13),
(28972, 'MAK-2025-518', 'TEPUNG UBI', 2, 0.00, 0.00, 0, 5, NULL, 1, '2025-12-26 02:32:32', '2025-12-26 02:32:32', 13),
(28973, 'MAK-2025-519', 'TERASI UDANG ABC', 2, 0.00, 0.00, 0, 5, NULL, 1, '2025-12-26 02:32:32', '2025-12-26 02:32:32', 10),
(28974, 'TE-2025-3', 'Tes 1', 16, 0.00, 0.00, 0, 5, NULL, 1, '2025-12-26 02:32:32', '2025-12-26 02:33:47', 1),
(28975, 'MIN-2025-176', 'Tes 2', 3, 0.00, 0.00, 0, 5, NULL, 1, '2025-12-26 02:32:32', '2025-12-26 02:33:47', 13),
(28976, 'PLA-2025-370', 'TF 2', 5, 0.00, 0.00, 0, 5, NULL, 1, '2025-12-26 02:32:32', '2025-12-26 02:32:32', 10),
(28977, 'PLA-2025-371', 'TF 3', 5, 0.00, 0.00, 0, 5, NULL, 1, '2025-12-26 02:32:32', '2025-12-26 02:32:32', 10),
(28978, 'PLA-2025-372', 'TF BURGER', 5, 0.00, 0.00, 0, 5, NULL, 1, '2025-12-26 02:32:32', '2025-12-26 02:32:32', 10),
(28979, 'PLA-2025-373', 'TF MANGKOK', 5, 0.00, 0.00, 0, 5, NULL, 1, '2025-12-26 02:32:32', '2025-12-26 02:32:32', 10),
(28980, 'PLA-2025-374', 'THINWAL DM 500ML CUP', 5, 0.00, 0.00, 0, 5, NULL, 1, '2025-12-26 02:32:32', '2025-12-26 02:32:32', 10),
(28981, 'PLA-2025-375', 'THINWAL DM MERPATI 150ML', 5, 0.00, 0.00, 0, 5, NULL, 1, '2025-12-26 02:32:32', '2025-12-26 02:32:32', 10),
(28982, 'PLA-2025-376', 'THINWAL DM SQ 120ML', 5, 0.00, 0.00, 0, 5, NULL, 1, '2025-12-26 02:32:32', '2025-12-26 02:32:32', 10),
(28983, 'PLA-2025-377', 'THINWAL DM SQ 150ML', 5, 0.00, 0.00, 0, 5, NULL, 1, '2025-12-26 02:32:32', '2025-12-26 02:32:32', 10),
(28984, 'PLA-2025-378', 'THINWAL DM SQ 500 ML', 5, 0.00, 0.00, 0, 5, NULL, 1, '2025-12-26 02:32:32', '2025-12-26 02:32:32', 10),
(28985, 'PLA-2025-379', 'THINWAL LUX 1000ML', 5, 0.00, 0.00, 0, 5, NULL, 1, '2025-12-26 02:32:32', '2025-12-26 02:32:32', 10),
(28986, 'PLA-2025-380', 'THINWAL LUX 500ML', 5, 0.00, 0.00, 0, 5, NULL, 1, '2025-12-26 02:32:32', '2025-12-26 02:32:32', 10),
(28987, 'PLA-2025-381', 'THINWAL LUX 650ML', 5, 0.00, 0.00, 0, 5, NULL, 1, '2025-12-26 02:32:32', '2025-12-26 02:32:32', 10),
(28988, 'PLA-2025-382', 'THINWALL DM CUP P3 80ML 12X50', 5, 0.00, 0.00, 0, 5, NULL, 1, '2025-12-26 02:32:32', '2025-12-26 02:32:32', 10),
(28989, 'PLA-2025-383', 'THINWALL DM REC 500ML', 5, 0.00, 0.00, 0, 5, NULL, 1, '2025-12-26 02:32:32', '2025-12-26 02:32:32', 10),
(28990, 'PLA-2025-384', 'THINWALL DM REC 650ML', 5, 0.00, 0.00, 0, 5, NULL, 1, '2025-12-26 02:32:32', '2025-12-26 02:32:32', 10),
(28991, 'PLA-2025-385', 'TINWAL 100', 5, 0.00, 0.00, 0, 5, NULL, 1, '2025-12-26 02:32:32', '2025-12-26 02:32:32', 10),
(28992, 'PLA-2025-386', 'TINWAL 150ML', 5, 0.00, 0.00, 0, 5, NULL, 1, '2025-12-26 02:32:32', '2025-12-26 02:32:32', 10),
(28993, 'PLA-2025-387', 'TINWAL 25', 5, 0.00, 0.00, 0, 5, NULL, 1, '2025-12-26 02:32:32', '2025-12-26 02:32:32', 10),
(28994, 'PLA-2025-388', 'TINWAL 35ML', 5, 0.00, 0.00, 0, 5, NULL, 1, '2025-12-26 02:32:32', '2025-12-26 02:32:32', 10),
(28995, 'PLA-2025-389', 'TINWAL 50ML', 5, 0.00, 0.00, 0, 5, NULL, 1, '2025-12-26 02:32:32', '2025-12-26 02:32:32', 10),
(28996, 'PLA-2025-390', 'TISSU CASSIE 250G', 5, 0.00, 0.00, 0, 5, NULL, 1, '2025-12-26 02:32:32', '2025-12-26 02:32:32', 1),
(28997, 'PLA-2025-391', 'TISSU CASSIE POP UP', 5, 0.00, 0.00, 0, 5, NULL, 1, '2025-12-26 02:32:32', '2025-12-26 02:32:32', 10),
(28998, 'PLA-2025-392', 'TISSU MULTI', 5, 0.00, 0.00, 0, 5, NULL, 1, '2025-12-26 02:32:32', '2025-12-26 02:32:32', 1),
(28999, 'PLA-2025-393', 'TISSU PASEO KECIL', 5, 0.00, 0.00, 0, 5, NULL, 1, '2025-12-26 02:32:32', '2025-12-26 02:32:32', 1),
(29000, 'PLA-2025-394', 'TISSU PASEO SMART 250', 5, 0.00, 0.00, 0, 5, NULL, 1, '2025-12-26 02:32:32', '2025-12-26 02:32:32', 1),
(29001, 'PLA-2025-395', 'TISSUE JOLLY FACIAL 250SH', 5, 0.00, 0.00, 0, 5, NULL, 1, '2025-12-26 02:32:32', '2025-12-26 02:32:32', 1),
(29002, 'PLA-2025-396', 'TISU JOLY FACIAL POP UP', 5, 0.00, 0.00, 0, 5, NULL, 1, '2025-12-26 02:32:32', '2025-12-26 02:32:32', 1),
(29003, 'PLA-2025-397', 'TISU PASEO GO SMART 200', 5, 0.00, 0.00, 0, 5, NULL, 1, '2025-12-26 02:32:32', '2025-12-26 02:32:32', 6),
(29004, 'MIN-2025-177', 'TOP CAPPUCINO', 3, 0.00, 0.00, 0, 5, NULL, 1, '2025-12-26 02:32:32', '2025-12-26 02:32:32', 10),
(29005, 'MIN-2025-178', 'TOP GULA AREN', 3, 0.00, 0.00, 0, 5, NULL, 1, '2025-12-26 02:32:32', '2025-12-26 02:32:32', 10),
(29006, 'MIN-2025-179', 'TOP ICE ANGGUR', 3, 0.00, 0.00, 0, 5, NULL, 1, '2025-12-26 02:32:32', '2025-12-26 02:32:32', 10),
(29007, 'MIN-2025-180', 'TOP ICE BLUBERRY', 3, 0.00, 0.00, 0, 5, NULL, 1, '2025-12-26 02:32:32', '2025-12-26 02:32:32', 10),
(29008, 'MIN-2025-181', 'TOP ICE BUBLEGUME', 3, 0.00, 0.00, 0, 5, NULL, 1, '2025-12-26 02:32:32', '2025-12-26 02:32:32', 10),
(29009, 'MIN-2025-182', 'TOP ICE CAPUCCINO', 3, 0.00, 0.00, 0, 5, NULL, 1, '2025-12-26 02:32:32', '2025-12-26 02:32:32', 10),
(29010, 'MIN-2025-183', 'TOP ICE CHOCHO CARAMEL', 3, 0.00, 0.00, 0, 5, NULL, 1, '2025-12-26 02:32:32', '2025-12-26 02:32:32', 10),
(29011, 'MIN-2025-184', 'TOP ICE CHOCHO CHEEZ', 3, 0.00, 0.00, 0, 5, NULL, 1, '2025-12-26 02:32:32', '2025-12-26 02:32:32', 10),
(29012, 'MIN-2025-185', 'TOP ICE CHOCHO ICE', 3, 0.00, 0.00, 0, 5, NULL, 1, '2025-12-26 02:32:32', '2025-12-26 02:32:32', 10),
(29013, 'MIN-2025-186', 'TOP ICE CHOCHO WAFER', 3, 0.00, 0.00, 0, 5, NULL, 1, '2025-12-26 02:32:32', '2025-12-26 02:32:32', 10),
(29014, 'MIN-2025-187', 'TOP ICE COKLAT', 3, 0.00, 0.00, 0, 5, NULL, 1, '2025-12-26 02:32:32', '2025-12-26 02:32:32', 10),
(29015, 'MIN-2025-188', 'TOP ICE COKLAT BISKUIT', 3, 0.00, 0.00, 0, 5, NULL, 1, '2025-12-26 02:32:32', '2025-12-26 02:32:32', 10),
(29016, 'MIN-2025-189', 'TOP ICE DURIAN', 3, 0.00, 0.00, 0, 5, NULL, 1, '2025-12-26 02:32:32', '2025-12-26 02:32:32', 10),
(29017, 'MIN-2025-190', 'TOP ICE MALKIST KEJU PROMO', 3, 0.00, 0.00, 0, 5, NULL, 1, '2025-12-26 02:32:32', '2025-12-26 02:32:32', 10),
(29018, 'MIN-2025-191', 'TOP ICE MANGGA', 3, 0.00, 0.00, 0, 5, NULL, 1, '2025-12-26 02:32:33', '2025-12-26 02:32:33', 10),
(29019, 'MIN-2025-192', 'TOP ICE MELON', 3, 0.00, 0.00, 0, 5, NULL, 1, '2025-12-26 02:32:33', '2025-12-26 02:32:33', 10),
(29020, 'MIN-2025-193', 'TOP ICE MOMORIO', 3, 0.00, 0.00, 0, 5, NULL, 1, '2025-12-26 02:32:33', '2025-12-26 02:32:33', 10),
(29021, 'MIN-2025-194', 'TOP ICE PERMEN KARET', 3, 0.00, 0.00, 0, 5, NULL, 1, '2025-12-26 02:32:33', '2025-12-26 02:32:33', 10),
(29022, 'MIN-2025-195', 'TOP ICE STRAWBERRY', 3, 0.00, 0.00, 0, 5, NULL, 1, '2025-12-26 02:32:33', '2025-12-26 02:32:33', 10),
(29023, 'MIN-2025-196', 'TOP ICE SUSU COKLAT', 3, 0.00, 0.00, 0, 5, NULL, 1, '2025-12-26 02:32:33', '2025-12-26 02:32:33', 10),
(29024, 'MIN-2025-197', 'TOP ICE SUSU COKLAT BISKUIT', 3, 0.00, 0.00, 0, 5, NULL, 1, '2025-12-26 02:32:33', '2025-12-26 02:32:33', 10),
(29025, 'MIN-2025-198', 'TOP ICE SUSU DURIAN', 3, 0.00, 0.00, 0, 5, NULL, 1, '2025-12-26 02:32:33', '2025-12-26 02:32:33', 10),
(29026, 'MIN-2025-199', 'TOP ICE TARO', 3, 0.00, 0.00, 0, 5, NULL, 1, '2025-12-26 02:32:33', '2025-12-26 02:32:33', 10),
(29027, 'MIN-2025-200', 'TOP ICE VANILA', 3, 0.00, 0.00, 0, 5, NULL, 1, '2025-12-26 02:32:33', '2025-12-26 02:32:33', 10),
(29028, 'MIN-2025-201', 'TOP ICE VANILA BLUE', 3, 0.00, 0.00, 0, 5, NULL, 1, '2025-12-26 02:32:33', '2025-12-26 02:32:33', 10),
(29029, 'MIN-2025-202', 'TOP ICE WAFER KEJU PROMO', 3, 0.00, 0.00, 0, 5, NULL, 1, '2025-12-26 02:32:33', '2025-12-26 02:32:33', 10),
(29030, 'MIN-2025-203', 'TOP MOKACINO', 3, 0.00, 0.00, 0, 5, NULL, 1, '2025-12-26 02:32:33', '2025-12-26 02:32:33', 10),
(29031, 'MAK-2025-520', 'TOPING COLATTA GALAZE CAPUCCINO 1Kg', 2, 0.00, 0.00, 0, 5, NULL, 1, '2025-12-26 02:32:33', '2025-12-26 02:32:33', 1),
(29032, 'MAK-2025-521', 'TOPING COLATTA GLAZE TIRAMISU 1Kg', 2, 0.00, 0.00, 0, 5, NULL, 1, '2025-12-26 02:32:33', '2025-12-26 02:32:33', 1),
(29033, 'PLA-2025-398', 'TOPLES 1000GR', 5, 0.00, 0.00, 0, 5, NULL, 1, '2025-12-26 02:32:33', '2025-12-26 02:32:33', 1),
(29034, 'PLA-2025-399', 'TOPLES 500GR', 5, 0.00, 0.00, 0, 5, NULL, 1, '2025-12-26 02:32:33', '2025-12-26 02:32:33', 1),
(29035, 'MIN-2025-204', 'TORABIKA CAPUCCINO', 3, 0.00, 0.00, 0, 5, NULL, 1, '2025-12-26 02:32:33', '2025-12-26 02:32:33', 10),
(29036, 'MAK-2025-522', 'TOTOLE JAMUR 40GR', 2, 0.00, 0.00, 0, 5, NULL, 1, '2025-12-26 02:32:33', '2025-12-26 02:32:33', 1),
(29037, 'MAK-2025-523', 'TOTOLE JAMUR 80GR', 2, 0.00, 0.00, 0, 5, NULL, 1, '2025-12-26 02:32:33', '2025-12-26 02:32:33', 1),
(29038, 'PLA-2025-400', 'TRENDI', 5, 0.00, 0.00, 0, 5, NULL, 1, '2025-12-26 02:32:33', '2025-12-26 02:32:33', 10),
(29039, 'PLA-2025-401', 'TUSUK GIGI BEAUTIFUL BIM', 5, 0.00, 0.00, 0, 5, NULL, 1, '2025-12-26 02:32:33', '2025-12-26 02:32:33', 1),
(29040, 'PLA-2025-402', 'TUSUK SATE 76', 5, 0.00, 0.00, 0, 5, NULL, 1, '2025-12-26 02:32:33', '2025-12-26 02:32:33', 12),
(29041, 'PLA-2025-403', 'TUSUK SATE 77', 5, 0.00, 0.00, 0, 5, NULL, 1, '2025-12-26 02:32:33', '2025-12-26 02:32:33', 13),
(29042, 'PLA-2025-404', 'TUSUK SATE CITOS', 5, 0.00, 0.00, 0, 5, NULL, 1, '2025-12-26 02:32:33', '2025-12-26 02:32:33', 12),
(29043, 'PLA-2025-405', 'TUSUK SATE KUDA', 5, 0.00, 0.00, 0, 5, NULL, 1, '2025-12-26 02:32:33', '2025-12-26 02:32:33', 12),
(29044, 'PLA-2025-406', 'TUSUK SATE NANAS', 5, 0.00, 0.00, 0, 5, NULL, 1, '2025-12-26 02:32:33', '2025-12-26 02:32:33', 12),
(29045, 'PLA-2025-407', 'TUSUK SATE PANDA', 5, 0.00, 0.00, 0, 5, NULL, 1, '2025-12-26 02:32:33', '2025-12-26 02:32:33', 12),
(29046, 'PLA-2025-408', 'TUTUP AGAR', 5, 0.00, 0.00, 0, 5, NULL, 1, '2025-12-26 02:32:33', '2025-12-26 02:32:33', 10),
(29047, 'PLA-2025-409', 'TUTUP DATAR MERAK', 5, 0.00, 0.00, 0, 5, NULL, 1, '2025-12-26 02:32:33', '2025-12-26 02:32:33', 10),
(29048, 'PLA-2025-410', 'TUTUP GELAS 130ML', 5, 0.00, 0.00, 0, 5, NULL, 1, '2025-12-26 02:32:33', '2025-12-26 02:32:33', 10),
(29049, 'PLA-2025-411', 'TUTUP GELAS 16 OZ JUPITER DATAR', 5, 0.00, 0.00, 0, 5, NULL, 1, '2025-12-26 02:32:33', '2025-12-26 02:32:33', 10),
(29050, 'PLA-2025-412', 'TUTUP GELAS CEMBUNG STARINDO', 5, 0.00, 0.00, 0, 5, NULL, 1, '2025-12-26 02:32:33', '2025-12-26 02:32:33', 10),
(29051, 'PLA-2025-413', 'TUTUP GELAS DATAR STARINDO', 5, 0.00, 0.00, 0, 5, NULL, 1, '2025-12-26 02:32:33', '2025-12-26 02:32:33', 10),
(29052, 'PLA-2025-414', 'TUTUP KOPI', 5, 0.00, 0.00, 0, 5, NULL, 1, '2025-12-26 02:32:33', '2025-12-26 02:32:33', 10),
(29053, 'PLA-2025-415', 'TUTUP KOPI OKEY', 5, 0.00, 0.00, 0, 5, NULL, 1, '2025-12-26 02:32:33', '2025-12-26 02:32:33', 10),
(29054, 'PLA-2025-416', 'TUTUP PAPER BOWL 350-500ML', 5, 0.00, 0.00, 0, 5, NULL, 1, '2025-12-26 02:32:33', '2025-12-26 02:32:33', 10),
(29055, 'PLA-2025-417', 'TUTUP PAPER BOWL 650ML', 5, 0.00, 0.00, 0, 5, NULL, 1, '2025-12-26 02:32:33', '2025-12-26 02:32:33', 10),
(29056, 'MAK-2025-524', 'UNIBIS BONBON', 2, 0.00, 0.00, 0, 5, NULL, 1, '2025-12-26 02:32:33', '2025-12-26 02:32:33', 1),
(29057, 'MAK-2025-525', 'UNIBIS COCOPUFF', 2, 0.00, 0.00, 0, 5, NULL, 1, '2025-12-26 02:32:33', '2025-12-26 02:32:33', 1),
(29058, 'MAK-2025-526', 'UNIBIS DURIAN', 2, 0.00, 0.00, 0, 5, NULL, 1, '2025-12-26 02:32:33', '2025-12-26 02:32:33', 1),
(29059, 'MAK-2025-527', 'UNIBIS GABIN KUNING / TAWAR', 2, 0.00, 0.00, 0, 5, NULL, 1, '2025-12-26 02:32:33', '2025-12-26 02:32:33', 1),
(29060, 'MAK-2025-528', 'VANILE KUNCI', 2, 0.00, 0.00, 0, 5, NULL, 1, '2025-12-26 02:32:33', '2025-12-26 02:32:33', 5),
(29061, 'MAK-2025-529', 'VANILE PINGUIN KECIL', 2, 0.00, 0.00, 0, 5, NULL, 1, '2025-12-26 02:32:33', '2025-12-26 02:32:33', 1),
(29062, 'MAK-2025-530', 'VETSIN JEMPOL 50GR', 2, 0.00, 0.00, 0, 5, NULL, 1, '2025-12-26 02:32:33', '2025-12-26 02:32:33', 1),
(29063, 'MAK-2025-531', 'VINISI', 2, 0.00, 0.00, 0, 5, NULL, 1, '2025-12-26 02:32:33', '2025-12-26 02:32:33', 1),
(29064, 'PLA-2025-418', 'WARING 100M', 5, 0.00, 0.00, 0, 5, NULL, 1, '2025-12-26 02:32:33', '2025-12-26 02:32:33', 21);
INSERT INTO `products` (`id`, `sku`, `name`, `category_id`, `buy_price`, `sell_price`, `stock`, `min_stock`, `image_url`, `is_active`, `created_at`, `updated_at`, `base_unit_id`) VALUES
(29065, 'PLA-2025-419', 'WARING 70M', 5, 0.00, 0.00, 0, 5, NULL, 1, '2025-12-26 02:32:33', '2025-12-26 02:32:33', 21),
(29066, 'MAK-2025-532', 'WHIPY CREAM', 2, 0.00, 0.00, 0, 5, NULL, 1, '2025-12-26 02:32:33', '2025-12-26 02:32:33', 10),
(29067, 'MAK-2025-533', 'WIJEN', 2, 0.00, 0.00, 0, 5, NULL, 1, '2025-12-26 02:32:33', '2025-12-26 02:32:33', 13),
(29068, 'MAK-2025-534', 'WOW SPAGETI MERAH', 2, 0.00, 0.00, 0, 5, NULL, 1, '2025-12-26 02:32:33', '2025-12-26 02:32:33', 1),
(29069, 'MAK-2025-535', 'WOW SPAGETI OREN', 2, 0.00, 0.00, 0, 5, NULL, 1, '2025-12-26 02:32:33', '2025-12-26 02:32:33', 1);

-- --------------------------------------------------------

--
-- Table structure for table `product_units`
--

CREATE TABLE `product_units` (
  `id` int(11) NOT NULL,
  `product_id` int(11) NOT NULL,
  `unit_id` int(11) NOT NULL,
  `conversion_qty` decimal(10,4) NOT NULL DEFAULT 1.0000,
  `buy_price` decimal(15,2) DEFAULT 0.00,
  `sell_price` decimal(15,2) DEFAULT 0.00,
  `is_base_unit` tinyint(1) DEFAULT 0,
  `sort_order` int(11) DEFAULT 0
) ENGINE=InnoDB DEFAULT CHARSET=utf8mb4 COLLATE=utf8mb4_general_ci;

--
-- Dumping data for table `product_units`
--

INSERT INTO `product_units` (`id`, `product_id`, `unit_id`, `conversion_qty`, `buy_price`, `sell_price`, `is_base_unit`, `sort_order`) VALUES
(57311, 27859, 1, 1.0000, 5975.00, 7000.00, 1, 0),
(57312, 27859, 10, 20.0000, 119500.00, 126000.00, 0, 1),
(57313, 27860, 1, 1.0000, 5208.33, 6000.00, 1, 0),
(57314, 27860, 5, 12.0000, 62500.00, 65000.00, 0, 1),
(57315, 27861, 1, 1.0000, 5000.00, 6000.00, 1, 0),
(57316, 27861, 5, 12.0000, 60000.00, 65000.00, 0, 1),
(57317, 27862, 13, 1.0000, 42916.65, 46000.00, 1, 0),
(57318, 27862, 5, 20.0000, 858333.00, 880000.00, 0, 1),
(57319, 27863, 1, 1.0000, 11343.75, 13000.00, 1, 0),
(57320, 27863, 10, 10.0000, 113437.50, 117999.96, 0, 1),
(57321, 27863, 5, 80.0000, 907500.00, 936000.00, 0, 2),
(57322, 27864, 1, 1.0000, 4316.50, 5000.00, 1, 0),
(57323, 27864, 10, 12.0000, 51798.00, 57000.00, 0, 1),
(57324, 27864, 5, 120.0000, 517980.00, 525000.00, 0, 2),
(57325, 27865, 1, 1.0000, 11343.75, 12000.00, 1, 0),
(57326, 27865, 10, 10.0000, 113437.50, 118000.00, 0, 1),
(57327, 27865, 5, 80.0000, 907500.00, 915000.00, 0, 2),
(57328, 27866, 10, 1.0000, 16684.00, 18000.00, 1, 0),
(57329, 27866, 5, 18.0000, 300312.00, 310000.00, 0, 1),
(57330, 27867, 1, 1.0000, 28750.00, 28750.00, 1, 0),
(57331, 27867, 5, 20.0000, 575000.00, 575000.00, 0, 1),
(57332, 27868, 10, 1.0000, 7189.00, 10000.00, 1, 0),
(57333, 27868, 5, 24.0000, 172536.00, 216000.00, 0, 1),
(57334, 27869, 10, 1.0000, 50000.00, 0.00, 1, 0),
(57335, 27870, 10, 1.0000, 51000.00, 51000.00, 1, 0),
(57336, 27870, 5, 20.0000, 1020000.00, 1020000.00, 0, 1),
(57337, 27871, 10, 1.0000, 51000.00, 51000.00, 1, 0),
(57338, 27871, 5, 20.0000, 1020000.00, 1020000.00, 0, 1),
(57339, 27872, 10, 1.0000, 51000.00, 55000.00, 1, 0),
(57340, 27872, 5, 20.0000, 1020000.00, 1020000.00, 0, 1),
(57341, 27873, 10, 1.0000, 51000.00, 51000.00, 1, 0),
(57342, 27873, 5, 20.0000, 1020000.00, 1020000.00, 0, 1),
(57343, 27874, 10, 1.0000, 51000.00, 51000.00, 1, 0),
(57344, 27874, 5, 20.0000, 1020000.00, 1020000.00, 0, 1),
(57345, 27875, 10, 1.0000, 51000.00, 51000.00, 1, 0),
(57346, 27875, 5, 20.0000, 1020000.00, 1020000.00, 0, 1),
(57347, 27876, 1, 1.0000, 3917.00, 4167.00, 1, 0),
(57348, 27876, 5, 12.0000, 47000.00, 50000.00, 0, 1),
(57349, 27877, 1, 1.0000, 1604.00, 1875.00, 1, 0),
(57350, 27877, 5, 24.0000, 38500.00, 45000.00, 0, 1),
(57351, 27878, 1, 1.0000, 1000.00, 1083.00, 1, 0),
(57352, 27878, 10, 6.0000, 6000.00, 6500.00, 0, 1),
(57353, 27878, 5, 60.0000, 60000.00, 65000.00, 0, 2),
(57354, 27879, 10, 1.0000, 11000.00, 15000.00, 1, 0),
(57355, 27879, 9, 10.0000, 110000.00, 140000.00, 0, 1),
(57356, 27880, 10, 1.0000, 4625.00, 6000.00, 1, 0),
(57357, 27880, 5, 40.0000, 185000.00, 200000.00, 0, 1),
(57358, 27881, 10, 1.0000, 4625.00, 6000.00, 1, 0),
(57359, 27881, 5, 40.0000, 185000.00, 200000.00, 0, 1),
(57360, 27882, 10, 1.0000, 4625.00, 6000.00, 1, 0),
(57361, 27882, 5, 40.0000, 185000.00, 200000.00, 0, 1),
(57362, 27883, 10, 1.0000, 5833.33, 7000.00, 1, 0),
(57363, 27883, 5, 60.0000, 350000.00, 355000.00, 0, 1),
(57364, 27884, 10, 1.0000, 9166.67, 10000.00, 1, 0),
(57365, 27884, 5, 12.0000, 110000.00, 116000.00, 0, 1),
(57366, 27885, 1, 1.0000, 2077.13, 3000.00, 1, 0),
(57367, 27885, 5, 48.0000, 99702.00, 120000.00, 0, 1),
(57368, 27886, 1, 1.0000, 2630.13, 3000.00, 1, 0),
(57369, 27886, 5, 72.0000, 189369.00, 200000.00, 0, 1),
(57370, 27887, 1, 1.0000, 2630.13, 3000.00, 1, 0),
(57371, 27887, 5, 72.0000, 189369.00, 200000.00, 0, 1),
(57372, 27888, 1, 1.0000, 2524.92, 3000.00, 1, 0),
(57373, 27888, 5, 75.0000, 189369.00, 200000.00, 0, 1),
(57374, 27889, 10, 1.0000, 9250.00, 10000.00, 1, 0),
(57375, 27890, 13, 1.0000, 80000.00, 80000.00, 1, 0),
(57376, 27890, 5, 20.0000, 1600000.00, 1600000.00, 0, 1),
(57377, 27891, 7, 1.0000, 60000.00, 65000.00, 1, 0),
(57378, 27892, 10, 1.0000, 8150.65, 10000.00, 1, 0),
(57379, 27893, 13, 1.0000, 15800.00, 18000.00, 1, 0),
(57380, 27893, 9, 5.0000, 79000.00, 82000.00, 0, 1),
(57381, 27894, 13, 1.0000, 17400.00, 20000.00, 1, 0),
(57382, 27894, 9, 5.0000, 87000.00, 90000.00, 0, 1),
(57383, 27895, 13, 1.0000, 14130.43, 16000.00, 1, 0),
(57384, 27895, 9, 2.3000, 32500.00, 35000.00, 0, 1),
(57385, 27896, 13, 1.0000, 14130.43, 16000.00, 1, 0),
(57386, 27896, 9, 2.3000, 32500.00, 35000.00, 0, 1),
(57387, 27897, 13, 1.0000, 16000.00, 18000.00, 1, 0),
(57388, 27897, 9, 5.0000, 80000.00, 88000.00, 0, 1),
(57389, 27898, 13, 1.0000, 16000.00, 17548.32, 1, 0),
(57390, 27898, 9, 5.0000, 80000.00, 82000.00, 0, 1),
(57391, 27899, 13, 1.0000, 21000.00, 25000.00, 1, 0),
(57392, 27899, 5, 5.0000, 105000.00, 150937.50, 0, 1),
(57393, 27900, 13, 1.0000, 15800.00, 18000.00, 1, 0),
(57394, 27900, 9, 5.0000, 79000.00, 82000.00, 0, 1),
(57395, 27901, 12, 1.0000, 5958.33, 6735.51, 1, 0),
(57396, 27901, 9, 12.0000, 71500.00, 74000.00, 0, 1),
(57397, 27902, 10, 1.0000, 9288.98, 10000.00, 1, 0),
(57398, 27902, 5, 40.0000, 371559.00, 380000.00, 0, 1),
(57399, 27903, 1, 1.0000, 23000.00, 28000.00, 1, 0),
(57400, 27903, 5, 10.0000, 230000.00, 245000.00, 0, 1),
(57401, 27904, 1, 1.0000, 2750.00, 3000.00, 1, 0),
(57402, 27904, 10, 20.0000, 55000.00, 58000.00, 0, 1),
(57403, 27904, 5, 240.0000, 660000.00, 670000.00, 0, 2),
(57404, 27905, 10, 1.0000, 15180.00, 17000.00, 1, 0),
(57405, 27905, 5, 20.0000, 303600.00, 315000.00, 0, 1),
(57406, 27906, 10, 1.0000, 11510.00, 15000.00, 1, 0),
(57407, 27906, 5, 20.0000, 230200.00, 240000.00, 0, 1),
(57408, 27907, 1, 1.0000, 791.68, 1000.00, 1, 0),
(57409, 27907, 10, 12.0000, 9500.21, 10000.00, 0, 1),
(57410, 27907, 5, 576.0000, 456010.00, 478000.00, 0, 2),
(57411, 27908, 13, 1.0000, 22500.00, 28000.00, 1, 0),
(57412, 27908, 20, 20.0000, 450000.00, 460000.00, 0, 1),
(57413, 27909, 10, 1.0000, 3419.25, 5000.00, 1, 0),
(57414, 27909, 5, 8.0000, 27354.00, 30000.00, 0, 1),
(57415, 27910, 13, 1.0000, 40000.00, 50000.00, 1, 0),
(57416, 27910, 7, 25.0000, 1000000.00, 1125000.00, 0, 1),
(57417, 27911, 13, 1.0000, 56666.67, 60000.00, 1, 0),
(57418, 27911, 5, 12.0000, 680000.00, 685000.00, 0, 1),
(57419, 27912, 13, 1.0000, 65416.67, 75000.00, 1, 0),
(57420, 27912, 5, 12.0000, 785000.00, 800000.00, 0, 1),
(57421, 27913, 10, 1.0000, 18500.00, 20000.00, 1, 0),
(57422, 27913, 5, 8.0000, 148000.00, 156000.00, 0, 1),
(57423, 27914, 10, 1.0000, 18500.00, 20000.00, 1, 0),
(57424, 27914, 5, 8.0000, 148000.00, 156000.00, 0, 1),
(57425, 27915, 10, 1.0000, 20416.67, 20000.00, 1, 0),
(57426, 27915, 5, 8.0000, 148000.00, 156000.00, 0, 1),
(57427, 27916, 10, 1.0000, 18500.00, 20000.00, 1, 0),
(57428, 27916, 5, 8.0000, 148000.00, 156000.00, 0, 1),
(57429, 27917, 1, 1.0000, 12229.44, 13000.00, 1, 0),
(57430, 27917, 10, 12.0000, 146753.25, 151000.00, 0, 1),
(57431, 27917, 5, 48.0000, 587013.00, 600000.00, 0, 2),
(57432, 27918, 13, 1.0000, 42500.00, 50000.00, 1, 0),
(57433, 27918, 5, 2.0000, 85000.00, 90000.00, 0, 1),
(57434, 27919, 1, 1.0000, 10185.00, 11000.00, 1, 0),
(57435, 27919, 5, 5.0000, 50925.00, 53000.00, 0, 1),
(57436, 27920, 1, 1.0000, 28750.00, 35000.00, 1, 0),
(57437, 27920, 5, 12.0000, 345000.00, 360000.00, 0, 1),
(57438, 27921, 13, 1.0000, 32000.00, 37000.00, 1, 0),
(57439, 27921, 5, 20.0000, 640000.00, 700000.00, 0, 1),
(57440, 27922, 13, 1.0000, 24500.00, 27000.00, 1, 0),
(57441, 27922, 7, 10.0000, 245000.00, 255000.00, 0, 1),
(57442, 27923, 13, 1.0000, 24100.00, 24100.00, 1, 0),
(57443, 27923, 10, 5.0000, 120500.00, 120500.00, 0, 1),
(57444, 27923, 5, 20.0000, 482000.00, 482000.00, 0, 2),
(57445, 27924, 13, 1.0000, 24000.00, 35000.00, 1, 0),
(57446, 27924, 10, 5.0000, 120000.00, 150000.00, 0, 1),
(57447, 27924, 5, 20.0000, 480000.00, 500000.00, 0, 2),
(57448, 27925, 13, 1.0000, 25000.00, 35000.00, 1, 0),
(57449, 27925, 10, 5.0000, 125000.00, 150000.00, 0, 1),
(57450, 27925, 5, 20.0000, 500000.00, 550000.00, 0, 2),
(57451, 27926, 13, 1.0000, 136303.33, 150000.00, 1, 0),
(57452, 27926, 5, 6.0000, 817820.00, 820000.00, 0, 1),
(57453, 27927, 1, 1.0000, 11000.00, 13000.00, 1, 0),
(57454, 27927, 5, 100.0000, 1100000.00, 1110000.00, 0, 1),
(57455, 27928, 13, 1.0000, 100000.00, 102000.00, 1, 0),
(57456, 27928, 5, 5.0000, 500000.00, 510000.00, 0, 1),
(57457, 27929, 1, 1.0000, 72500.00, 78000.00, 1, 0),
(57458, 27929, 5, 12.0000, 870000.00, 890000.00, 0, 1),
(57459, 27930, 14, 1.0000, 5150.00, 8000.00, 1, 0),
(57460, 27930, 13, 10.0000, 51500.00, 55000.00, 0, 1),
(57461, 27931, 13, 1.0000, 30000.00, 35000.00, 1, 0),
(57462, 27931, 7, 25.0000, 750000.00, 775000.00, 0, 1),
(57463, 27932, 10, 1.0000, 11979.17, 13000.03, 1, 0),
(57464, 27932, 5, 48.0000, 575000.00, 586500.00, 0, 1),
(57465, 27933, 11, 1.0000, 2250.00, 3000.00, 1, 0),
(57466, 27933, 19, 12.0000, 27000.00, 40000.00, 0, 1),
(57467, 27934, 1, 1.0000, 1333.33, 3000.00, 1, 0),
(57468, 27934, 5, 60.0000, 80000.00, 100000.00, 0, 1),
(57469, 27935, 10, 1.0000, 5925.00, 8000.00, 1, 0),
(57470, 27935, 5, 40.0000, 237000.00, 250000.00, 0, 1),
(57471, 27936, 10, 1.0000, 17500.00, 25000.00, 1, 0),
(57472, 27936, 5, 54.0000, 945000.00, 1080002.70, 0, 1),
(57473, 27937, 10, 1.0000, 15750.00, 20000.00, 1, 0),
(57474, 27937, 5, 20.0000, 315000.00, 340000.00, 0, 1),
(57475, 27938, 10, 1.0000, 27500.00, 32000.00, 1, 0),
(57476, 27938, 5, 25.0000, 687500.00, 672000.00, 0, 1),
(57477, 27939, 10, 1.0000, 13500.00, 15000.00, 1, 0),
(57478, 27939, 5, 50.0000, 675000.00, 685000.00, 0, 1),
(57479, 27940, 10, 1.0000, 0.00, 0.00, 1, 0),
(57480, 27940, 5, 20.0000, 0.00, 0.00, 0, 1),
(57481, 27941, 10, 1.0000, 19000.00, 24000.04, 1, 0),
(57482, 27941, 5, 10.0000, 190000.00, 230000.70, 0, 1),
(57483, 27942, 10, 1.0000, 28000.00, 30000.04, 1, 0),
(57484, 27942, 5, 25.0000, 700000.00, 750000.00, 0, 1),
(57485, 27943, 10, 1.0000, 25000.00, 30000.00, 1, 0),
(57486, 27943, 5, 50.0000, 1250000.00, 1300000.00, 0, 1),
(57487, 27944, 10, 1.0000, 35273.33, 40000.00, 1, 0),
(57488, 27944, 5, 6.0000, 211640.00, 260000.00, 0, 1),
(57489, 27945, 10, 1.0000, 27500.00, 32000.00, 1, 0),
(57490, 27945, 5, 25.0000, 687500.00, 672000.00, 0, 1),
(57491, 27946, 10, 1.0000, 15500.00, 20000.00, 1, 0),
(57492, 27946, 5, 20.0000, 310000.00, 360000.00, 0, 1),
(57493, 27947, 10, 1.0000, 62000.00, 68000.00, 1, 0),
(57494, 27947, 5, 10.0000, 620000.00, 665000.00, 0, 1),
(57495, 27948, 10, 1.0000, 6750.00, 10000.00, 1, 0),
(57496, 27948, 5, 40.0000, 270000.00, 300000.00, 0, 1),
(57497, 27949, 10, 1.0000, 1600.00, 2349.49, 1, 0),
(57498, 27949, 5, 50.0000, 80000.00, 95000.00, 0, 1),
(57499, 27950, 10, 1.0000, 20000.00, 30000.00, 1, 0),
(57500, 27950, 5, 25.0000, 500000.00, 600000.00, 0, 1),
(57501, 27951, 10, 1.0000, 22602.25, 27000.00, 1, 0),
(57502, 27951, 5, 20.0000, 452045.00, 500000.00, 0, 1),
(57503, 27952, 10, 1.0000, 3125.00, 6000.00, 1, 0),
(57504, 27952, 5, 80.0000, 250000.00, 270000.00, 0, 1),
(57505, 27953, 10, 1.0000, 14500.00, 20000.00, 1, 0),
(57506, 27953, 5, 20.0000, 290000.00, 340000.00, 0, 1),
(57507, 27954, 10, 1.0000, 27500.00, 32000.00, 1, 0),
(57508, 27954, 5, 25.0000, 687500.00, 672000.00, 0, 1),
(57509, 27955, 10, 1.0000, 27500.00, 32000.00, 1, 0),
(57510, 27955, 5, 25.0000, 687500.00, 672000.00, 0, 1),
(57511, 27956, 10, 1.0000, 47800.00, 55000.00, 1, 0),
(57512, 27956, 5, 15.0000, 717000.00, 780000.00, 0, 1),
(57513, 27957, 10, 1.0000, 5166.67, 6000.00, 1, 0),
(57514, 27957, 5, 60.0000, 310000.00, 315000.30, 0, 1),
(57515, 27958, 10, 1.0000, 32000.00, 35000.00, 1, 0),
(57516, 27958, 5, 25.0000, 800000.00, 800000.00, 0, 1),
(57517, 27959, 10, 1.0000, 13906.75, 18000.00, 1, 0),
(57518, 27959, 5, 20.0000, 278135.00, 320000.00, 0, 1),
(57519, 27960, 10, 1.0000, 7125.00, 10000.00, 1, 0),
(57520, 27960, 5, 40.0000, 285000.00, 325000.00, 0, 1),
(57521, 27961, 10, 1.0000, 5750.00, 7000.00, 1, 0),
(57522, 27961, 5, 60.0000, 345000.00, 350000.00, 0, 1),
(57523, 27962, 10, 1.0000, 32000.00, 34000.00, 1, 0),
(57524, 27962, 5, 25.0000, 800000.00, 820000.00, 0, 1),
(57525, 27963, 10, 1.0000, 7125.00, 9000.00, 1, 0),
(57526, 27963, 5, 40.0000, 285000.00, 320000.00, 0, 1),
(57527, 27964, 10, 1.0000, 15931.67, 20000.00, 1, 0),
(57528, 27964, 5, 12.0000, 191180.00, 240000.00, 0, 1),
(57529, 27965, 10, 1.0000, 71000.00, 75000.00, 1, 0),
(57530, 27965, 5, 5.0000, 355000.00, 360000.00, 0, 1),
(57531, 27966, 10, 1.0000, 23000.00, 28000.00, 1, 0),
(57532, 27966, 5, 5.0000, 115000.00, 130000.00, 0, 1),
(57533, 27967, 10, 1.0000, 8125.00, 10000.00, 1, 0),
(57534, 27967, 5, 40.0000, 325000.00, 350000.00, 0, 1),
(57535, 27968, 10, 1.0000, 27500.00, 32000.00, 1, 0),
(57536, 27968, 5, 25.0000, 687500.00, 672000.00, 0, 1),
(57537, 27969, 10, 1.0000, 6333.33, 10000.00, 1, 0),
(57538, 27969, 5, 60.0000, 420000.00, 450000.00, 0, 1),
(57539, 27970, 10, 1.0000, 23519.90, 28000.00, 1, 0),
(57540, 27970, 5, 10.0000, 235199.00, 250000.00, 0, 1),
(57541, 27971, 10, 1.0000, 4547.75, 5000.00, 1, 0),
(57542, 27971, 5, 40.0000, 181910.00, 188000.00, 0, 1),
(57543, 27972, 1, 1.0000, 10185.00, 11000.00, 1, 0),
(57544, 27972, 5, 5.0000, 50925.00, 53000.00, 0, 1),
(57545, 27973, 1, 1.0000, 313.33, 500.00, 1, 0),
(57546, 27973, 5, 50.0000, 15666.67, 17000.00, 0, 1),
(57547, 27974, 10, 1.0000, 11625.00, 13000.00, 1, 0),
(57548, 27974, 5, 48.0000, 558000.00, 576000.00, 0, 1),
(57549, 27975, 10, 1.0000, 5466.25, 6000.00, 1, 0),
(57550, 27975, 5, 48.0000, 262380.00, 265000.00, 0, 1),
(57551, 27976, 16, 1.0000, 500.00, 550.00, 1, 0),
(57552, 27976, 13, 100.0000, 50000.00, 55000.00, 0, 1),
(57553, 27977, 13, 1.0000, 16000.00, 17000.00, 1, 0),
(57554, 27977, 7, 50.0000, 800000.00, 850000.00, 0, 1),
(57555, 27978, 1, 1.0000, 45000.00, 33000.00, 1, 0),
(57556, 27978, 5, 12.0000, 375000.00, 384000.00, 0, 1),
(57557, 27979, 10, 1.0000, 9555.00, 10000.00, 1, 0),
(57558, 27980, 10, 1.0000, 9554.92, 10000.00, 1, 0),
(57559, 27981, 10, 1.0000, 9554.92, 10000.00, 1, 0),
(57560, 27981, 5, 36.0000, 343977.00, 355000.00, 0, 1),
(57561, 27982, 1, 1.0000, 18414.40, 25000.00, 1, 0),
(57562, 27982, 5, 10.0000, 184144.00, 200000.00, 0, 1),
(57563, 27983, 13, 1.0000, 12400.00, 15000.00, 1, 0),
(57564, 27983, 7, 25.0000, 310000.00, 338000.00, 0, 1),
(57565, 27984, 10, 1.0000, 11000.00, 16851.01, 1, 0),
(57566, 27984, 5, 20.0000, 220000.00, 228800.00, 0, 1),
(57567, 27985, 10, 1.0000, 12500.00, 20000.00, 1, 0),
(57568, 27985, 5, 20.0000, 250000.00, 260000.00, 0, 1),
(57569, 27986, 10, 1.0000, 7750.00, 10000.00, 1, 0),
(57570, 27986, 5, 20.0000, 155000.00, 161739.40, 0, 1),
(57571, 27987, 10, 1.0000, 12500.00, 15000.00, 1, 0),
(57572, 27987, 5, 20.0000, 250000.00, 260000.00, 0, 1),
(57573, 27988, 10, 1.0000, 12500.00, 15000.00, 1, 0),
(57574, 27988, 5, 20.0000, 250000.00, 260000.00, 0, 1),
(57575, 27989, 10, 1.0000, 9500.00, 12000.00, 1, 0),
(57576, 27989, 5, 20.0000, 190000.00, 200000.00, 0, 1),
(57577, 27990, 10, 1.0000, 22500.00, 25000.00, 1, 0),
(57578, 27990, 5, 5.0000, 112500.00, 117500.00, 0, 1),
(57579, 27991, 10, 1.0000, 16000.00, 20000.00, 1, 0),
(57580, 27991, 5, 20.0000, 320000.00, 350000.00, 0, 1),
(57581, 27992, 10, 1.0000, 32000.00, 35000.00, 1, 0),
(57582, 27992, 5, 25.0000, 800000.00, 800000.00, 0, 1),
(57583, 27993, 10, 1.0000, 50000.00, 52000.00, 1, 0),
(57584, 27993, 5, 6.0000, 300000.00, 305000.00, 0, 1),
(57585, 27994, 10, 1.0000, 7750.00, 10000.00, 1, 0),
(57586, 27994, 5, 40.0000, 310000.00, 350000.00, 0, 1),
(57587, 27995, 10, 1.0000, 7750.00, 10000.00, 1, 0),
(57588, 27995, 5, 40.0000, 310000.00, 350000.00, 0, 1),
(57589, 27996, 10, 1.0000, 7750.00, 10000.00, 1, 0),
(57590, 27996, 5, 40.0000, 310000.00, 350000.00, 0, 1),
(57591, 27997, 10, 1.0000, 28000.00, 30000.00, 1, 0),
(57592, 27997, 5, 25.0000, 700000.00, 710000.00, 0, 1),
(57593, 27998, 10, 1.0000, 3097.22, 3500.00, 1, 0),
(57594, 27998, 5, 72.0000, 223000.00, 228000.00, 0, 1),
(57595, 27999, 1, 1.0000, 30000.00, 35000.00, 1, 0),
(57596, 27999, 5, 6.0000, 180000.00, 192000.00, 0, 1),
(57597, 28000, 1, 1.0000, 30000.00, 35000.00, 1, 0),
(57598, 28000, 5, 6.0000, 180000.00, 192000.00, 0, 1),
(57599, 28001, 1, 1.0000, 30000.00, 35000.00, 1, 0),
(57600, 28001, 5, 6.0000, 180000.00, 192000.00, 0, 1),
(57601, 28002, 1, 1.0000, 30000.00, 35000.00, 1, 0),
(57602, 28002, 5, 6.0000, 180000.00, 192000.00, 0, 1),
(57603, 28003, 1, 1.0000, 30000.00, 35000.00, 1, 0),
(57604, 28003, 5, 6.0000, 180000.00, 192000.00, 0, 1),
(57605, 28004, 1, 1.0000, 30000.00, 35000.00, 1, 0),
(57606, 28004, 5, 6.0000, 180000.00, 192000.00, 0, 1),
(57607, 28005, 13, 1.0000, 65416.67, 75000.00, 1, 0),
(57608, 28005, 5, 12.0000, 785000.00, 800000.00, 0, 1),
(57609, 28006, 10, 1.0000, 10185.00, 11000.00, 1, 0),
(57610, 28006, 5, 5.0000, 50925.00, 53000.00, 0, 1),
(57611, 28007, 10, 1.0000, 22200.00, 23976.44, 1, 0),
(57612, 28007, 5, 16.0000, 355200.00, 369674.40, 0, 1),
(57613, 28008, 10, 1.0000, 10185.00, 11000.00, 1, 0),
(57614, 28008, 5, 5.0000, 50925.00, 53000.00, 0, 1),
(57615, 28009, 10, 1.0000, 11400.00, 13000.00, 1, 0),
(57616, 28009, 5, 48.0000, 547200.00, 555000.00, 0, 1),
(57617, 28010, 10, 1.0000, 7473.00, 8000.00, 1, 0),
(57618, 28010, 5, 20.0000, 149460.00, 150000.00, 0, 1),
(57619, 28011, 10, 1.0000, 12740.00, 15000.00, 1, 0),
(57620, 28011, 5, 12.0000, 152880.00, 168000.00, 0, 1),
(57621, 28012, 10, 1.0000, 20000.00, 22000.00, 1, 0),
(57622, 28012, 5, 12.0000, 240000.00, 250000.00, 0, 1),
(57623, 28013, 1, 1.0000, 12249.95, 14000.00, 1, 0),
(57624, 28013, 10, 5.0000, 61249.75, 65000.00, 0, 1),
(57625, 28013, 5, 60.0000, 734997.00, 750000.00, 0, 2),
(57626, 28014, 1, 1.0000, 16333.33, 18000.00, 1, 0),
(57627, 28014, 5, 60.0000, 990000.00, 1000000.00, 0, 1),
(57628, 28015, 10, 1.0000, 10833.33, 12000.00, 1, 0),
(57629, 28015, 5, 12.0000, 130000.00, 135000.00, 0, 1),
(57630, 28016, 10, 1.0000, 16846.80, 18000.00, 1, 0),
(57631, 28016, 5, 10.0000, 168468.00, 175000.00, 0, 1),
(57632, 28017, 10, 1.0000, 3097.22, 3500.00, 1, 0),
(57633, 28017, 5, 72.0000, 223000.00, 228000.00, 0, 1),
(57634, 28018, 10, 1.0000, 43500.00, 45000.00, 1, 0),
(57635, 28018, 5, 4.0000, 174000.00, 180000.00, 0, 1),
(57636, 28019, 10, 1.0000, 1350.00, 3000.00, 1, 0),
(57637, 28019, 5, 10.0000, 13500.00, 15000.00, 0, 1),
(57638, 28020, 10, 1.0000, 6306.30, 8000.00, 1, 0),
(57639, 28020, 5, 40.0000, 252252.00, 280000.00, 0, 1),
(57640, 28021, 10, 1.0000, 10185.00, 11000.00, 1, 0),
(57641, 28021, 5, 5.0000, 50925.00, 53000.00, 0, 1),
(57642, 28022, 10, 1.0000, 3097.22, 3500.00, 1, 0),
(57643, 28022, 5, 72.0000, 223000.00, 228000.00, 0, 1),
(57644, 28023, 10, 1.0000, 43500.00, 45000.00, 1, 0),
(57645, 28023, 5, 4.0000, 174000.00, 180000.00, 0, 1),
(57646, 28024, 10, 1.0000, 16875.00, 21000.00, 1, 0),
(57647, 28024, 5, 8.0000, 135000.00, 147000.00, 0, 1),
(57648, 28025, 10, 1.0000, 10185.00, 11000.00, 1, 0),
(57649, 28025, 5, 5.0000, 50925.00, 53000.00, 0, 1),
(57650, 28026, 10, 1.0000, 16846.80, 18000.00, 1, 0),
(57651, 28026, 5, 10.0000, 168468.00, 175000.00, 0, 1),
(57652, 28027, 10, 1.0000, 10574.92, 14000.00, 1, 0),
(57653, 28027, 5, 24.0000, 253798.00, 270000.00, 0, 1),
(57654, 28028, 1, 1.0000, 15000.00, 18000.00, 1, 0),
(57655, 28028, 10, 10.0000, 150000.00, 180000.00, 0, 1),
(57656, 28029, 12, 1.0000, 2909.38, 4000.00, 1, 0),
(57657, 28029, 10, 40.0000, 116375.00, 132000.00, 0, 1),
(57658, 28030, 1, 1.0000, 6018.75, 8000.00, 1, 0),
(57659, 28030, 10, 20.0000, 120375.00, 125000.00, 0, 1),
(57660, 28031, 1, 1.0000, 3600.00, 5000.00, 1, 0),
(57661, 28031, 10, 10.0000, 36000.00, 40000.00, 0, 1),
(57662, 28032, 1, 1.0000, 3600.00, 5000.00, 1, 0),
(57663, 28032, 10, 10.0000, 36000.00, 41000.00, 0, 1),
(57664, 28033, 12, 1.0000, 1680.00, 2000.00, 1, 0),
(57665, 28033, 10, 50.0000, 84000.00, 95000.00, 0, 1),
(57666, 28034, 1, 1.0000, 3000.00, 5000.00, 1, 0),
(57667, 28034, 10, 10.0000, 30000.00, 35000.00, 0, 1),
(57668, 28035, 1, 1.0000, 4000.00, 7000.00, 1, 0),
(57669, 28035, 10, 10.0000, 40000.00, 45000.00, 0, 1),
(57670, 28036, 10, 1.0000, 75000.00, 80000.00, 1, 0),
(57671, 28036, 5, 6.0000, 450000.00, 455000.00, 0, 1),
(57672, 28037, 10, 1.0000, 10000.00, 12000.00, 1, 0),
(57673, 28037, 5, 10.0000, 100000.00, 115000.00, 0, 1),
(57674, 28038, 10, 1.0000, 4661.46, 5000.00, 1, 0),
(57675, 28038, 5, 24.0000, 111875.00, 116000.00, 0, 1),
(57676, 28039, 10, 1.0000, 10792.05, 15000.00, 1, 0),
(57677, 28039, 5, 20.0000, 215841.00, 235000.00, 0, 1),
(57678, 28040, 10, 1.0000, 6250.00, 10000.00, 1, 0),
(57679, 28040, 5, 40.0000, 250000.00, 300000.00, 0, 1),
(57680, 28041, 10, 1.0000, 13374.17, 18000.00, 1, 0),
(57681, 28041, 5, 12.0000, 160490.00, 210000.00, 0, 1),
(57682, 28042, 10, 1.0000, 1500.00, 2000.00, 1, 0),
(57683, 28042, 5, 20.0000, 30000.00, 35000.00, 0, 1),
(57684, 28043, 10, 1.0000, 11349.25, 16000.00, 1, 0),
(57685, 28043, 5, 20.0000, 226985.00, 276000.00, 0, 1),
(57686, 28044, 10, 1.0000, 44800.00, 47000.00, 1, 0),
(57687, 28044, 5, 15.0000, 672000.00, 677000.00, 0, 1),
(57688, 28045, 10, 1.0000, 5000.00, 7000.00, 1, 0),
(57689, 28045, 5, 20.0000, 100000.00, 120000.00, 0, 1),
(57690, 28046, 10, 1.0000, 10250.00, 12000.00, 1, 0),
(57691, 28046, 5, 40.0000, 410000.00, 425000.00, 0, 1),
(57692, 28047, 10, 1.0000, 10250.00, 12000.00, 1, 0),
(57693, 28047, 5, 40.0000, 410000.00, 420000.00, 0, 1),
(57694, 28048, 10, 1.0000, 11125.00, 12000.00, 1, 0),
(57695, 28048, 5, 40.0000, 445000.00, 450000.00, 0, 1),
(57696, 28049, 10, 1.0000, 2666.67, 5000.00, 1, 0),
(57697, 28049, 5, 60.0000, 160000.00, 240000.00, 0, 1),
(57698, 28050, 10, 1.0000, 41000.00, 45000.00, 1, 0),
(57699, 28050, 5, 12.0000, 492000.00, 502000.00, 0, 1),
(57700, 28051, 10, 1.0000, 3375.00, 5000.00, 1, 0),
(57701, 28051, 5, 40.0000, 135000.00, 160000.00, 0, 1),
(57702, 28052, 10, 1.0000, 104166.67, 110000.00, 1, 0),
(57703, 28052, 5, 24.0000, 2500000.00, 2600000.00, 0, 1),
(57704, 28053, 13, 1.0000, 54166.67, 60000.00, 1, 0),
(57705, 28053, 5, 6.0000, 325000.00, 335000.00, 0, 1),
(57706, 28054, 13, 1.0000, 31500.00, 33000.00, 1, 0),
(57707, 28054, 5, 12.0000, 378000.00, 396000.00, 0, 1),
(57708, 28055, 13, 1.0000, 31500.00, 33000.00, 1, 0),
(57709, 28055, 5, 12.0000, 378000.00, 396000.00, 0, 1),
(57710, 28056, 13, 1.0000, 31500.00, 33000.00, 1, 0),
(57711, 28056, 5, 12.0000, 378000.00, 396000.00, 0, 1),
(57712, 28057, 13, 1.0000, 32000.00, 37000.00, 1, 0),
(57713, 28057, 5, 12.0000, 384000.00, 390000.00, 0, 1),
(57714, 28058, 13, 1.0000, 56833.33, 65000.00, 1, 0),
(57715, 28058, 5, 6.0000, 341000.00, 360000.00, 0, 1),
(57716, 28059, 1, 1.0000, 2916.67, 4000.00, 1, 0),
(57717, 28059, 17, 12.0000, 35000.00, 38000.00, 0, 1),
(57718, 28060, 1, 1.0000, 2916.67, 4000.00, 1, 0),
(57719, 28060, 17, 12.0000, 35000.00, 38000.00, 0, 1),
(57720, 28061, 1, 1.0000, 43500.00, 87000.00, 1, 0),
(57721, 28061, 10, 4.0000, 174000.00, 179999.52, 0, 1),
(57722, 28062, 10, 1.0000, 8650.00, 9000.00, 1, 0),
(57723, 28062, 5, 10.0000, 86000.00, 87000.00, 0, 1),
(57724, 28063, 13, 1.0000, 24750.00, 26000.00, 1, 0),
(57725, 28063, 5, 20.0000, 495000.00, 500000.00, 0, 1),
(57726, 28064, 14, 0.5000, 7850.00, 9000.00, 1, 0),
(57727, 28064, 13, 1.0000, 15700.00, 17000.00, 0, 1),
(57728, 28064, 7, 50.0000, 785000.00, 800000.00, 0, 2),
(57729, 28065, 13, 1.0000, 13600.00, 18000.00, 1, 0),
(57730, 28065, 9, 5.0000, 68000.00, 80000.00, 0, 1),
(57731, 28066, 13, 1.0000, 16300.00, 17104.89, 1, 0),
(57732, 28066, 7, 50.0000, 815000.00, 820028.55, 0, 1),
(57733, 28067, 13, 1.0000, 17000.00, 20000.00, 1, 0),
(57734, 28067, 9, 10.0000, 170000.00, 180000.00, 0, 1),
(57735, 28068, 10, 1.0000, 10185.00, 11000.00, 1, 0),
(57736, 28068, 5, 5.0000, 50925.00, 53000.00, 0, 1),
(57737, 28069, 10, 1.0000, 16846.80, 18000.00, 1, 0),
(57738, 28069, 5, 10.0000, 168468.00, 175000.00, 0, 1),
(57739, 28070, 10, 1.0000, 16359.90, 20000.00, 1, 0),
(57740, 28070, 5, 20.0000, 327198.00, 360000.00, 0, 1),
(57741, 28071, 10, 1.0000, 14738.67, 16000.00, 1, 0),
(57742, 28071, 5, 12.0000, 176864.00, 183000.00, 0, 1),
(57743, 28072, 10, 1.0000, 21680.00, 23000.00, 1, 0),
(57744, 28073, 10, 1.0000, 14680.00, 16000.00, 1, 0),
(57745, 28074, 1, 1.0000, 15000.00, 17000.00, 1, 0),
(57746, 28074, 5, 12.0000, 180000.00, 192000.00, 0, 1),
(57747, 28075, 1, 1.0000, 2850.00, 3500.00, 1, 0),
(57748, 28075, 5, 40.0000, 114000.00, 115000.00, 0, 1),
(57749, 28076, 1, 1.0000, 2850.00, 3500.00, 1, 0),
(57750, 28076, 5, 40.0000, 114000.00, 115000.00, 0, 1),
(57751, 28077, 1, 1.0000, 2850.00, 3000.00, 1, 0),
(57752, 28077, 5, 40.0000, 114000.00, 115000.00, 0, 1),
(57753, 28078, 1, 1.0000, 2850.00, 3500.00, 1, 0),
(57754, 28078, 5, 40.0000, 114000.00, 115000.00, 0, 1),
(57755, 28079, 1, 1.0000, 2762.50, 3000.00, 1, 0),
(57756, 28079, 5, 24.0000, 84500.00, 86022.69, 0, 1),
(57757, 28080, 1, 1.0000, 3500.00, 4000.00, 1, 0),
(57758, 28080, 5, 24.0000, 84000.00, 86000.00, 0, 1),
(57759, 28081, 1, 1.0000, 3500.00, 4000.00, 1, 0),
(57760, 28081, 5, 24.0000, 84000.00, 86000.00, 0, 1),
(57761, 28082, 1, 1.0000, 2850.00, 3000.00, 1, 0),
(57762, 28082, 5, 40.0000, 114000.00, 116000.00, 0, 1),
(57763, 28083, 1, 1.0000, 2850.00, 3500.00, 1, 0),
(57764, 28083, 5, 40.0000, 114000.00, 115000.00, 0, 1),
(57765, 28084, 1, 1.0000, 2850.00, 3500.00, 1, 0),
(57766, 28084, 5, 40.0000, 114000.00, 115000.00, 0, 1),
(57767, 28085, 1, 1.0000, 2750.00, 3500.00, 1, 0),
(57768, 28085, 5, 40.0000, 110000.00, 115000.00, 0, 1),
(57769, 28086, 1, 1.0000, 11229.17, 13000.00, 1, 0),
(57770, 28086, 5, 48.0000, 539000.00, 552000.00, 0, 1),
(57771, 28087, 1, 1.0000, 15583.33, 17000.00, 1, 0),
(57772, 28087, 5, 12.0000, 187000.00, 190000.00, 0, 1),
(57773, 28088, 1, 1.0000, 20416.67, 22272.75, 1, 0),
(57774, 28088, 5, 12.0000, 245000.00, 256135.25, 0, 1),
(57775, 28089, 9, 1.0000, 62500.00, 67000.00, 1, 0),
(57776, 28089, 5, 2.0000, 125000.00, 130000.00, 0, 1),
(57777, 28090, 1, 1.0000, 12000.00, 13000.00, 1, 0),
(57778, 28090, 5, 24.0000, 288000.00, 293000.00, 0, 1),
(57779, 28091, 1, 1.0000, 11416.67, 13000.00, 1, 0),
(57780, 28091, 5, 24.0000, 274000.00, 280000.00, 0, 1),
(57781, 28092, 17, 1.0000, 16875.00, 21000.00, 1, 0),
(57782, 28092, 5, 8.0000, 135000.00, 147000.00, 0, 1),
(57783, 28093, 1, 1.0000, 10185.00, 11000.00, 1, 0),
(57784, 28093, 10, 5.0000, 50925.00, 53000.00, 0, 1),
(57785, 28093, 5, 25.0000, 254625.00, 256000.00, 0, 2),
(57786, 28094, 1, 1.0000, 21000.00, 23000.00, 1, 0),
(57787, 28094, 10, 6.0000, 126000.00, 130000.00, 0, 1),
(57788, 28095, 5, 1.0000, 0.00, 0.00, 1, 0),
(57789, 28095, 1, 1.0000, 7473.00, 8000.00, 0, 1),
(57790, 28095, 10, 20.0000, 149460.00, 150000.00, 0, 2),
(57791, 28096, 1, 1.0000, 10185.00, 11000.00, 1, 0),
(57792, 28096, 10, 5.0000, 50925.00, 53000.00, 0, 1),
(57793, 28096, 5, 25.0000, 254625.00, 252500.00, 0, 2),
(57794, 28097, 5, 1.0000, 0.00, 0.00, 1, 0),
(57795, 28097, 1, 1.0000, 17500.00, 20000.00, 0, 1),
(57796, 28097, 10, 12.0000, 210000.00, 215000.00, 0, 2),
(57797, 28098, 1, 1.0000, 3606.60, 3895.20, 1, 0),
(57798, 28098, 10, 5.0000, 18033.00, 18767.84, 0, 1),
(57799, 28098, 5, 25.0000, 90165.00, 89412.12, 0, 2),
(57800, 28099, 1, 1.0000, 10185.00, 11000.00, 1, 0),
(57801, 28099, 10, 5.0000, 50925.00, 53000.00, 0, 1),
(57802, 28099, 5, 25.0000, 254625.00, 252500.00, 0, 2),
(57803, 28100, 1, 1.0000, 10185.00, 11000.00, 1, 0),
(57804, 28100, 10, 5.0000, 50925.00, 53000.00, 0, 1),
(57805, 28100, 5, 25.0000, 254625.00, 252500.00, 0, 2),
(57806, 28101, 1, 1.0000, 10185.00, 11000.00, 1, 0),
(57807, 28101, 10, 5.0000, 50925.00, 53000.00, 0, 1),
(57808, 28101, 5, 25.0000, 254625.00, 252500.00, 0, 2),
(57809, 28102, 5, 1.0000, 0.00, 0.00, 1, 0),
(57810, 28102, 1, 1.0000, 16308.00, 18000.00, 0, 1),
(57811, 28102, 10, 8.0000, 130464.00, 138000.00, 0, 2),
(57812, 28103, 5, 1.0000, 0.00, 0.00, 1, 0),
(57813, 28103, 1, 1.0000, 16846.80, 18000.00, 0, 1),
(57814, 28103, 10, 10.0000, 168468.00, 175000.00, 0, 2),
(57815, 28104, 1, 1.0000, 10185.00, 11000.00, 1, 0),
(57816, 28104, 10, 5.0000, 50925.00, 53000.00, 0, 1),
(57817, 28104, 5, 25.0000, 254625.00, 252500.00, 0, 2),
(57818, 28105, 1, 1.0000, 10185.00, 11000.00, 1, 0),
(57819, 28105, 10, 5.0000, 50925.00, 53000.00, 0, 1),
(57820, 28105, 5, 25.0000, 254625.00, 252500.00, 0, 2),
(57821, 28106, 5, 1.0000, 0.00, 0.00, 1, 0),
(57822, 28106, 1, 1.0000, 7200.00, 8000.00, 0, 1),
(57823, 28106, 10, 20.0000, 144000.00, 150000.00, 0, 2),
(57824, 28107, 10, 1.0000, 22162.50, 25000.00, 1, 0),
(57825, 28107, 5, 6.0000, 132975.00, 135000.00, 0, 1),
(57826, 28108, 1, 1.0000, 49000.00, 49000.00, 1, 0),
(57827, 28108, 5, 10.0000, 490000.00, 490000.00, 0, 1),
(57828, 28109, 13, 1.0000, 23500.00, 28000.00, 1, 0),
(57829, 28109, 7, 25.0000, 587500.00, 630000.00, 0, 1),
(57830, 28110, 13, 1.0000, 31000.00, 35000.00, 1, 0),
(57831, 28110, 5, 25.0000, 775000.00, 880000.00, 0, 1),
(57832, 28111, 13, 1.0000, 53000.00, 60000.00, 1, 0),
(57833, 28111, 5, 5.0000, 265000.00, 275000.00, 0, 1),
(57834, 28112, 13, 1.0000, 23500.00, 28000.00, 1, 0),
(57835, 28112, 7, 25.0000, 587500.00, 630000.00, 0, 1),
(57836, 28113, 13, 1.0000, 21500.00, 25000.00, 1, 0),
(57837, 28113, 7, 50.0000, 1075000.00, 1200000.00, 0, 1),
(57838, 28114, 10, 1.0000, 9000.00, 10000.00, 1, 0),
(57839, 28115, 6, 1.0000, 0.00, 0.00, 1, 0),
(57840, 28115, 10, 1.0000, 7333.33, 10000.00, 0, 1),
(57841, 28115, 8, 60.0000, 440000.00, 450000.00, 0, 2),
(57842, 28116, 10, 1.0000, 3830.00, 4000.00, 1, 0),
(57843, 28116, 8, 10.0000, 38300.00, 38300.00, 0, 1),
(57844, 28116, 6, 120.0000, 459600.00, 460000.00, 0, 2),
(57845, 28117, 6, 1.0000, 0.00, 0.00, 1, 0),
(57846, 28117, 10, 1.0000, 15931.67, 20000.00, 0, 1),
(57847, 28117, 8, 12.0000, 191180.00, 240000.00, 0, 2),
(57848, 28118, 6, 1.0000, 0.00, 0.00, 1, 0),
(57849, 28118, 10, 1.0000, 64166.67, 90000.00, 0, 1),
(57850, 28118, 8, 6.0000, 385000.00, 600000.00, 0, 2),
(57851, 28119, 1, 1.0000, 8500.00, 10000.00, 1, 0),
(57852, 28119, 8, 4.0000, 34000.00, 38000.00, 0, 1),
(57853, 28119, 6, 100.0000, 850000.00, 900000.00, 0, 2),
(57854, 28120, 6, 1.0000, 0.00, 0.00, 1, 0),
(57855, 28120, 10, 1.0000, 26000.00, 30000.00, 0, 1),
(57856, 28120, 8, 10.0000, 260000.00, 300000.00, 0, 2),
(57857, 28121, 6, 1.0000, 0.00, 0.00, 1, 0),
(57858, 28121, 10, 1.0000, 20476.19, 22000.00, 0, 1),
(57859, 28121, 8, 21.0000, 430000.00, 441000.00, 0, 2),
(57860, 28122, 10, 1.0000, 8500.00, 10000.00, 1, 0),
(57861, 28122, 8, 4.0000, 34000.00, 38000.00, 0, 1),
(57862, 28122, 6, 100.0000, 850000.00, 900000.00, 0, 2),
(57863, 28123, 10, 1.0000, 27500.00, 30000.00, 1, 0),
(57864, 28123, 8, 5.0000, 137500.00, 140000.00, 0, 1),
(57865, 28123, 6, 25.0000, 687500.00, 690000.00, 0, 2),
(57866, 28124, 10, 1.0000, 27000.00, 30000.00, 1, 0),
(57867, 28124, 8, 5.0000, 135000.00, 140000.00, 0, 1),
(57868, 28124, 6, 25.0000, 675000.00, 685000.00, 0, 2),
(57869, 28125, 6, 1.0000, 0.00, 0.00, 1, 0),
(57870, 28125, 10, 1.0000, 11000.00, 15000.00, 0, 1),
(57871, 28125, 8, 20.0000, 220000.00, 230000.00, 0, 2),
(57872, 28126, 6, 1.0000, 0.00, 0.00, 1, 0),
(57873, 28126, 10, 1.0000, 13500.00, 15000.00, 0, 1),
(57874, 28126, 8, 10.0000, 135000.00, 140000.00, 0, 2),
(57875, 28127, 7, 1.0000, 0.00, 0.00, 1, 0),
(57876, 28127, 10, 1.0000, 10792.05, 15000.00, 0, 1),
(57877, 28127, 8, 20.0000, 215841.00, 235000.00, 0, 2),
(57878, 28128, 10, 1.0000, 46666.67, 70000.00, 1, 0),
(57879, 28128, 6, 12.0000, 560000.00, 600000.00, 0, 1),
(57880, 28129, 10, 1.0000, 12116.50, 17000.00, 1, 0),
(57881, 28129, 6, 20.0000, 242330.00, 290000.00, 0, 1),
(57882, 28130, 6, 1.0000, 0.00, 0.00, 1, 0),
(57883, 28130, 1, 1.0000, 6000.00, 8000.00, 0, 1),
(57884, 28130, 8, 50.0000, 300000.00, 330000.00, 0, 2),
(57885, 28131, 1, 1.0000, 9240.00, 12000.00, 1, 0),
(57886, 28131, 8, 5.0000, 46200.00, 48000.00, 0, 1),
(57887, 28131, 6, 50.0000, 462000.00, 465000.00, 0, 2),
(57888, 28132, 1, 1.0000, 7000.00, 9000.00, 1, 0),
(57889, 28132, 8, 5.0000, 35000.00, 37000.00, 0, 1),
(57890, 28132, 6, 125.0000, 875000.00, 880000.00, 0, 2),
(57891, 28133, 10, 1.0000, 35500.00, 37000.00, 1, 0),
(57892, 28133, 6, 25.0000, 887500.00, 900000.00, 0, 1),
(57893, 28134, 6, 1.0000, 0.00, 0.00, 1, 0),
(57894, 28134, 10, 1.0000, 8818.19, 10000.00, 0, 1),
(57895, 28134, 8, 48.0000, 423273.00, 432000.00, 0, 2),
(57896, 28135, 10, 1.0000, 22500.00, 25000.00, 1, 0),
(57897, 28135, 8, 5.0000, 112500.00, 117500.00, 0, 1),
(57898, 28135, 6, 30.0000, 675000.00, 680000.00, 0, 2),
(57899, 28136, 6, 1.0000, 0.00, 0.00, 1, 0),
(57900, 28136, 10, 1.0000, 18750.00, 22000.00, 0, 1),
(57901, 28136, 8, 20.0000, 375000.00, 400000.00, 0, 2),
(57902, 28137, 7, 1.0000, 0.00, 0.00, 1, 0),
(57903, 28137, 10, 1.0000, 40000.00, 50000.00, 0, 1),
(57904, 28137, 8, 10.0000, 400000.00, 450000.00, 0, 2),
(57905, 28138, 7, 1.0000, 0.00, 0.00, 1, 0),
(57906, 28138, 10, 1.0000, 15000.00, 17000.00, 0, 1),
(57907, 28139, 7, 1.0000, 0.00, 0.00, 1, 0),
(57908, 28139, 10, 1.0000, 11093.50, 16000.00, 0, 1),
(57909, 28139, 8, 20.0000, 221870.00, 271000.00, 0, 2),
(57910, 28140, 10, 1.0000, 5200.00, 7000.00, 1, 0),
(57911, 28140, 8, 5.0000, 26000.00, 30000.00, 0, 1),
(57912, 28140, 6, 120.0000, 624000.00, 660000.00, 0, 2),
(57913, 28141, 10, 1.0000, 5200.00, 7000.00, 1, 0),
(57914, 28141, 8, 5.0000, 26000.00, 30000.00, 0, 1),
(57915, 28141, 6, 120.0000, 624000.00, 660000.00, 0, 2),
(57916, 28142, 10, 1.0000, 5200.00, 7000.00, 1, 0),
(57917, 28142, 8, 5.0000, 26000.00, 30000.00, 0, 1),
(57918, 28142, 6, 120.0000, 624000.00, 660000.00, 0, 2),
(57919, 28143, 1, 1.0000, 61000.00, 63178.31, 1, 0),
(57920, 28143, 6, 50.0000, 3050000.00, 3267861.50, 0, 1),
(57921, 28144, 10, 1.0000, 31300.00, 34999.97, 1, 0),
(57922, 28144, 8, 25.0000, 782500.00, 799996.70, 0, 1),
(57923, 28145, 10, 1.0000, 7000.00, 9000.00, 1, 0),
(57924, 28145, 8, 5.0000, 35000.00, 37000.00, 0, 1),
(57925, 28145, 6, 125.0000, 875000.00, 880000.00, 0, 2),
(57926, 28146, 10, 1.0000, 7000.00, 7000.00, 1, 0),
(57927, 28146, 8, 5.0000, 35000.00, 35000.00, 0, 1),
(57928, 28146, 6, 125.0000, 875000.00, 875000.00, 0, 2),
(57929, 28147, 6, 1.0000, 0.00, 0.00, 1, 0),
(57930, 28147, 10, 1.0000, 82000.00, 90000.00, 0, 1),
(57931, 28147, 8, 10.0000, 820000.00, 880000.00, 0, 2),
(57932, 28148, 6, 1.0000, 0.00, 0.00, 1, 0),
(57933, 28148, 10, 1.0000, 21000.00, 25000.00, 0, 1),
(57934, 28148, 8, 25.0000, 525000.00, 550000.00, 0, 2),
(57935, 28149, 6, 1.0000, 0.00, 0.00, 1, 0),
(57936, 28149, 10, 1.0000, 16500.00, 20000.00, 0, 1),
(57937, 28149, 8, 20.0000, 330000.00, 350000.00, 0, 2),
(57938, 28150, 10, 1.0000, 17000.00, 20000.00, 1, 0),
(57939, 28150, 8, 5.0000, 85000.00, 95000.00, 0, 1),
(57940, 28150, 6, 30.0000, 510000.00, 530000.00, 0, 2),
(57941, 28151, 6, 1.0000, 0.00, 0.00, 1, 0),
(57942, 28151, 10, 1.0000, 20000.00, 25000.00, 0, 1),
(57943, 28151, 8, 50.0000, 1000000.00, 1150000.00, 0, 2),
(57944, 28152, 10, 1.0000, 2000.00, 2500.00, 1, 0),
(57945, 28152, 8, 20.0000, 40000.00, 42000.00, 0, 1),
(57946, 28152, 6, 1000.0000, 2000000.00, 2100000.00, 0, 2),
(57947, 28153, 6, 1.0000, 0.00, 0.00, 1, 0),
(57948, 28153, 1, 1.0000, 27500.00, 32000.00, 0, 1),
(57949, 28153, 8, 25.0000, 687500.00, 672000.00, 0, 2),
(57950, 28154, 6, 1.0000, 0.00, 0.00, 1, 0),
(57951, 28154, 10, 1.0000, 41000.00, 45000.00, 0, 1),
(57952, 28154, 8, 12.0000, 492000.00, 502000.00, 0, 2),
(57953, 28155, 7, 1.0000, 0.00, 0.00, 1, 0),
(57954, 28155, 10, 1.0000, 5000.00, 7000.00, 0, 1),
(57955, 28155, 8, 40.0000, 200000.00, 210000.00, 0, 2),
(57956, 28156, 10, 1.0000, 25000.00, 29091.00, 1, 0),
(57957, 28156, 6, 25.0000, 625000.00, 610906.25, 0, 1),
(57958, 28157, 6, 1.0000, 0.00, 0.00, 1, 0),
(57959, 28157, 10, 1.0000, 47000.00, 50000.00, 0, 1),
(57960, 28157, 8, 20.0000, 940000.00, 945000.00, 0, 2),
(57961, 28158, 6, 1.0000, 0.00, 0.00, 1, 0),
(57962, 28158, 10, 1.0000, 45000.00, 55000.00, 0, 1),
(57963, 28158, 8, 5.0000, 225000.00, 235000.00, 0, 2),
(57964, 28159, 6, 1.0000, 0.00, 0.00, 1, 0),
(57965, 28159, 10, 1.0000, 13250.00, 15000.00, 0, 1),
(57966, 28159, 8, 20.0000, 265000.00, 290000.00, 0, 2),
(57967, 28160, 10, 1.0000, 23000.00, 25000.00, 1, 0),
(57968, 28160, 6, 25.0000, 575000.00, 580000.00, 0, 1),
(57969, 28161, 10, 1.0000, 10000.00, 12000.00, 1, 0),
(57970, 28161, 6, 10.0000, 100000.00, 115000.00, 0, 1),
(57971, 28162, 10, 1.0000, 16900.00, 20000.00, 1, 0),
(57972, 28162, 6, 5.0000, 84500.00, 95000.00, 0, 1),
(57973, 28163, 10, 1.0000, 40000.00, 50000.00, 1, 0),
(57974, 28163, 6, 10.0000, 400000.00, 450000.00, 0, 1),
(57975, 28164, 13, 1.0000, 26750.00, 30000.00, 1, 0),
(57976, 28164, 6, 20.0000, 535000.00, 540000.00, 0, 1),
(57977, 28165, 13, 1.0000, 65000.00, 65000.00, 1, 0),
(57978, 28165, 6, 10.0000, 650000.00, 342108.00, 0, 1),
(57979, 28166, 12, 1.0000, 26500.00, 32000.00, 1, 0),
(57980, 28166, 6, 25.0000, 662500.00, 672000.00, 0, 1),
(57981, 28167, 13, 1.0000, 65000.00, 65000.00, 1, 0),
(57982, 28167, 7, 50.0000, 3250000.00, 3300000.00, 0, 1),
(57983, 28168, 18, 1.0000, 31300.00, 35000.00, 1, 0),
(57984, 28168, 6, 25.0000, 782500.00, 800000.00, 0, 1),
(57985, 28169, 6, 1.0000, 0.00, 0.00, 1, 0),
(57986, 28169, 1, 1.0000, 15500.00, 20000.00, 0, 1),
(57987, 28169, 18, 20.0000, 310000.00, 360000.00, 0, 2),
(57988, 28170, 6, 1.0000, 0.00, 0.00, 1, 0),
(57989, 28170, 1, 1.0000, 57000.00, 60000.00, 0, 1),
(57990, 28170, 18, 50.0000, 2850000.00, 2950000.00, 0, 2),
(57991, 28171, 6, 1.0000, 0.00, 0.00, 1, 0),
(57992, 28171, 1, 1.0000, 27500.00, 32000.00, 0, 1),
(57993, 28171, 18, 25.0000, 687500.00, 672000.00, 0, 2),
(57994, 28172, 1, 1.0000, 20476.19, 22000.00, 1, 0),
(57995, 28172, 6, 21.0000, 430000.00, 441000.00, 0, 1),
(57996, 28173, 1, 1.0000, 4625.00, 6000.00, 1, 0),
(57997, 28173, 6, 40.0000, 185000.00, 200000.00, 0, 1),
(57998, 28174, 1, 1.0000, 50000.00, 52000.00, 1, 0),
(57999, 28174, 6, 6.0000, 300000.00, 305000.00, 0, 1),
(58000, 28175, 1, 1.0000, 15555.50, 17283.87, 1, 0),
(58001, 28175, 6, 10.0000, 155555.00, 161316.76, 0, 1),
(58002, 28176, 1, 1.0000, 27000.00, 30000.00, 1, 0),
(58003, 28176, 6, 5.0000, 135000.00, 140000.00, 0, 1),
(58004, 28177, 18, 1.0000, 28000.00, 30000.04, 1, 0),
(58005, 28177, 6, 25.0000, 700000.00, 750000.00, 0, 1),
(58006, 28178, 6, 1.0000, 0.00, 0.00, 1, 0),
(58007, 28178, 1, 1.0000, 8000.00, 10000.00, 0, 1),
(58008, 28178, 18, 40.0000, 320000.00, 325000.00, 0, 2),
(58009, 28179, 1, 1.0000, 49917.67, 53000.00, 1, 0),
(58010, 28179, 18, 6.0000, 299506.00, 312000.00, 0, 1),
(58011, 28180, 1, 1.0000, 13500.00, 15000.00, 1, 0),
(58012, 28180, 6, 10.0000, 135000.00, 140000.00, 0, 1),
(58013, 28181, 1, 1.0000, 10000.00, 12000.00, 1, 0),
(58014, 28181, 18, 10.0000, 100000.00, 110000.00, 0, 1),
(58015, 28182, 1, 1.0000, 18000.00, 25000.00, 1, 0),
(58016, 28182, 6, 25.0000, 450000.00, 500000.00, 0, 1),
(58017, 28183, 1, 1.0000, 7000.00, 9000.00, 1, 0),
(58018, 28183, 6, 5.0000, 35000.00, 37000.00, 0, 1),
(58019, 28184, 18, 1.0000, 6875.00, 10000.00, 1, 0),
(58020, 28184, 6, 12.0000, 82500.00, 90000.00, 0, 1),
(58021, 28185, 6, 1.0000, 0.00, 0.00, 1, 0),
(58022, 28185, 1, 1.0000, 11093.50, 16000.00, 0, 1),
(58023, 28185, 18, 20.0000, 221870.00, 271000.00, 0, 2),
(58024, 28186, 6, 1.0000, 0.00, 0.00, 1, 0),
(58025, 28186, 1, 1.0000, 13500.00, 17000.00, 0, 1),
(58026, 28186, 18, 20.0000, 270000.00, 300000.00, 0, 2),
(58027, 28187, 6, 1.0000, 0.00, 0.00, 1, 0),
(58028, 28187, 1, 1.0000, 8200.00, 10000.00, 0, 1),
(58029, 28187, 18, 50.0000, 410000.00, 450000.00, 0, 2),
(58030, 28188, 6, 1.0000, 0.00, 0.00, 1, 0),
(58031, 28188, 1, 1.0000, 44000.00, 46000.00, 0, 1),
(58032, 28188, 18, 5.0000, 220000.00, 225000.00, 0, 2),
(58033, 28189, 1, 1.0000, 42000.00, 46000.00, 1, 0),
(58034, 28189, 6, 5.0000, 210000.00, 225000.00, 0, 1),
(58035, 28190, 18, 1.0000, 7636.36, 10000.00, 1, 0),
(58036, 28190, 6, 36.0000, 274909.00, 280000.00, 0, 1),
(58037, 28191, 1, 1.0000, 9262.50, 12000.00, 1, 0),
(58038, 28191, 6, 20.0000, 185250.00, 220000.00, 0, 1),
(58039, 28192, 1, 1.0000, 6712.96, 8000.00, 1, 0),
(58040, 28192, 6, 48.0000, 322222.00, 336000.00, 0, 1),
(58041, 28193, 1, 1.0000, 2650.00, 3000.00, 1, 0),
(58042, 28193, 6, 10.0000, 26500.00, 28000.00, 0, 1),
(58043, 28194, 1, 1.0000, 9262.50, 12000.00, 1, 0),
(58044, 28194, 18, 20.0000, 185250.00, 220000.00, 0, 1),
(58045, 28195, 6, 1.0000, 0.00, 0.00, 1, 0),
(58046, 28195, 1, 1.0000, 46666.67, 70000.00, 0, 1),
(58047, 28195, 10, 12.0000, 560000.00, 600000.00, 0, 2),
(58048, 28196, 10, 1.0000, 3419.25, 5000.00, 1, 0),
(58049, 28196, 5, 8.0000, 27354.00, 30000.00, 0, 1),
(58050, 28197, 10, 1.0000, 5700.00, 7000.00, 1, 0),
(58051, 28197, 5, 10.0000, 57000.00, 30000.00, 0, 1),
(58052, 28198, 10, 1.0000, 6000.00, 8000.00, 1, 0),
(58053, 28198, 5, 50.0000, 300000.00, 330000.00, 0, 1),
(58054, 28199, 10, 1.0000, 12750.00, 16000.00, 1, 0),
(58055, 28199, 5, 20.0000, 255000.00, 300000.00, 0, 1),
(58056, 28200, 10, 1.0000, 33000.00, 45000.00, 1, 0),
(58057, 28200, 5, 28.0000, 924000.00, 1000000.00, 0, 1),
(58058, 28201, 10, 1.0000, 27000.00, 35000.00, 1, 0),
(58059, 28201, 5, 30.0000, 810000.00, 900000.00, 0, 1),
(58060, 28202, 1, 1.0000, 20000.00, 30000.00, 1, 0),
(58061, 28202, 5, 25.0000, 500000.00, 600000.00, 0, 1),
(58062, 28203, 12, 1.0000, 7958.33, 9000.00, 1, 0),
(58063, 28203, 5, 12.0000, 95500.00, 98000.00, 0, 1),
(58064, 28204, 11, 1.0000, 16000.00, 18000.00, 1, 0),
(58065, 28204, 5, 12.0000, 192000.00, 197000.00, 0, 1),
(58066, 28205, 11, 1.0000, 8750.00, 10000.00, 1, 0),
(58067, 28205, 17, 12.0000, 105000.00, 120000.00, 0, 1),
(58068, 28206, 1, 1.0000, 45000.00, 47000.00, 1, 0),
(58069, 28206, 5, 6.0000, 270000.00, 275000.00, 0, 1),
(58070, 28207, 12, 1.0000, 11250.00, 12000.00, 1, 0),
(58071, 28207, 5, 24.0000, 270000.00, 282000.00, 0, 1),
(58072, 28208, 1, 1.0000, 2077.13, 3000.00, 1, 0),
(58073, 28208, 5, 48.0000, 99702.00, 116000.00, 0, 1),
(58074, 28209, 1, 1.0000, 24333.33, 25000.00, 1, 0),
(58075, 28209, 5, 12.0000, 292000.00, 300000.00, 0, 1),
(58076, 28210, 12, 1.0000, 15475.20, 17000.00, 1, 0),
(58077, 28210, 5, 12.0000, 185702.40, 192000.00, 0, 1),
(58078, 28211, 11, 1.0000, 32333.33, 35000.00, 1, 0),
(58079, 28211, 5, 12.0000, 388000.00, 393000.00, 0, 1),
(58080, 28212, 1, 1.0000, 1672.17, 2000.00, 1, 0),
(58081, 28212, 5, 60.0000, 100330.00, 105000.00, 0, 1),
(58082, 28213, 1, 1.0000, 20833.33, 22000.00, 1, 0),
(58083, 28213, 5, 12.0000, 250000.00, 255000.00, 0, 1),
(58084, 28214, 1, 1.0000, 7833.33, 9000.00, 1, 0),
(58085, 28214, 10, 12.0000, 94000.00, 108000.00, 0, 1),
(58086, 28215, 1, 1.0000, 8000.00, 9000.00, 1, 0),
(58087, 28215, 5, 12.0000, 96000.00, 100000.00, 0, 1),
(58088, 28216, 13, 1.0000, 11600.00, 13000.00, 1, 0),
(58089, 28216, 7, 50.0000, 580000.00, 600000.00, 0, 1),
(58090, 28217, 1, 1.0000, 10436.56, 12000.00, 1, 0),
(58091, 28217, 5, 48.0000, 500955.00, 576000.00, 0, 1),
(58092, 28218, 1, 1.0000, 93980.25, 95000.00, 1, 0),
(58093, 28218, 5, 8.0000, 751842.00, 752000.00, 0, 1),
(58094, 28219, 1, 1.0000, 10323.54, 12000.00, 1, 0),
(58095, 28219, 5, 24.0000, 247765.00, 288000.00, 0, 1),
(58096, 28220, 1, 1.0000, 12291.67, 14000.00, 1, 0),
(58097, 28220, 5, 48.0000, 590000.00, 600000.00, 0, 1),
(58098, 28221, 1, 1.0000, 10770.83, 12000.00, 1, 0),
(58099, 28221, 5, 48.0000, 517000.00, 530000.00, 0, 1),
(58100, 28222, 1, 1.0000, 103750.00, 105000.00, 1, 0),
(58101, 28222, 5, 8.0000, 830000.00, 835000.00, 0, 1),
(58102, 28223, 1, 1.0000, 11583.22, 13000.00, 1, 0),
(58103, 28223, 5, 8.0000, 92665.75, 100000.00, 0, 1),
(58104, 28224, 1, 1.0000, 88957.89, 95000.00, 1, 0),
(58105, 28224, 5, 9.0000, 800621.00, 810000.00, 0, 1),
(58106, 28225, 10, 1.0000, 3419.25, 5000.00, 1, 0),
(58107, 28225, 5, 8.0000, 27354.00, 30000.00, 0, 1),
(58108, 28226, 10, 1.0000, 47333.33, 55000.00, 1, 0),
(58109, 28226, 6, 15.0000, 710000.00, 750000.00, 0, 1),
(58110, 28227, 10, 1.0000, 2285.71, 3000.00, 1, 0),
(58111, 28227, 8, 35.0000, 80000.00, 85000.00, 0, 1),
(58112, 28228, 10, 1.0000, 8500.00, 10000.00, 1, 0),
(58113, 28228, 5, 4.0000, 34000.00, 38000.00, 0, 1),
(58114, 28229, 10, 1.0000, 60000.00, 65000.00, 1, 0),
(58115, 28229, 5, 10.0000, 600000.00, 620000.00, 0, 1),
(58116, 28230, 10, 1.0000, 9047.50, 15000.00, 1, 0),
(58117, 28230, 5, 20.0000, 180950.00, 230000.00, 0, 1),
(58118, 28231, 10, 1.0000, 80000.00, 120000.00, 1, 0),
(58119, 28231, 6, 6.0000, 480000.00, 700000.00, 0, 1),
(58120, 28232, 10, 1.0000, 2300.00, 4000.00, 1, 0),
(58121, 28232, 6, 10.0000, 23000.00, 25000.00, 0, 1),
(58122, 28233, 10, 1.0000, 5700.00, 7000.00, 1, 0),
(58123, 28233, 6, 10.0000, 57000.00, 30000.00, 0, 1),
(58124, 28234, 10, 1.0000, 22250.00, 25000.00, 1, 0),
(58125, 28234, 8, 20.0000, 445000.00, 465000.00, 0, 1),
(58126, 28235, 10, 1.0000, 4661.46, 5000.00, 1, 0),
(58127, 28235, 8, 24.0000, 111875.00, 116000.00, 0, 1),
(58128, 28236, 10, 1.0000, 0.00, 0.00, 1, 0),
(58129, 28236, 8, 5.0000, 0.00, 0.00, 0, 1),
(58130, 28237, 10, 1.0000, 2720.00, 4000.00, 1, 0),
(58131, 28237, 5, 50.0000, 27200.00, 30000.00, 0, 1),
(58132, 28238, 10, 1.0000, 2720.00, 4000.00, 1, 0),
(58133, 28238, 5, 50.0000, 27200.00, 30000.00, 0, 1),
(58134, 28239, 10, 1.0000, 2100.00, 4000.00, 1, 0),
(58135, 28239, 5, 100.0000, 210000.00, 300000.00, 0, 1),
(58136, 28240, 6, 1.0000, 0.00, 0.00, 1, 0),
(58137, 28240, 10, 1.0000, 15000.00, 17000.00, 0, 1),
(58138, 28241, 10, 1.0000, 1800.00, 3000.00, 1, 0),
(58139, 28241, 6, 50.0000, 90000.00, 100000.00, 0, 1),
(58140, 28242, 13, 1.0000, 7500.00, 9000.00, 1, 0),
(58141, 28242, 8, 10.0000, 150000.00, 160000.00, 0, 1),
(58142, 28243, 10, 1.0000, 32000.00, 35000.00, 1, 0),
(58143, 28243, 8, 25.0000, 800000.00, 800000.00, 0, 1),
(58144, 28244, 10, 1.0000, 34500.00, 36000.00, 1, 0),
(58145, 28244, 8, 50.0000, 1725000.00, 1750000.00, 0, 1),
(58146, 28245, 1, 1.0000, 8500.00, 10000.00, 1, 0),
(58147, 28245, 8, 4.0000, 34000.00, 38000.00, 0, 1),
(58148, 28246, 10, 1.0000, 47839.17, 55000.00, 1, 0),
(58149, 28246, 5, 6.0000, 287035.00, 295000.00, 0, 1),
(58150, 28247, 10, 1.0000, 4661.46, 5000.00, 1, 0),
(58151, 28247, 5, 24.0000, 111875.00, 116000.00, 0, 1),
(58152, 28248, 10, 1.0000, 12116.50, 17000.00, 1, 0),
(58153, 28248, 5, 20.0000, 242330.00, 290000.00, 0, 1),
(58154, 28249, 10, 1.0000, 9900.44, 12000.00, 1, 0),
(58155, 28249, 5, 25.0000, 247511.00, 260000.00, 0, 1),
(58156, 28250, 10, 1.0000, 14500.00, 20000.00, 1, 0),
(58157, 28250, 5, 20.0000, 290000.00, 340000.00, 0, 1),
(58158, 28251, 10, 1.0000, 7500.00, 10000.00, 1, 0),
(58159, 28251, 5, 40.0000, 300000.00, 350001.00, 0, 1),
(58160, 28252, 10, 1.0000, 7750.00, 10000.00, 1, 0),
(58161, 28252, 6, 40.0000, 310000.00, 350000.00, 0, 1),
(58162, 28253, 10, 1.0000, 2650.00, 3000.00, 1, 0),
(58163, 28253, 8, 10.0000, 26500.00, 28000.00, 0, 1),
(58164, 28253, 6, 200.0000, 530000.00, 560000.00, 0, 2),
(58165, 28254, 6, 1.0000, 0.00, 0.00, 1, 0),
(58166, 28254, 10, 1.0000, 2100.00, 4000.00, 0, 1),
(58167, 28254, 8, 100.0000, 210000.00, 300000.00, 0, 2),
(58168, 28255, 6, 1.0000, 0.00, 0.00, 1, 0),
(58169, 28255, 10, 1.0000, 57000.00, 60000.00, 0, 1),
(58170, 28255, 8, 50.0000, 2850000.00, 2950000.00, 0, 2),
(58171, 28256, 10, 1.0000, 27000.00, 32000.00, 1, 0),
(58172, 28256, 5, 35.0000, 945000.00, 950000.00, 0, 1),
(58173, 28257, 10, 1.0000, 10160.00, 12000.00, 1, 0),
(58174, 28257, 8, 10.0000, 101600.00, 110000.00, 0, 1),
(58175, 28257, 6, 50.0000, 508000.00, 515000.00, 0, 2),
(58176, 28258, 10, 1.0000, 6875.00, 10000.00, 1, 0),
(58177, 28258, 8, 12.0000, 82500.00, 90000.00, 0, 1),
(58178, 28259, 10, 1.0000, 32000.00, 34000.00, 1, 0),
(58179, 28259, 8, 25.0000, 800000.00, 820000.00, 0, 1),
(58180, 28260, 1, 1.0000, 27500.00, 32000.00, 1, 0),
(58181, 28260, 10, 25.0000, 687500.00, 672000.00, 0, 1),
(58182, 28261, 10, 1.0000, 10000.00, 13000.00, 1, 0),
(58183, 28261, 8, 48.0000, 480000.00, 550000.00, 0, 1),
(58184, 28262, 10, 1.0000, 8500.00, 10000.00, 1, 0),
(58185, 28262, 6, 4.0000, 34000.00, 38000.00, 0, 1),
(58186, 28263, 10, 1.0000, 28666.67, 30000.00, 1, 0),
(58187, 28263, 6, 15.0000, 430000.00, 435000.00, 0, 1),
(58188, 28264, 13, 1.0000, 15000.00, 20270.25, 1, 0),
(58189, 28264, 9, 5.0000, 75000.00, 81081.00, 0, 1),
(58190, 28265, 13, 1.0000, 17600.00, 20000.00, 1, 0),
(58191, 28265, 9, 5.0000, 88000.00, 95000.00, 0, 1),
(58192, 28266, 13, 1.0000, 7400.00, 10000.00, 1, 0),
(58193, 28266, 9, 10.0000, 74000.00, 80000.00, 0, 1),
(58194, 28267, 13, 1.0000, 17600.00, 20000.00, 1, 0),
(58195, 28267, 9, 5.0000, 88000.00, 95000.00, 0, 1),
(58196, 28268, 13, 1.0000, 15000.00, 17000.00, 1, 0),
(58197, 28268, 5, 20.0000, 300000.00, 310000.00, 0, 1),
(58198, 28269, 13, 1.0000, 68000.00, 70000.00, 1, 0),
(58199, 28269, 5, 5.0000, 340000.00, 345000.00, 0, 1),
(58200, 28270, 13, 1.0000, 70000.00, 75000.00, 1, 0),
(58201, 28270, 5, 5.0000, 350000.00, 375000.00, 0, 1),
(58202, 28271, 13, 1.0000, 14800.00, 22000.00, 1, 0),
(58203, 28271, 9, 5.0000, 74000.00, 79999.92, 0, 1),
(58204, 28272, 13, 1.0000, 17600.00, 20000.00, 1, 0),
(58205, 28272, 9, 5.0000, 88000.00, 95000.00, 0, 1),
(58206, 28273, 13, 1.0000, 16400.00, 18000.00, 1, 0),
(58207, 28273, 9, 5.0000, 82000.00, 85000.00, 0, 1),
(58208, 28274, 13, 1.0000, 17600.00, 20000.00, 1, 0),
(58209, 28274, 7, 25.0000, 440000.00, 450000.00, 0, 1),
(58210, 28275, 13, 1.0000, 7400.00, 10000.00, 1, 0),
(58211, 28275, 9, 10.0000, 74000.00, 80000.00, 0, 1),
(58212, 28276, 13, 1.0000, 17600.00, 20000.00, 1, 0),
(58213, 28276, 9, 5.0000, 88000.00, 95000.00, 0, 1),
(58214, 28277, 13, 1.0000, 11145.83, 12000.00, 1, 0),
(58215, 28277, 7, 48.0000, 535000.00, 575000.00, 0, 1),
(58216, 28278, 13, 1.0000, 17600.00, 20000.00, 1, 0),
(58217, 28278, 9, 5.0000, 88000.00, 95000.00, 0, 1),
(58218, 28279, 13, 1.0000, 10000.00, 18461.50, 1, 0),
(58219, 28279, 9, 5.0000, 50000.00, 55000.00, 0, 1),
(58220, 28280, 13, 1.0000, 17600.00, 20000.00, 1, 0),
(58221, 28280, 9, 5.0000, 88000.00, 95000.00, 0, 1),
(58222, 28281, 13, 1.0000, 17600.00, 20000.00, 1, 0),
(58223, 28281, 9, 5.0000, 88000.00, 95000.00, 0, 1),
(58224, 28282, 1, 1.0000, 8000.00, 10000.00, 1, 0),
(58225, 28282, 5, 20.0000, 160000.00, 180000.00, 0, 1),
(58226, 28283, 1, 1.0000, 7000.00, 10000.00, 1, 0),
(58227, 28283, 5, 20.0000, 140000.00, 180000.00, 0, 1),
(58228, 28284, 12, 1.0000, 8300.00, 10000.00, 1, 0),
(58229, 28284, 5, 20.0000, 166000.00, 200000.00, 0, 1),
(58230, 28285, 13, 1.0000, 31000.00, 32680.82, 1, 0),
(58231, 28285, 5, 5.0000, 155000.00, 158735.50, 0, 1),
(58232, 28286, 13, 1.0000, 14600.00, 17000.00, 1, 0),
(58233, 28286, 7, 25.0000, 365000.00, 400000.00, 0, 1),
(58234, 28287, 13, 1.0000, 46400.00, 48000.00, 1, 0),
(58235, 28287, 5, 5.0000, 232000.00, 240000.00, 0, 1),
(58236, 28288, 13, 1.0000, 17600.00, 20000.00, 1, 0),
(58237, 28288, 9, 5.0000, 88000.00, 95000.00, 0, 1),
(58238, 28289, 13, 1.0000, 17600.00, 20000.00, 1, 0),
(58239, 28289, 9, 5.0000, 88000.00, 95000.00, 0, 1),
(58240, 28290, 13, 1.0000, 17600.00, 20000.00, 1, 0),
(58241, 28290, 9, 5.0000, 88000.00, 95000.00, 0, 1),
(58242, 28291, 13, 1.0000, 15200.00, 20000.00, 1, 0),
(58243, 28291, 9, 5.0000, 76000.00, 79000.00, 0, 1),
(58244, 28292, 13, 1.0000, 17600.00, 20000.00, 1, 0),
(58245, 28292, 9, 5.0000, 88000.00, 95000.00, 0, 1),
(58246, 28293, 13, 1.0000, 15000.00, 17000.00, 1, 0),
(58247, 28293, 7, 5.0000, 75000.00, 80000.00, 0, 1),
(58248, 28294, 13, 1.0000, 16400.00, 18000.00, 1, 0),
(58249, 28294, 9, 5.0000, 82000.00, 85000.00, 0, 1),
(58250, 28295, 13, 1.0000, 16400.00, 18000.00, 1, 0),
(58251, 28295, 9, 5.0000, 82000.00, 85000.00, 0, 1),
(58252, 28296, 13, 1.0000, 17600.00, 20000.00, 1, 0),
(58253, 28296, 9, 5.0000, 88000.00, 95000.00, 0, 1),
(58254, 28297, 13, 1.0000, 17600.00, 20000.00, 1, 0),
(58255, 28297, 9, 5.0000, 88000.00, 95000.00, 0, 1),
(58256, 28298, 13, 1.0000, 16000.00, 18000.00, 1, 0),
(58257, 28298, 9, 5.0000, 80000.00, 90000.00, 0, 1),
(58258, 28299, 1, 1.0000, 7700.00, 10000.00, 1, 0),
(58259, 28299, 9, 10.0000, 77000.00, 85000.00, 0, 1),
(58260, 28300, 13, 1.0000, 16400.00, 18000.00, 1, 0),
(58261, 28300, 9, 5.0000, 82000.00, 85000.00, 0, 1),
(58262, 28301, 10, 1.0000, 12700.00, 15000.00, 1, 0),
(58263, 28301, 5, 10.0000, 127000.00, 129000.00, 0, 1),
(58264, 28302, 13, 1.0000, 19000.00, 21000.00, 1, 0),
(58265, 28302, 9, 5.0000, 95000.00, 100000.00, 0, 1),
(58266, 28303, 13, 1.0000, 15700.00, 18000.00, 1, 0),
(58267, 28303, 9, 5.0000, 78500.00, 85000.00, 0, 1),
(58268, 28304, 13, 1.0000, 16400.00, 18000.00, 1, 0),
(58269, 28304, 9, 5.0000, 82000.00, 85000.00, 0, 1),
(58270, 28305, 13, 1.0000, 15200.00, 20000.00, 1, 0);
INSERT INTO `product_units` (`id`, `product_id`, `unit_id`, `conversion_qty`, `buy_price`, `sell_price`, `is_base_unit`, `sort_order`) VALUES
(58271, 28305, 9, 5.0000, 76000.00, 79000.00, 0, 1),
(58272, 28306, 10, 1.0000, 9555.00, 10000.00, 1, 0),
(58273, 28307, 1, 1.0000, 27000.00, 30000.00, 1, 0),
(58274, 28307, 7, 25.0000, 675000.00, 690000.00, 0, 1),
(58275, 28308, 13, 1.0000, 40000.00, 42000.00, 1, 0),
(58276, 28308, 5, 10.0000, 400000.00, 410000.00, 0, 1),
(58277, 28309, 1, 1.0000, 22708.33, 24000.00, 1, 0),
(58278, 28309, 5, 24.0000, 545000.00, 550000.00, 0, 1),
(58279, 28310, 1, 1.0000, 11208.33, 12000.00, 1, 0),
(58280, 28310, 5, 48.0000, 538000.00, 550000.00, 0, 1),
(58281, 28311, 10, 1.0000, 35500.00, 38000.00, 1, 0),
(58282, 28311, 5, 10.0000, 355000.00, 360000.00, 0, 1),
(58283, 28312, 10, 1.0000, 35500.00, 38000.00, 1, 0),
(58284, 28312, 5, 10.0000, 355000.00, 360000.00, 0, 1),
(58285, 28313, 10, 1.0000, 35500.00, 38000.00, 1, 0),
(58286, 28313, 5, 10.0000, 355000.00, 360000.00, 0, 1),
(58287, 28314, 10, 1.0000, 3097.22, 3500.00, 1, 0),
(58288, 28314, 5, 72.0000, 223000.00, 228000.00, 0, 1),
(58289, 28315, 1, 1.0000, 3097.22, 3500.00, 1, 0),
(58290, 28315, 5, 72.0000, 223000.00, 228000.00, 0, 1),
(58291, 28316, 1, 1.0000, 5400.17, 6000.00, 1, 0),
(58292, 28316, 5, 36.0000, 194406.00, 207000.00, 0, 1),
(58293, 28317, 1, 1.0000, 5400.17, 6000.00, 1, 0),
(58294, 28317, 5, 36.0000, 194406.00, 207000.00, 0, 1),
(58295, 28318, 1, 1.0000, 5665.06, 6500.00, 1, 0),
(58296, 28318, 5, 36.0000, 203942.00, 216000.00, 0, 1),
(58297, 28319, 1, 1.0000, 5888.89, 7000.00, 1, 0),
(58298, 28319, 5, 36.0000, 212000.00, 220000.00, 0, 1),
(58299, 28320, 1, 1.0000, 8035.71, 9000.00, 1, 0),
(58300, 28320, 10, 7.0000, 56250.00, 60000.00, 0, 1),
(58301, 28320, 5, 28.0000, 225000.00, 230000.00, 0, 2),
(58302, 28321, 9, 1.0000, 36859.67, 40000.00, 1, 0),
(58303, 28321, 5, 6.0000, 221158.00, 225000.00, 0, 1),
(58304, 28322, 1, 1.0000, 5845.10, 7000.00, 1, 0),
(58305, 28322, 9, 5.0000, 29225.50, 32000.00, 0, 1),
(58306, 28322, 5, 30.0000, 175353.00, 178000.00, 0, 2),
(58307, 28323, 10, 1.0000, 3097.22, 3500.00, 1, 0),
(58308, 28323, 5, 72.0000, 223000.00, 228000.00, 0, 1),
(58309, 28324, 1, 1.0000, 10143.84, 12000.00, 1, 0),
(58310, 28324, 10, 6.0000, 60863.04, 66000.00, 0, 1),
(58311, 28325, 1, 1.0000, 5482.33, 5482.33, 1, 0),
(58312, 28325, 10, 6.0000, 32894.00, 32894.00, 0, 1),
(58313, 28326, 1, 1.0000, 6524.00, 8000.00, 1, 0),
(58314, 28326, 10, 6.0000, 39144.00, 41000.00, 0, 1),
(58315, 28327, 1, 1.0000, 5791.52, 8000.00, 1, 0),
(58316, 28327, 10, 6.0000, 34749.12, 36000.00, 0, 1),
(58317, 28328, 1, 1.0000, 11054.40, 12000.00, 1, 0),
(58318, 28328, 10, 6.0000, 66326.40, 68000.00, 0, 1),
(58319, 28329, 10, 1.0000, 9391.25, 10000.00, 1, 0),
(58320, 28329, 5, 48.0000, 450780.00, 455000.00, 0, 1),
(58321, 28330, 10, 1.0000, 10300.00, 11444.43, 1, 0),
(58322, 28330, 7, 50.0000, 515000.00, 540000.00, 0, 1),
(58323, 28331, 12, 1.0000, 1800.00, 3000.00, 1, 0),
(58324, 28331, 9, 25.0000, 45000.00, 50000.00, 0, 1),
(58325, 28332, 10, 1.0000, 10600.00, 12000.00, 1, 0),
(58326, 28332, 7, 50.0000, 530000.00, 540000.00, 0, 1),
(58327, 28333, 1, 1.0000, 16975.00, 18000.00, 1, 0),
(58328, 28333, 5, 16.0000, 271600.00, 280000.00, 0, 1),
(58329, 28334, 1, 1.0000, 4983.33, 6000.00, 1, 0),
(58330, 28334, 5, 24.0000, 119600.00, 132000.00, 0, 1),
(58331, 28335, 1, 1.0000, 4983.33, 6000.00, 1, 0),
(58332, 28335, 5, 24.0000, 119600.00, 132000.00, 0, 1),
(58333, 28336, 17, 1.0000, 18130.83, 20000.00, 1, 0),
(58334, 28336, 5, 6.0000, 108785.00, 120000.00, 0, 1),
(58335, 28337, 17, 1.0000, 16875.00, 21000.00, 1, 0),
(58336, 28337, 5, 8.0000, 135000.00, 147000.00, 0, 1),
(58337, 28338, 1, 1.0000, 4983.33, 6000.00, 1, 0),
(58338, 28338, 5, 24.0000, 119600.00, 132000.00, 0, 1),
(58339, 28339, 1, 1.0000, 4983.33, 6000.00, 1, 0),
(58340, 28339, 5, 24.0000, 119600.00, 132000.00, 0, 1),
(58341, 28340, 1, 1.0000, 16975.00, 18000.00, 1, 0),
(58342, 28340, 5, 16.0000, 271600.00, 280000.00, 0, 1),
(58343, 28341, 1, 1.0000, 12200.00, 15000.00, 1, 0),
(58344, 28341, 5, 15.0000, 183000.00, 186000.00, 0, 1),
(58345, 28342, 10, 1.0000, 7500.00, 10000.00, 1, 0),
(58346, 28342, 5, 40.0000, 300000.00, 350000.00, 0, 1),
(58347, 28343, 10, 1.0000, 13750.00, 15000.00, 1, 0),
(58348, 28343, 5, 12.0000, 165000.00, 172000.00, 0, 1),
(58349, 28344, 12, 1.0000, 18000.00, 20000.00, 1, 0),
(58350, 28344, 8, 10.0000, 180000.00, 190000.00, 0, 1),
(58351, 28345, 5, 1.0000, 18130.83, 20000.00, 1, 0),
(58352, 28346, 5, 1.0000, 20416.67, 22272.75, 1, 0),
(58353, 28347, 1, 1.0000, 2090.46, 3000.00, 1, 0),
(58354, 28347, 5, 70.0000, 146332.00, 172000.00, 0, 1),
(58355, 28348, 13, 1.0000, 20000.00, 20000.00, 1, 0),
(58356, 28348, 7, 25.0000, 500000.00, 500000.00, 0, 1),
(58357, 28349, 12, 1.0000, 19000.00, 22000.00, 1, 0),
(58358, 28349, 5, 10.0000, 190000.00, 200000.00, 0, 1),
(58359, 28350, 13, 1.0000, 16000.00, 18000.00, 1, 0),
(58360, 28350, 7, 25.0000, 400000.00, 410000.00, 0, 1),
(58361, 28351, 10, 1.0000, 8148.00, 10000.00, 1, 0),
(58362, 28351, 5, 48.0000, 391104.00, 432000.00, 0, 1),
(58363, 28352, 1, 1.0000, 5514.44, 5000.00, 1, 0),
(58364, 28352, 5, 48.0000, 264693.00, 270000.00, 0, 1),
(58365, 28353, 1, 1.0000, 367.63, 500.00, 1, 0),
(58366, 28353, 10, 12.0000, 4411.55, 5000.00, 0, 1),
(58367, 28353, 5, 720.0000, 264693.00, 313000.00, 0, 2),
(58368, 28354, 1, 1.0000, 750.00, 750.00, 1, 0),
(58369, 28354, 10, 12.0000, 9000.00, 9000.00, 0, 1),
(58370, 28354, 5, 288.0000, 216000.00, 216000.00, 0, 2),
(58371, 28355, 1, 1.0000, 8148.00, 10000.00, 1, 0),
(58372, 28355, 5, 48.0000, 391104.00, 405000.00, 0, 1),
(58373, 28356, 1, 1.0000, 5514.44, 6000.00, 1, 0),
(58374, 28356, 5, 48.0000, 264693.00, 270000.00, 0, 1),
(58375, 28357, 1, 1.0000, 367.63, 500.00, 1, 0),
(58376, 28357, 10, 12.0000, 4411.55, 5000.00, 0, 1),
(58377, 28357, 5, 720.0000, 264693.00, 312000.00, 0, 2),
(58378, 28358, 1, 1.0000, 4547.75, 5000.00, 1, 0),
(58379, 28358, 5, 40.0000, 181910.00, 188000.00, 0, 1),
(58380, 28359, 1, 1.0000, 4293.54, 5000.00, 1, 0),
(58381, 28359, 5, 24.0000, 103045.00, 108000.00, 0, 1),
(58382, 28360, 1, 1.0000, 4487.67, 5000.00, 1, 0),
(58383, 28360, 5, 12.0000, 53852.00, 60000.00, 0, 1),
(58384, 28361, 12, 1.0000, 23000.00, 25000.00, 1, 0),
(58385, 28361, 9, 20.0000, 460000.00, 480000.00, 0, 1),
(58386, 28362, 6, 1.0000, 0.00, 0.00, 1, 0),
(58387, 28362, 1, 1.0000, 5056.48, 6000.00, 0, 1),
(58388, 28362, 8, 40.0000, 202259.00, 212000.00, 0, 2),
(58389, 28363, 1, 1.0000, 8333.33, 13020.83, 1, 0),
(58390, 28363, 8, 10.0000, 83333.33, 100000.00, 0, 1),
(58391, 28363, 6, 240.0000, 2000000.00, 2000000.00, 0, 2),
(58392, 28364, 11, 1.0000, 20416.67, 22272.75, 1, 0),
(58393, 28364, 5, 12.0000, 245000.00, 256135.25, 0, 1),
(58394, 28365, 1, 1.0000, 36458.33, 36458.33, 1, 0),
(58395, 28365, 5, 24.0000, 875000.00, 875000.00, 0, 1),
(58396, 28366, 1, 1.0000, 6500.71, 10000.00, 1, 0),
(58397, 28366, 5, 24.0000, 156017.00, 192000.00, 0, 1),
(58398, 28367, 1, 1.0000, 13144.08, 15000.00, 1, 0),
(58399, 28367, 5, 12.0000, 157729.00, 168000.00, 0, 1),
(58400, 28368, 1, 1.0000, 11916.75, 15000.00, 1, 0),
(58401, 28368, 5, 12.0000, 143001.00, 156000.00, 0, 1),
(58402, 28369, 1, 1.0000, 8787.50, 10000.00, 1, 0),
(58403, 28369, 5, 12.0000, 105450.00, 110000.00, 0, 1),
(58404, 28370, 1, 1.0000, 4440.00, 5000.00, 1, 0),
(58405, 28370, 5, 24.0000, 106560.00, 110000.00, 0, 1),
(58406, 28371, 1, 1.0000, 19432.00, 22000.00, 1, 0),
(58407, 28371, 5, 12.0000, 252614.00, 260000.00, 0, 1),
(58408, 28372, 1, 1.0000, 17024.75, 20000.17, 1, 0),
(58409, 28372, 5, 12.0000, 204297.00, 230001.65, 0, 1),
(58410, 28373, 1, 1.0000, 11191.50, 15000.00, 1, 0),
(58411, 28373, 5, 12.0000, 134298.00, 156000.00, 0, 1),
(58412, 28374, 1, 1.0000, 19961.54, 22000.00, 1, 0),
(58413, 28374, 5, 24.0000, 479077.00, 528000.00, 0, 1),
(58414, 28375, 1, 1.0000, 10566.00, 12000.00, 1, 0),
(58415, 28375, 5, 24.0000, 253584.00, 264000.00, 0, 1),
(58416, 28376, 10, 1.0000, 9065.08, 11000.00, 1, 0),
(58417, 28376, 5, 12.0000, 108781.00, 110000.00, 0, 1),
(58418, 28377, 13, 1.0000, 16733.33, 20000.00, 1, 0),
(58419, 28377, 5, 15.0000, 251000.00, 260000.00, 0, 1),
(58420, 28378, 13, 1.0000, 33133.33, 35000.00, 1, 0),
(58421, 28378, 5, 15.0000, 497000.00, 505000.00, 0, 1),
(58422, 28379, 1, 1.0000, 8550.00, 10000.00, 1, 0),
(58423, 28379, 5, 60.0000, 513000.00, 517000.00, 0, 1),
(58424, 28380, 1, 1.0000, 10000.00, 12000.00, 1, 0),
(58425, 28380, 5, 60.0000, 600000.00, 650000.00, 0, 1),
(58426, 28381, 13, 1.0000, 18825.13, 20000.00, 1, 0),
(58427, 28381, 5, 15.0000, 282377.00, 300000.00, 0, 1),
(58428, 28382, 13, 1.0000, 20033.33, 22000.00, 1, 0),
(58429, 28382, 5, 15.0000, 300500.00, 305000.00, 0, 1),
(58430, 28383, 13, 1.0000, 24600.00, 27000.00, 1, 0),
(58431, 28383, 5, 15.0000, 380000.00, 386178.80, 0, 1),
(58432, 28384, 1, 1.0000, 6414.87, 7000.00, 1, 0),
(58433, 28384, 5, 60.0000, 384892.00, 390000.00, 0, 1),
(58434, 28385, 13, 1.0000, 22348.00, 25000.00, 1, 0),
(58435, 28385, 5, 15.0000, 335220.00, 360000.00, 0, 1),
(58436, 28386, 13, 1.0000, 21000.00, 25000.00, 1, 0),
(58437, 28386, 5, 15.0000, 315000.00, 350000.00, 0, 1),
(58438, 28387, 13, 1.0000, 14600.00, 18000.00, 1, 0),
(58439, 28387, 5, 15.0000, 219000.00, 270000.00, 0, 1),
(58440, 28388, 13, 1.0000, 20333.33, 22000.00, 1, 0),
(58441, 28388, 5, 15.0000, 305000.00, 315000.00, 0, 1),
(58442, 28389, 13, 1.0000, 18666.67, 20000.00, 1, 0),
(58443, 28389, 5, 15.0000, 280000.00, 293000.00, 0, 1),
(58444, 28390, 13, 1.0000, 90000.00, 90000.00, 1, 0),
(58445, 28390, 7, 25.0000, 2250000.00, 2250000.00, 0, 1),
(58446, 28391, 10, 1.0000, 29344.00, 31000.00, 1, 0),
(58447, 28391, 5, 14.0000, 410816.00, 434000.00, 0, 1),
(58448, 28392, 1, 1.0000, 118000.00, 120000.00, 1, 0),
(58449, 28392, 5, 12.0000, 1416000.00, 1425000.00, 0, 1),
(58450, 28393, 13, 1.0000, 12600.00, 14000.00, 1, 0),
(58451, 28393, 9, 5.0000, 63000.00, 67000.00, 0, 1),
(58452, 28394, 1, 1.0000, 1025.00, 3000.00, 1, 0),
(58453, 28394, 5, 40.0000, 41000.00, 45000.00, 0, 1),
(58454, 28395, 1, 1.0000, 1025.00, 3000.00, 1, 0),
(58455, 28395, 5, 40.0000, 41000.00, 45000.00, 0, 1),
(58456, 28396, 1, 1.0000, 7835.17, 10000.00, 1, 0),
(58457, 28396, 5, 6.0000, 47011.00, 52000.00, 0, 1),
(58458, 28397, 10, 1.0000, 12166.67, 13000.00, 1, 0),
(58459, 28397, 5, 12.0000, 146000.00, 152000.00, 0, 1),
(58460, 28398, 10, 1.0000, 12166.67, 13000.00, 1, 0),
(58461, 28398, 5, 12.0000, 146000.00, 152000.00, 0, 1),
(58462, 28399, 10, 1.0000, 12166.67, 13000.00, 1, 0),
(58463, 28399, 5, 12.0000, 146000.00, 152000.00, 0, 1),
(58464, 28400, 10, 1.0000, 12166.67, 13000.00, 1, 0),
(58465, 28400, 5, 12.0000, 146000.00, 152000.00, 0, 1),
(58466, 28401, 10, 1.0000, 12166.67, 13000.00, 1, 0),
(58467, 28401, 5, 12.0000, 146000.00, 152000.00, 0, 1),
(58468, 28402, 10, 1.0000, 12166.67, 13000.00, 1, 0),
(58469, 28402, 5, 12.0000, 146000.00, 152000.00, 0, 1),
(58470, 28403, 10, 1.0000, 12166.67, 13000.00, 1, 0),
(58471, 28403, 5, 12.0000, 146000.00, 152000.00, 0, 1),
(58472, 28404, 1, 1.0000, 14058.33, 16000.00, 1, 0),
(58473, 28404, 5, 12.0000, 168700.00, 175000.00, 0, 1),
(58474, 28405, 1, 1.0000, 1150.00, 1500.00, 1, 0),
(58475, 28405, 5, 40.0000, 46000.00, 52000.00, 0, 1),
(58476, 28406, 1, 1.0000, 1099.00, 1500.00, 1, 0),
(58477, 28406, 5, 40.0000, 43960.00, 48000.00, 0, 1),
(58478, 28407, 13, 1.0000, 12600.00, 14000.00, 1, 0),
(58479, 28407, 9, 5.0000, 63000.00, 65000.00, 0, 1),
(58480, 28408, 13, 1.0000, 12000.00, 14000.00, 1, 0),
(58481, 28408, 9, 5.0000, 60000.00, 60000.00, 0, 1),
(58482, 28409, 13, 1.0000, 11200.00, 13000.00, 1, 0),
(58483, 28409, 9, 5.0000, 56000.00, 65000.00, 0, 1),
(58484, 28410, 1, 1.0000, 8625.00, 10000.00, 1, 0),
(58485, 28410, 5, 30.0000, 258750.00, 265000.00, 0, 1),
(58486, 28411, 13, 1.0000, 11600.00, 14000.00, 1, 0),
(58487, 28411, 5, 25.0000, 290000.00, 350000.00, 0, 1),
(58488, 28412, 13, 1.0000, 11600.00, 14000.00, 1, 0),
(58489, 28412, 5, 25.0000, 290000.00, 350000.00, 0, 1),
(58490, 28413, 10, 1.0000, 31000.00, 35000.00, 1, 0),
(58491, 28414, 13, 1.0000, 14415.00, 16000.00, 1, 0),
(58492, 28414, 9, 2.0000, 28830.00, 35000.00, 0, 1),
(58493, 28415, 10, 1.0000, 10600.00, 12000.00, 1, 0),
(58494, 28415, 5, 10.0000, 106000.00, 115000.00, 0, 1),
(58495, 28416, 1, 1.0000, 3886.92, 5000.00, 1, 0),
(58496, 28416, 5, 12.0000, 46643.00, 50000.00, 0, 1),
(58497, 28417, 1, 1.0000, 2450.00, 3000.00, 1, 0),
(58498, 28417, 5, 40.0000, 98000.00, 110000.00, 0, 1),
(58499, 28418, 1, 1.0000, 2700.00, 3000.00, 1, 0),
(58500, 28418, 5, 40.0000, 108000.00, 110000.00, 0, 1),
(58501, 28419, 1, 1.0000, 2450.00, 3000.00, 1, 0),
(58502, 28419, 5, 40.0000, 98000.00, 110000.00, 0, 1),
(58503, 28420, 1, 1.0000, 2450.00, 3000.00, 1, 0),
(58504, 28420, 5, 40.0000, 98000.00, 110000.00, 0, 1),
(58505, 28421, 1, 1.0000, 3541.67, 4000.00, 1, 0),
(58506, 28421, 5, 24.0000, 85000.00, 86000.00, 0, 1),
(58507, 28422, 1, 1.0000, 3541.67, 4000.00, 1, 0),
(58508, 28422, 5, 24.0000, 85000.00, 87000.00, 0, 1),
(58509, 28423, 1, 1.0000, 3541.67, 4000.00, 1, 0),
(58510, 28423, 5, 24.0000, 85000.00, 86000.00, 0, 1),
(58511, 28424, 1, 1.0000, 3541.67, 4000.00, 1, 0),
(58512, 28424, 5, 24.0000, 85000.00, 86000.00, 0, 1),
(58513, 28425, 1, 1.0000, 3541.67, 4000.00, 1, 0),
(58514, 28425, 5, 24.0000, 85000.00, 86000.00, 0, 1),
(58515, 28426, 1, 1.0000, 3241.54, 4000.00, 1, 0),
(58516, 28426, 5, 24.0000, 77797.00, 84000.00, 0, 1),
(58517, 28427, 1, 1.0000, 3541.67, 4000.00, 1, 0),
(58518, 28427, 5, 24.0000, 85000.00, 86000.00, 0, 1),
(58519, 28428, 1, 1.0000, 3541.67, 4000.00, 1, 0),
(58520, 28428, 5, 24.0000, 85000.00, 86000.00, 0, 1),
(58521, 28429, 13, 1.0000, 14415.00, 16000.00, 1, 0),
(58522, 28429, 9, 2.0000, 28830.00, 35000.00, 0, 1),
(58523, 28430, 1, 1.0000, 10234.17, 12000.00, 1, 0),
(58524, 28430, 5, 6.0000, 61405.00, 65000.00, 0, 1),
(58525, 28431, 12, 1.0000, 5975.00, 7000.01, 1, 0),
(58526, 28431, 5, 20.0000, 119500.00, 126000.00, 0, 1),
(58527, 28432, 12, 1.0000, 4750.00, 6000.00, 1, 0),
(58528, 28432, 5, 20.0000, 95000.00, 110000.00, 0, 1),
(58529, 28433, 1, 1.0000, 4038.25, 6000.00, 1, 0),
(58530, 28433, 5, 20.0000, 80765.00, 90000.00, 0, 1),
(58531, 28434, 13, 1.0000, 22800.00, 24000.00, 1, 0),
(58532, 28434, 9, 2.5000, 57000.00, 60000.00, 0, 1),
(58533, 28435, 10, 1.0000, 65000.00, 70000.00, 1, 0),
(58534, 28435, 5, 10.0000, 650000.00, 700000.00, 0, 1),
(58535, 28436, 10, 1.0000, 28000.00, 30000.00, 1, 0),
(58536, 28436, 5, 10.0000, 280000.00, 300000.00, 0, 1),
(58537, 28437, 10, 1.0000, 26000.00, 28000.00, 1, 0),
(58538, 28437, 5, 20.0000, 520000.00, 540000.00, 0, 1),
(58539, 28438, 10, 1.0000, 24250.00, 27000.00, 1, 0),
(58540, 28438, 5, 20.0000, 485000.00, 520000.00, 0, 1),
(58541, 28439, 10, 1.0000, 22500.00, 24000.08, 1, 0),
(58542, 28439, 5, 20.0000, 450000.00, 454999.50, 0, 1),
(58543, 28440, 10, 1.0000, 15500.00, 17000.00, 1, 0),
(58544, 28440, 5, 20.0000, 310000.00, 320877.90, 0, 1),
(58545, 28441, 10, 1.0000, 17750.00, 20000.00, 1, 0),
(58546, 28441, 5, 20.0000, 355000.00, 365000.00, 0, 1),
(58547, 28442, 10, 1.0000, 17000.00, 17739.16, 1, 0),
(58548, 28442, 5, 20.0000, 340000.00, 350000.00, 0, 1),
(58549, 28443, 10, 1.0000, 13000.00, 15000.00, 1, 0),
(58550, 28443, 5, 30.0000, 390000.00, 400000.00, 0, 1),
(58551, 28444, 10, 1.0000, 11000.00, 15000.00, 1, 0),
(58552, 28444, 5, 30.0000, 330000.00, 350001.30, 0, 1),
(58553, 28445, 10, 1.0000, 12000.00, 15000.00, 1, 0),
(58554, 28445, 5, 30.0000, 360000.00, 368049.60, 0, 1),
(58555, 28446, 10, 1.0000, 11950.00, 13750.03, 1, 0),
(58556, 28446, 5, 60.0000, 717000.00, 780002.79, 0, 1),
(58557, 28447, 10, 1.0000, 6000.00, 10000.00, 1, 0),
(58558, 28447, 5, 60.0000, 360000.00, 380000.00, 0, 1),
(58559, 28448, 10, 1.0000, 10000.00, 15000.00, 1, 0),
(58560, 28448, 5, 60.0000, 600000.00, 608694.00, 0, 1),
(58561, 28449, 10, 1.0000, 5666.67, 6000.00, 1, 0),
(58562, 28449, 5, 60.0000, 340000.00, 350000.00, 0, 1),
(58563, 28450, 10, 1.0000, 15750.00, 18000.00, 1, 0),
(58564, 28450, 5, 20.0000, 315000.00, 330000.00, 0, 1),
(58565, 28451, 10, 1.0000, 7333.33, 10000.00, 1, 0),
(58566, 28451, 5, 24.0000, 176000.00, 216000.00, 0, 1),
(58567, 28452, 10, 1.0000, 8500.00, 10000.00, 1, 0),
(58568, 28452, 5, 4.0000, 34000.00, 38000.00, 0, 1),
(58569, 28453, 10, 1.0000, 2400.00, 3000.00, 1, 0),
(58570, 28453, 5, 20.0000, 48000.00, 50000.00, 0, 1),
(58571, 28454, 10, 1.0000, 32000.00, 34000.00, 1, 0),
(58572, 28454, 5, 30.0000, 960000.00, 990000.00, 0, 1),
(58573, 28455, 10, 1.0000, 15750.00, 18000.00, 1, 0),
(58574, 28455, 5, 20.0000, 315000.00, 330000.00, 0, 1),
(58575, 28456, 10, 1.0000, 6666.67, 8000.00, 1, 0),
(58576, 28456, 5, 60.0000, 400000.00, 420000.00, 0, 1),
(58577, 28457, 10, 1.0000, 3000.00, 5000.00, 1, 0),
(58578, 28457, 5, 40.0000, 120000.00, 130000.00, 0, 1),
(58579, 28458, 10, 1.0000, 18000.00, 20000.00, 1, 0),
(58580, 28458, 5, 20.0000, 360000.00, 368182.80, 0, 1),
(58581, 28459, 10, 1.0000, 5000.00, 6000.00, 1, 0),
(58582, 28459, 5, 60.0000, 300000.00, 320000.00, 0, 1),
(58583, 28460, 10, 1.0000, 10000.00, 12000.00, 1, 0),
(58584, 28460, 5, 10.0000, 100000.00, 115000.00, 0, 1),
(58585, 28461, 10, 1.0000, 8500.00, 10000.00, 1, 0),
(58586, 28461, 5, 4.0000, 34000.00, 38000.00, 0, 1),
(58587, 28462, 10, 1.0000, 5600.00, 6000.00, 1, 0),
(58588, 28462, 5, 50.0000, 280000.00, 300487.60, 0, 1),
(58589, 28463, 10, 1.0000, 2000.00, 2500.00, 1, 0),
(58590, 28463, 5, 20.0000, 40000.00, 42000.00, 0, 1),
(58591, 28464, 10, 1.0000, 9047.50, 15000.00, 1, 0),
(58592, 28464, 5, 20.0000, 180950.00, 230000.00, 0, 1),
(58593, 28465, 10, 1.0000, 9047.50, 15000.00, 1, 0),
(58594, 28465, 5, 20.0000, 180950.00, 230000.00, 0, 1),
(58595, 28466, 10, 1.0000, 9047.50, 15000.00, 1, 0),
(58596, 28466, 5, 20.0000, 180950.00, 230000.00, 0, 1),
(58597, 28467, 10, 1.0000, 30000.00, 32000.00, 1, 0),
(58598, 28467, 5, 25.0000, 750000.00, 800000.00, 0, 1),
(58599, 28468, 10, 1.0000, 6000.00, 8000.00, 1, 0),
(58600, 28468, 5, 60.0000, 360000.00, 420000.00, 0, 1),
(58601, 28469, 10, 1.0000, 28800.72, 30000.00, 1, 0),
(58602, 28469, 5, 25.0000, 720018.00, 735000.00, 0, 1),
(58603, 28470, 10, 1.0000, 14418.25, 19000.00, 1, 0),
(58604, 28470, 5, 20.0000, 288365.00, 330000.00, 0, 1),
(58605, 28471, 10, 1.0000, 27500.00, 32000.00, 1, 0),
(58606, 28471, 5, 25.0000, 687500.00, 672000.00, 0, 1),
(58607, 28472, 10, 1.0000, 27000.00, 35000.00, 1, 0),
(58608, 28472, 5, 30.0000, 810000.00, 900000.00, 0, 1),
(58609, 28473, 10, 1.0000, 5700.00, 7000.00, 1, 0),
(58610, 28473, 5, 5.0000, 28500.00, 30000.00, 0, 1),
(58611, 28474, 1, 1.0000, 2625.00, 3500.00, 1, 0),
(58612, 28474, 17, 12.0000, 31500.00, 36000.00, 0, 1),
(58613, 28475, 10, 1.0000, 11468.75, 13000.00, 1, 0),
(58614, 28475, 5, 32.0000, 367000.00, 372000.00, 0, 1),
(58615, 28476, 1, 1.0000, 14583.33, 16000.00, 1, 0),
(58616, 28476, 5, 12.0000, 175000.00, 182000.00, 0, 1),
(58617, 28477, 13, 1.0000, 16500.00, 19000.00, 1, 0),
(58618, 28477, 22, 25.0000, 412500.00, 450000.00, 0, 1),
(58619, 28478, 1, 1.0000, 15083.33, 18000.00, 1, 0),
(58620, 28478, 5, 12.0000, 181000.00, 200000.00, 0, 1),
(58621, 28479, 1, 1.0000, 30166.67, 34000.00, 1, 0),
(58622, 28479, 5, 6.0000, 181000.00, 196000.00, 0, 1),
(58623, 28480, 1, 1.0000, 15000.00, 15949.35, 1, 0),
(58624, 28480, 5, 12.0000, 180000.00, 222152.40, 0, 1),
(58625, 28481, 11, 1.0000, 13416.67, 15000.00, 1, 0),
(58626, 28481, 17, 12.0000, 161000.00, 170000.00, 0, 1),
(58627, 28482, 11, 1.0000, 27000.00, 30000.00, 1, 0),
(58628, 28482, 17, 6.0000, 162000.00, 170000.00, 0, 1),
(58629, 28483, 1, 1.0000, 16666.67, 18000.00, 1, 0),
(58630, 28483, 5, 12.0000, 200000.00, 220000.00, 0, 1),
(58631, 28484, 1, 1.0000, 2000.00, 3000.00, 1, 0),
(58632, 28484, 10, 20.0000, 40000.00, 45000.00, 0, 1),
(58633, 28484, 5, 240.0000, 480000.00, 490000.00, 0, 2),
(58634, 28485, 1, 1.0000, 18000.00, 19547.46, 1, 0),
(58635, 28485, 5, 12.0000, 216000.00, 217954.80, 0, 1),
(58636, 28486, 1, 1.0000, 26666.67, 32000.00, 1, 0),
(58637, 28486, 5, 6.0000, 160000.00, 180000.00, 0, 1),
(58638, 28487, 11, 1.0000, 15833.33, 15833.33, 1, 0),
(58639, 28487, 5, 24.0000, 380000.00, 380000.00, 0, 1),
(58640, 28488, 11, 1.0000, 30500.00, 30500.00, 1, 0),
(58641, 28488, 5, 12.0000, 366000.00, 366000.00, 0, 1),
(58642, 28489, 1, 1.0000, 18166.67, 20000.00, 1, 0),
(58643, 28489, 5, 12.0000, 218000.00, 222000.00, 0, 1),
(58644, 28490, 1, 1.0000, 36333.33, 38000.00, 1, 0),
(58645, 28490, 5, 6.0000, 218000.00, 220000.00, 0, 1),
(58646, 28491, 1, 1.0000, 29200.33, 32000.00, 1, 0),
(58647, 28491, 5, 6.0000, 175202.00, 180000.00, 0, 1),
(58648, 28492, 1, 1.0000, 39333.33, 40000.00, 1, 0),
(58649, 28492, 5, 6.0000, 236000.00, 240000.00, 0, 1),
(58650, 28493, 11, 1.0000, 36875.00, 40000.00, 1, 0),
(58651, 28493, 5, 24.0000, 885000.00, 890000.00, 0, 1),
(58652, 28494, 13, 1.0000, 20416.67, 24000.00, 1, 0),
(58653, 28494, 5, 12.0000, 245000.00, 260000.00, 0, 1),
(58654, 28495, 13, 1.0000, 24583.33, 27000.00, 1, 0),
(58655, 28495, 5, 12.0000, 295000.00, 300000.00, 0, 1),
(58656, 28496, 13, 1.0000, 22750.00, 27000.00, 1, 0),
(58657, 28496, 5, 3.0000, 68250.00, 70000.00, 0, 1),
(58658, 28497, 13, 1.0000, 20833.33, 26000.00, 1, 0),
(58659, 28497, 5, 12.0000, 250000.00, 290000.00, 0, 1),
(58660, 28498, 13, 1.0000, 21333.33, 27000.00, 1, 0),
(58661, 28498, 5, 12.0000, 256000.00, 295000.00, 0, 1),
(58662, 28499, 1, 1.0000, 9240.00, 12000.00, 1, 0),
(58663, 28499, 5, 5.0000, 46200.00, 48000.00, 0, 1),
(58664, 28500, 1, 1.0000, 6000.00, 10000.00, 1, 0),
(58665, 28500, 5, 72.0000, 432000.00, 500000.00, 0, 1),
(58666, 28501, 1, 1.0000, 69000.00, 75000.00, 1, 0),
(58667, 28501, 5, 4.0000, 276000.00, 285000.00, 0, 1),
(58668, 28502, 13, 1.0000, 20000.00, 30000.00, 1, 0),
(58669, 28502, 7, 25.0000, 500000.00, 543480.00, 0, 1),
(58670, 28503, 1, 1.0000, 11250.00, 18000.00, 1, 0),
(58671, 28503, 5, 20.0000, 225000.00, 300000.00, 0, 1),
(58672, 28504, 1, 1.0000, 4166.67, 5000.00, 1, 0),
(58673, 28505, 1, 1.0000, 4166.67, 5000.00, 1, 0),
(58674, 28506, 1, 1.0000, 4166.67, 5000.00, 1, 0),
(58675, 28507, 1, 1.0000, 4166.67, 5000.00, 1, 0),
(58676, 28508, 1, 1.0000, 4166.67, 5000.00, 1, 0),
(58677, 28509, 1, 1.0000, 5000.00, 6000.00, 1, 0),
(58678, 28510, 1, 1.0000, 4166.67, 5000.00, 1, 0),
(58679, 28511, 1, 1.0000, 4166.67, 5000.00, 1, 0),
(58680, 28512, 1, 1.0000, 4166.67, 5000.00, 1, 0),
(58681, 28513, 1, 1.0000, 4166.67, 5000.00, 1, 0),
(58682, 28514, 1, 1.0000, 4166.67, 5000.00, 1, 0),
(58683, 28515, 1, 1.0000, 4166.67, 5000.00, 1, 0),
(58684, 28516, 1, 1.0000, 4166.67, 5000.00, 1, 0),
(58685, 28517, 1, 1.0000, 4166.67, 5000.00, 1, 0),
(58686, 28518, 1, 1.0000, 4166.67, 5000.00, 1, 0),
(58687, 28519, 1, 1.0000, 4166.67, 5000.00, 1, 0),
(58688, 28520, 1, 1.0000, 4166.67, 5000.00, 1, 0),
(58689, 28521, 1, 1.0000, 4166.67, 5000.00, 1, 0),
(58690, 28522, 10, 1.0000, 11875.00, 13000.00, 1, 0),
(58691, 28523, 10, 1.0000, 11875.00, 13000.00, 1, 0),
(58692, 28524, 10, 1.0000, 11875.00, 13000.00, 1, 0),
(58693, 28525, 10, 1.0000, 11875.00, 13419.23, 1, 0),
(58694, 28526, 10, 1.0000, 11875.00, 13000.00, 1, 0),
(58695, 28527, 10, 1.0000, 11875.00, 13000.00, 1, 0),
(58696, 28528, 10, 1.0000, 11875.00, 13000.00, 1, 0),
(58697, 28529, 10, 1.0000, 11875.00, 13000.00, 1, 0),
(58698, 28530, 10, 1.0000, 11875.00, 13000.00, 1, 0),
(58699, 28531, 10, 1.0000, 11875.00, 13000.00, 1, 0),
(58700, 28532, 10, 1.0000, 11875.00, 13000.00, 1, 0),
(58701, 28533, 10, 1.0000, 27500.00, 32000.00, 1, 0),
(58702, 28533, 5, 25.0000, 687500.00, 672000.00, 0, 1),
(58703, 28534, 10, 1.0000, 27500.00, 32000.00, 1, 0),
(58704, 28534, 5, 25.0000, 687500.00, 672000.00, 0, 1),
(58705, 28535, 10, 1.0000, 3419.25, 5000.00, 1, 0),
(58706, 28535, 5, 8.0000, 27354.00, 30000.00, 0, 1),
(58707, 28536, 1, 1.0000, 11222.22, 13000.00, 1, 0),
(58708, 28536, 5, 36.0000, 404000.00, 410000.00, 0, 1),
(58709, 28537, 1, 1.0000, 9047.50, 12000.00, 1, 0),
(58710, 28537, 5, 20.0000, 180950.00, 200000.00, 0, 1),
(58711, 28538, 13, 1.0000, 11800.00, 16000.00, 1, 0),
(58712, 28538, 7, 10.0000, 118000.00, 135000.00, 0, 1),
(58713, 28539, 13, 1.0000, 13800.00, 17000.00, 1, 0),
(58714, 28539, 7, 10.0000, 138000.00, 145000.00, 0, 1),
(58715, 28540, 13, 1.0000, 18166.63, 20000.00, 1, 0),
(58716, 28540, 7, 8.0000, 145333.00, 160000.00, 0, 1),
(58717, 28541, 10, 1.0000, 32000.00, 34000.00, 1, 0),
(58718, 28541, 8, 25.0000, 800000.00, 820000.00, 0, 1),
(58719, 28542, 13, 1.0000, 5166.67, 6000.00, 1, 0),
(58720, 28542, 6, 60.0000, 310000.00, 315000.30, 0, 1),
(58721, 28543, 13, 1.0000, 10100.00, 12000.00, 1, 0),
(58722, 28543, 6, 60.0000, 606000.00, 615000.00, 0, 1),
(58723, 28544, 1, 1.0000, 83250.00, 85000.00, 1, 0),
(58724, 28544, 5, 20.0000, 1665000.00, 1670000.00, 0, 1),
(58725, 28545, 10, 1.0000, 35000.00, 38000.00, 1, 0),
(58726, 28545, 5, 40.0000, 1400000.00, 1440000.00, 0, 1),
(58727, 28546, 1, 1.0000, 4258.24, 5000.00, 1, 0),
(58728, 28546, 10, 12.0000, 51098.83, 55000.00, 0, 1),
(58729, 28546, 5, 144.0000, 613186.00, 648000.00, 0, 2),
(58730, 28547, 5, 1.0000, 0.00, 0.00, 1, 0),
(58731, 28547, 1, 1.0000, 9203.45, 10000.00, 0, 1),
(58732, 28547, 10, 40.0000, 368138.00, 380000.00, 0, 2),
(58733, 28548, 1, 1.0000, 3266.32, 4000.00, 1, 0),
(58734, 28548, 19, 12.0000, 39195.83, 48000.00, 0, 1),
(58735, 28548, 5, 72.0000, 235175.00, 259000.00, 0, 2),
(58736, 28549, 10, 1.0000, 8030.00, 10000.00, 1, 0),
(58737, 28549, 5, 12.0000, 96360.00, 100000.00, 0, 1),
(58738, 28550, 1, 1.0000, 1916.67, 2500.00, 1, 0),
(58739, 28550, 10, 12.0000, 23000.00, 28000.00, 0, 1),
(58740, 28551, 1, 1.0000, 3700.00, 5000.00, 1, 0),
(58741, 28551, 10, 6.0000, 22200.00, 28000.00, 0, 1),
(58742, 28551, 19, 12.0000, 44400.00, 55000.00, 0, 2),
(58743, 28552, 10, 1.0000, 6350.00, 7000.00, 1, 0),
(58744, 28552, 9, 40.0000, 254000.00, 272000.00, 0, 1),
(58745, 28553, 10, 1.0000, 20476.19, 22000.00, 1, 0),
(58746, 28553, 9, 21.0000, 430000.00, 441000.00, 0, 1),
(58747, 28554, 10, 1.0000, 12116.50, 17000.00, 1, 0),
(58748, 28554, 9, 20.0000, 242330.00, 292000.00, 0, 1),
(58749, 28555, 10, 1.0000, 4661.46, 5000.00, 1, 0),
(58750, 28555, 5, 24.0000, 111875.00, 116000.00, 0, 1),
(58751, 28556, 5, 1.0000, 0.00, 0.00, 1, 0),
(58752, 28556, 10, 1.0000, 15000.00, 17000.00, 0, 1),
(58753, 28557, 10, 1.0000, 19750.00, 23000.00, 1, 0),
(58754, 28557, 6, 20.0000, 395000.00, 410000.00, 0, 1),
(58755, 28558, 10, 1.0000, 14000.00, 20000.00, 1, 0),
(58756, 28558, 9, 70.0000, 980000.00, 1050001.40, 0, 1),
(58757, 28559, 10, 1.0000, 5000.00, 7000.00, 1, 0),
(58758, 28559, 9, 150.0000, 750000.00, 780000.00, 0, 1),
(58759, 28560, 10, 1.0000, 27500.00, 32000.00, 1, 0),
(58760, 28560, 9, 25.0000, 687500.00, 672000.00, 0, 1),
(58761, 28561, 10, 1.0000, 2450.00, 3000.00, 1, 0),
(58762, 28561, 9, 20.0000, 49000.00, 60000.00, 0, 1),
(58763, 28562, 10, 1.0000, 71000.00, 75000.00, 1, 0),
(58764, 28562, 9, 5.0000, 355000.00, 360000.00, 0, 1),
(58765, 28563, 10, 1.0000, 5750.00, 7000.00, 1, 0),
(58766, 28563, 6, 60.0000, 345000.00, 350000.00, 0, 1),
(58767, 28564, 10, 1.0000, 14500.00, 20000.00, 1, 0),
(58768, 28564, 9, 20.0000, 290000.00, 340000.00, 0, 1),
(58769, 28565, 10, 1.0000, 31300.00, 35000.00, 1, 0),
(58770, 28565, 9, 25.0000, 782500.00, 800000.00, 0, 1),
(58771, 28566, 10, 1.0000, 13500.00, 15000.00, 1, 0),
(58772, 28566, 7, 10.0000, 135000.00, 140000.00, 0, 1),
(58773, 28567, 16, 1.0000, 27500.00, 30000.00, 1, 0),
(58774, 28568, 6, 1.0000, 0.00, 0.00, 1, 0),
(58775, 28568, 1, 1.0000, 33000.00, 45000.00, 0, 1),
(58776, 28568, 8, 28.0000, 924000.00, 1000000.00, 0, 2),
(58777, 28569, 13, 1.0000, 11500.00, 12000.00, 1, 0),
(58778, 28569, 8, 5.0000, 57500.00, 60000.00, 0, 1),
(58779, 28569, 6, 50.0000, 575000.00, 580000.00, 0, 2),
(58780, 28570, 6, 1.0000, 0.00, 0.00, 1, 0),
(58781, 28570, 10, 1.0000, 9047.50, 12000.00, 0, 1),
(58782, 28570, 8, 20.0000, 180950.00, 200000.00, 0, 2),
(58783, 28571, 13, 1.0000, 26000.00, 35000.00, 1, 0),
(58784, 28571, 6, 25.0000, 650000.00, 670000.00, 0, 1),
(58785, 28572, 6, 1.0000, 0.00, 0.00, 1, 0),
(58786, 28572, 14, 1.0000, 29000.00, 32000.00, 0, 1),
(58787, 28572, 16, 10.0000, 290000.00, 295000.00, 0, 2),
(58788, 28573, 16, 1.0000, 6756.75, 9000.00, 1, 0),
(58789, 28573, 6, 4.0000, 27027.00, 32000.00, 0, 1),
(58790, 28574, 16, 1.0000, 75000.00, 85000.00, 1, 0),
(58791, 28574, 6, 10.0000, 750000.00, 800000.00, 0, 1),
(58792, 28575, 16, 1.0000, 17000.00, 20000.00, 1, 0),
(58793, 28575, 6, 20.0000, 340000.00, 360000.00, 0, 1),
(58794, 28576, 16, 1.0000, 8000.00, 10000.00, 1, 0),
(58795, 28576, 6, 40.0000, 320000.00, 360000.00, 0, 1),
(58796, 28577, 15, 1.0000, 7750.00, 10000.00, 1, 0),
(58797, 28577, 14, 2.0000, 15500.00, 17000.00, 0, 1),
(58798, 28577, 13, 4.0000, 31000.00, 35000.00, 0, 2),
(58799, 28577, 6, 100.0000, 775000.00, 0.00, 0, 3),
(58800, 28578, 16, 1.0000, 21994.28, 21994.28, 1, 0),
(58801, 28578, 6, 5.0000, 109971.40, 109971.40, 0, 1),
(58802, 28579, 13, 1.0000, 31200.00, 35000.00, 1, 0),
(58803, 28579, 6, 25.0000, 780000.00, 900000.00, 0, 1),
(58804, 28580, 16, 1.0000, 8500.00, 10000.00, 1, 0),
(58805, 28580, 6, 4.0000, 34000.00, 38000.00, 0, 1),
(58806, 28581, 16, 1.0000, 41000.00, 45000.00, 1, 0),
(58807, 28581, 6, 12.0000, 492000.00, 502000.00, 0, 1),
(58808, 28582, 16, 1.0000, 10100.00, 12000.00, 1, 0),
(58809, 28582, 6, 60.0000, 606000.00, 615000.00, 0, 1),
(58810, 28583, 16, 1.0000, 15000.00, 20000.00, 1, 0),
(58811, 28583, 6, 10.0000, 136000.00, 163200.00, 0, 1),
(58812, 28584, 6, 1.0000, 0.00, 0.00, 1, 0),
(58813, 28584, 10, 1.0000, 49917.67, 53000.00, 0, 1),
(58814, 28584, 8, 6.0000, 299506.00, 312000.00, 0, 2),
(58815, 28585, 10, 1.0000, 11500.00, 12000.00, 1, 0),
(58816, 28585, 5, 5.0000, 57500.00, 58000.00, 0, 1),
(58817, 28586, 10, 1.0000, 6750.00, 10000.00, 1, 0),
(58818, 28586, 5, 40.0000, 270000.00, 300000.00, 0, 1),
(58819, 28587, 10, 1.0000, 2400.00, 3500.00, 1, 0),
(58820, 28587, 5, 20.0000, 48000.00, 55000.00, 0, 1),
(58821, 28588, 10, 1.0000, 5525.00, 7000.00, 1, 0),
(58822, 28588, 5, 5.0000, 27625.00, 30000.00, 0, 1),
(58823, 28589, 15, 1.0000, 6770.00, 10000.00, 1, 0),
(58824, 28589, 14, 2.0000, 13540.00, 15000.00, 0, 1),
(58825, 28589, 13, 4.0000, 27080.00, 30000.00, 0, 2),
(58826, 28589, 6, 100.0000, 677500.00, 0.00, 0, 3),
(58827, 28590, 13, 1.0000, 27000.00, 300000.00, 1, 0),
(58828, 28590, 6, 25.0000, 675000.00, 700000.00, 0, 1),
(58829, 28591, 15, 1.0000, 6775.00, 10000.00, 1, 0),
(58830, 28591, 14, 2.0000, 13550.00, 15000.00, 0, 1),
(58831, 28591, 13, 4.0000, 27100.00, 30000.00, 0, 2),
(58832, 28591, 6, 100.0000, 677500.00, 0.00, 0, 3),
(58833, 28592, 15, 1.0000, 6750.00, 10000.00, 1, 0),
(58834, 28592, 14, 2.0000, 13500.00, 15000.00, 0, 1),
(58835, 28592, 13, 4.0000, 27000.00, 30000.00, 0, 2),
(58836, 28592, 6, 100.0000, 675000.00, 0.00, 0, 3),
(58837, 28593, 15, 1.0000, 6775.00, 10000.00, 1, 0),
(58838, 28593, 14, 2.0000, 13550.00, 15000.00, 0, 1),
(58839, 28593, 13, 4.0000, 27100.00, 30000.00, 0, 2),
(58840, 28593, 6, 100.0000, 677500.00, 0.00, 0, 3),
(58841, 28594, 16, 1.0000, 18750.00, 20000.00, 1, 0),
(58842, 28594, 6, 20.0000, 375000.00, 390000.00, 0, 1),
(58843, 28595, 15, 1.0000, 6775.00, 10000.00, 1, 0),
(58844, 28595, 14, 2.0000, 13550.00, 15000.00, 0, 1),
(58845, 28595, 13, 4.0000, 27100.00, 30000.00, 0, 2),
(58846, 28595, 6, 100.0000, 677500.00, 0.00, 0, 3),
(58847, 28596, 15, 1.0000, 6775.00, 10000.00, 1, 0),
(58848, 28596, 14, 2.0000, 13550.00, 15000.00, 0, 1),
(58849, 28596, 13, 4.0000, 27100.00, 30000.00, 0, 2),
(58850, 28596, 6, 100.0000, 677500.00, 0.00, 0, 3),
(58851, 28597, 15, 1.0000, 6775.00, 10000.00, 1, 0),
(58852, 28597, 14, 2.0000, 13550.00, 15000.00, 0, 1),
(58853, 28597, 13, 4.0000, 27100.00, 30000.00, 0, 2),
(58854, 28597, 6, 100.0000, 677500.00, 0.00, 0, 3),
(58855, 28598, 16, 1.0000, 7500.00, 10000.00, 1, 0),
(58856, 28598, 6, 40.0000, 300000.00, 350001.00, 0, 1),
(58857, 28599, 15, 1.0000, 6750.00, 10000.00, 1, 0),
(58858, 28599, 14, 2.0000, 13500.00, 15000.00, 0, 1),
(58859, 28599, 13, 4.0000, 27000.00, 30000.00, 0, 2),
(58860, 28599, 6, 100.0000, 675000.00, 0.00, 0, 3),
(58861, 28600, 15, 1.0000, 6750.00, 10000.00, 1, 0),
(58862, 28600, 14, 2.0000, 13500.00, 15000.00, 0, 1),
(58863, 28600, 13, 4.0000, 27000.00, 30000.00, 0, 2),
(58864, 28600, 6, 100.0000, 675000.00, 0.00, 0, 3),
(58865, 28601, 15, 1.0000, 6775.00, 10000.00, 1, 0),
(58866, 28601, 14, 2.0000, 13550.00, 15000.00, 0, 1),
(58867, 28601, 13, 4.0000, 27100.00, 30000.00, 0, 2),
(58868, 28601, 6, 100.0000, 677500.00, 0.00, 0, 3),
(58869, 28602, 15, 1.0000, 6775.00, 10000.00, 1, 0),
(58870, 28602, 14, 2.0000, 13550.00, 15000.00, 0, 1),
(58871, 28602, 13, 4.0000, 27100.00, 30000.00, 0, 2),
(58872, 28602, 6, 100.0000, 677500.00, 0.00, 0, 3),
(58873, 28603, 13, 1.0000, 27100.00, 30000.00, 1, 0),
(58874, 28603, 6, 25.0000, 677500.00, 700000.00, 0, 1),
(58875, 28604, 21, 1.0000, 40000.00, 50000.00, 1, 0),
(58876, 28604, 6, 25.0000, 1000000.00, 1050000.00, 0, 1),
(58877, 28605, 21, 1.0000, 28000.00, 30000.00, 1, 0),
(58878, 28605, 6, 25.0000, 700000.00, 750000.00, 0, 1),
(58879, 28606, 21, 1.0000, 16900.00, 20000.00, 1, 0),
(58880, 28606, 6, 5.0000, 84500.00, 95000.00, 0, 1),
(58881, 28607, 6, 1.0000, 0.00, 0.00, 1, 0),
(58882, 28607, 1, 1.0000, 41000.00, 45000.00, 0, 1),
(58883, 28607, 10, 12.0000, 492000.00, 502000.00, 0, 2),
(58884, 28608, 1, 1.0000, 5525.00, 7000.00, 1, 0),
(58885, 28608, 10, 5.0000, 27625.00, 30000.00, 0, 1),
(58886, 28608, 6, 150.0000, 828750.00, 870000.00, 0, 2),
(58887, 28609, 5, 1.0000, 0.00, 0.00, 1, 0),
(58888, 28609, 13, 1.0000, 15000.00, 17000.00, 0, 1),
(58889, 28610, 6, 1.0000, 0.00, 0.00, 1, 0),
(58890, 28610, 1, 1.0000, 13600.00, 15413.29, 0, 1),
(58891, 28610, 10, 10.0000, 136000.00, 136000.00, 0, 2),
(58892, 28611, 13, 1.0000, 22500.00, 25000.00, 1, 0),
(58893, 28611, 5, 20.0000, 450000.00, 470000.00, 0, 1),
(58894, 28612, 13, 1.0000, 8500.00, 10000.00, 1, 0),
(58895, 28612, 5, 4.0000, 34000.00, 38000.00, 0, 1),
(58896, 28613, 13, 1.0000, 13416.67, 15000.00, 1, 0),
(58897, 28613, 5, 60.0000, 805000.00, 840000.00, 0, 1),
(58898, 28614, 6, 1.0000, 0.00, 0.00, 1, 0),
(58899, 28614, 1, 1.0000, 34500.00, 36000.00, 0, 1),
(58900, 28614, 10, 50.0000, 1725000.00, 1750000.00, 0, 2),
(58901, 28615, 1, 1.0000, 5700.00, 7000.00, 1, 0),
(58902, 28615, 10, 10.0000, 57000.00, 30000.00, 0, 1),
(58903, 28615, 6, 120.0000, 684000.00, 700000.00, 0, 2),
(58904, 28616, 6, 1.0000, 0.00, 0.00, 1, 0),
(58905, 28616, 1, 1.0000, 42000.00, 44000.00, 0, 1),
(58906, 28616, 10, 5.0000, 210000.00, 215000.00, 0, 2),
(58907, 28617, 6, 1.0000, 0.00, 0.00, 1, 0),
(58908, 28617, 1, 1.0000, 5000.00, 7000.00, 0, 1),
(58909, 28617, 10, 150.0000, 750000.00, 780000.00, 0, 2),
(58910, 28618, 10, 1.0000, 26000.00, 30000.00, 1, 0),
(58911, 28618, 6, 36.0000, 936000.00, 1000000.00, 0, 1),
(58912, 28619, 10, 1.0000, 19875.00, 250000.00, 1, 0),
(58913, 28619, 6, 20.0000, 397500.00, 460000.00, 0, 1),
(58914, 28620, 6, 1.0000, 0.00, 0.00, 1, 0),
(58915, 28620, 1, 1.0000, 31300.00, 35000.00, 0, 1),
(58916, 28620, 10, 25.0000, 782500.00, 800000.00, 0, 2),
(58917, 28621, 6, 1.0000, 0.00, 0.00, 1, 0),
(58918, 28621, 1, 1.0000, 70000.00, 72000.00, 0, 1),
(58919, 28621, 10, 5.0000, 350000.00, 355000.00, 0, 2),
(58920, 28622, 6, 1.0000, 0.00, 0.00, 1, 0),
(58921, 28622, 1, 1.0000, 7500.00, 10000.00, 0, 1),
(58922, 28622, 10, 40.0000, 300000.00, 350000.00, 0, 2),
(58923, 28623, 6, 1.0000, 0.00, 0.00, 1, 0),
(58924, 28623, 1, 1.0000, 11000.00, 15000.00, 0, 1),
(58925, 28623, 10, 20.0000, 220000.00, 230000.00, 0, 2),
(58926, 28624, 6, 1.0000, 0.00, 0.00, 1, 0),
(58927, 28624, 1, 1.0000, 12875.00, 15957.79, 0, 1),
(58928, 28624, 10, 8.0000, 103000.00, 105901.51, 0, 2),
(58929, 28625, 6, 1.0000, 0.00, 0.00, 1, 0),
(58930, 28625, 1, 1.0000, 32000.00, 35000.00, 0, 1),
(58931, 28625, 10, 25.0000, 800000.00, 800000.00, 0, 2),
(58932, 28626, 6, 1.0000, 0.00, 0.00, 1, 0),
(58933, 28626, 1, 1.0000, 9000.00, 11000.00, 0, 1),
(58934, 28626, 10, 20.0000, 180000.00, 190000.00, 0, 2),
(58935, 28627, 6, 1.0000, 0.00, 0.00, 1, 0),
(58936, 28627, 1, 1.0000, 5750.00, 7000.00, 0, 1),
(58937, 28627, 10, 60.0000, 345000.00, 350000.00, 0, 2),
(58938, 28628, 6, 1.0000, 0.00, 0.00, 1, 0),
(58939, 28628, 1, 1.0000, 5500.00, 8000.00, 0, 1),
(58940, 28628, 10, 40.0000, 220000.00, 225000.00, 0, 2),
(58941, 28629, 5, 0.5000, 30500.00, 33655.23, 1, 0),
(58942, 28629, 1, 1.0000, 15250.00, 16339.31, 0, 1),
(58943, 28630, 5, 0.5000, 12500.00, 16363.63, 1, 0),
(58944, 28630, 1, 1.0000, 6250.00, 9090.94, 0, 1),
(58945, 28631, 1, 1.0000, 5583.33, 8000.00, 1, 0),
(58946, 28631, 5, 24.0000, 134000.00, 168000.00, 0, 1),
(58947, 28632, 10, 1.0000, 31300.00, 35000.00, 1, 0),
(58948, 28632, 5, 25.0000, 782500.00, 800000.00, 0, 1),
(58949, 28633, 10, 1.0000, 5525.00, 7000.00, 1, 0),
(58950, 28633, 5, 5.0000, 27625.00, 30000.00, 0, 1),
(58951, 28634, 10, 1.0000, 39000.00, 50000.00, 1, 0),
(58952, 28634, 5, 24.0000, 936000.00, 1000000.00, 0, 1),
(58953, 28635, 10, 1.0000, 70000.00, 75000.00, 1, 0),
(58954, 28635, 6, 10.0000, 700000.00, 710000.00, 0, 1),
(58955, 28636, 10, 1.0000, 34500.00, 36000.00, 1, 0),
(58956, 28636, 6, 50.0000, 1725000.00, 1750000.00, 0, 1),
(58957, 28637, 10, 1.0000, 17250.00, 20000.00, 1, 0),
(58958, 28637, 6, 20.0000, 345000.00, 370000.00, 0, 1),
(58959, 28638, 10, 1.0000, 9500.00, 12000.00, 1, 0),
(58960, 28638, 6, 30.0000, 285000.00, 330000.00, 0, 1),
(58961, 28639, 10, 1.0000, 10500.00, 13000.00, 1, 0),
(58962, 28639, 6, 12.0000, 126000.00, 135000.00, 0, 1),
(58963, 28640, 10, 1.0000, 41000.00, 55000.00, 1, 0),
(58964, 28640, 6, 25.0000, 1025000.00, 1100000.00, 0, 1),
(58965, 28641, 10, 1.0000, 57000.00, 60000.00, 1, 0),
(58966, 28641, 6, 50.0000, 2850000.00, 2950000.00, 0, 1),
(58967, 28642, 10, 1.0000, 8818.19, 10000.00, 1, 0),
(58968, 28642, 6, 48.0000, 423273.00, 432000.00, 0, 1),
(58969, 28643, 10, 1.0000, 13906.75, 18000.00, 1, 0),
(58970, 28643, 6, 20.0000, 278135.00, 328000.00, 0, 1),
(58971, 28644, 10, 1.0000, 23000.00, 25000.00, 1, 0),
(58972, 28644, 5, 20.0000, 460000.00, 480000.00, 0, 1),
(58973, 28645, 1, 1.0000, 33000.00, 35000.00, 1, 0),
(58974, 28645, 5, 12.0000, 396000.00, 405000.00, 0, 1),
(58975, 28646, 13, 1.0000, 39000.00, 50000.00, 1, 0),
(58976, 28646, 7, 24.0000, 936000.00, 1000000.00, 0, 1),
(58977, 28647, 13, 1.0000, 12400.00, 15000.00, 1, 0),
(58978, 28647, 7, 25.0000, 310000.00, 357000.00, 0, 1),
(58979, 28648, 10, 1.0000, 10480.00, 11000.00, 1, 0),
(58980, 28649, 10, 1.0000, 10480.00, 11000.00, 1, 0),
(58981, 28650, 10, 1.0000, 10480.00, 11000.00, 1, 0),
(58982, 28651, 10, 1.0000, 10480.00, 11000.00, 1, 0),
(58983, 28652, 10, 1.0000, 10480.00, 11000.00, 1, 0),
(58984, 28653, 10, 1.0000, 10480.00, 11000.00, 1, 0),
(58985, 28654, 10, 1.0000, 11040.00, 11000.00, 1, 0),
(58986, 28655, 10, 1.0000, 10480.00, 11000.00, 1, 0),
(58987, 28656, 10, 1.0000, 10480.00, 11000.00, 1, 0),
(58988, 28657, 10, 1.0000, 10480.00, 11000.00, 1, 0),
(58989, 28658, 10, 1.0000, 10480.00, 11000.00, 1, 0),
(58990, 28659, 10, 1.0000, 10480.00, 11000.00, 1, 0),
(58991, 28660, 10, 1.0000, 10480.00, 11000.00, 1, 0),
(58992, 28661, 10, 1.0000, 10480.00, 11000.00, 1, 0),
(58993, 28662, 10, 1.0000, 10480.00, 11000.00, 1, 0),
(58994, 28663, 10, 1.0000, 10480.00, 11000.00, 1, 0),
(58995, 28664, 10, 1.0000, 10480.00, 11000.00, 1, 0),
(58996, 28665, 10, 1.0000, 10480.00, 11000.00, 1, 0),
(58997, 28666, 10, 1.0000, 10480.00, 11000.00, 1, 0),
(58998, 28667, 10, 1.0000, 10480.00, 11000.00, 1, 0),
(58999, 28668, 10, 1.0000, 10480.00, 11000.00, 1, 0),
(59000, 28669, 10, 1.0000, 10480.00, 11000.00, 1, 0),
(59001, 28670, 10, 1.0000, 10480.00, 11000.00, 1, 0),
(59002, 28671, 10, 1.0000, 10480.00, 11000.00, 1, 0),
(59003, 28672, 10, 1.0000, 10480.00, 11000.00, 1, 0),
(59004, 28673, 10, 1.0000, 10480.00, 11000.00, 1, 0),
(59005, 28674, 10, 1.0000, 10185.00, 11000.00, 1, 0),
(59006, 28675, 10, 1.0000, 10480.00, 11000.00, 1, 0),
(59007, 28676, 10, 1.0000, 10480.00, 11000.00, 1, 0),
(59008, 28677, 10, 1.0000, 10480.00, 11000.00, 1, 0),
(59009, 28678, 10, 1.0000, 10480.00, 11000.00, 1, 0),
(59010, 28679, 10, 1.0000, 10480.00, 11000.00, 1, 0),
(59011, 28680, 10, 1.0000, 10480.00, 11000.00, 1, 0),
(59012, 28681, 10, 1.0000, 10480.00, 11000.00, 1, 0),
(59013, 28682, 10, 1.0000, 10480.00, 11000.00, 1, 0),
(59014, 28683, 10, 1.0000, 10480.00, 11000.00, 1, 0),
(59015, 28684, 1, 1.0000, 4750.00, 5000.00, 1, 0),
(59016, 28684, 5, 12.0000, 57000.00, 60000.00, 0, 1),
(59017, 28685, 1, 1.0000, 4750.00, 6000.00, 1, 0),
(59018, 28685, 5, 12.0000, 57000.00, 60000.00, 0, 1),
(59019, 28686, 1, 1.0000, 4666.67, 5000.00, 1, 0),
(59020, 28686, 5, 12.0000, 56000.00, 60000.00, 0, 1),
(59021, 28687, 1, 1.0000, 4083.33, 5000.00, 1, 0),
(59022, 28687, 5, 24.0000, 98000.00, 100000.00, 0, 1),
(59023, 28688, 1, 1.0000, 12500.00, 14000.00, 1, 0),
(59024, 28688, 5, 24.0000, 300000.00, 310000.00, 0, 1),
(59025, 28689, 1, 1.0000, 30500.00, 35000.00, 1, 0),
(59026, 28689, 5, 20.0000, 610000.00, 660000.00, 0, 1),
(59027, 28690, 1, 1.0000, 30500.00, 35000.00, 1, 0),
(59028, 28690, 5, 20.0000, 610000.00, 660000.00, 0, 1),
(59029, 28691, 1, 1.0000, 4833.33, 6000.00, 1, 0),
(59030, 28691, 19, 12.0000, 58000.00, 65000.00, 0, 1),
(59031, 28691, 5, 144.0000, 696000.00, 720000.00, 0, 2),
(59032, 28692, 1, 1.0000, 4833.33, 6000.00, 1, 0),
(59033, 28692, 19, 12.0000, 58000.00, 65000.00, 0, 1),
(59034, 28692, 5, 144.0000, 696000.00, 720000.00, 0, 2),
(59035, 28693, 1, 1.0000, 4833.33, 6000.00, 1, 0),
(59036, 28693, 19, 12.0000, 58000.00, 63000.00, 0, 1),
(59037, 28693, 5, 144.0000, 696000.00, 720000.00, 0, 2),
(59038, 28694, 1, 1.0000, 4833.33, 6000.00, 1, 0),
(59039, 28694, 19, 12.0000, 58000.00, 65000.00, 0, 1),
(59040, 28694, 5, 144.0000, 696000.00, 720000.00, 0, 2),
(59041, 28695, 1, 1.0000, 4833.33, 6000.00, 1, 0),
(59042, 28695, 19, 12.0000, 58000.00, 65000.00, 0, 1),
(59043, 28695, 5, 144.0000, 696000.00, 720000.00, 0, 2),
(59044, 28696, 1, 1.0000, 4833.33, 6000.00, 1, 0),
(59045, 28696, 19, 12.0000, 58000.00, 65000.00, 0, 1),
(59046, 28696, 5, 144.0000, 696000.00, 720000.00, 0, 2),
(59047, 28697, 1, 1.0000, 4833.33, 6000.00, 1, 0),
(59048, 28697, 19, 12.0000, 58000.00, 65000.00, 0, 1),
(59049, 28697, 5, 144.0000, 696000.00, 720000.00, 0, 2),
(59050, 28698, 1, 1.0000, 4833.33, 6000.00, 1, 0),
(59051, 28698, 19, 12.0000, 58000.00, 65000.00, 0, 1),
(59052, 28698, 5, 144.0000, 696000.00, 720000.00, 0, 2),
(59053, 28699, 1, 1.0000, 4833.33, 6000.00, 1, 0),
(59054, 28699, 19, 12.0000, 58000.00, 65000.00, 0, 1),
(59055, 28699, 5, 144.0000, 696000.00, 720000.00, 0, 2),
(59056, 28700, 1, 1.0000, 4833.33, 6000.00, 1, 0),
(59057, 28700, 19, 12.0000, 58000.00, 65000.00, 0, 1),
(59058, 28700, 5, 144.0000, 696000.00, 720000.00, 0, 2),
(59059, 28701, 1, 1.0000, 4833.33, 6000.00, 1, 0),
(59060, 28701, 19, 12.0000, 58000.00, 65000.00, 0, 1),
(59061, 28701, 5, 144.0000, 696000.00, 720000.00, 0, 2),
(59062, 28702, 1, 1.0000, 4833.33, 6000.00, 1, 0),
(59063, 28702, 19, 12.0000, 58000.00, 65000.00, 0, 1),
(59064, 28702, 5, 144.0000, 696000.00, 720000.00, 0, 2),
(59065, 28703, 1, 1.0000, 4833.33, 6000.00, 1, 0),
(59066, 28703, 19, 12.0000, 58000.00, 65000.00, 0, 1),
(59067, 28703, 5, 144.0000, 696000.00, 720000.00, 0, 2),
(59068, 28704, 1, 1.0000, 4833.33, 6000.00, 1, 0),
(59069, 28704, 19, 12.0000, 58000.00, 65000.00, 0, 1),
(59070, 28704, 5, 144.0000, 696000.00, 720000.00, 0, 2),
(59071, 28705, 1, 1.0000, 4833.33, 6000.00, 1, 0),
(59072, 28705, 19, 12.0000, 58000.00, 63000.00, 0, 1),
(59073, 28705, 5, 144.0000, 696000.00, 720000.00, 0, 2),
(59074, 28706, 10, 1.0000, 4547.75, 5000.00, 1, 0),
(59075, 28706, 5, 40.0000, 181910.00, 188000.00, 0, 1),
(59076, 28707, 1, 1.0000, 3411.64, 5000.00, 1, 0),
(59077, 28707, 5, 18.0000, 61409.50, 70000.00, 0, 1),
(59078, 28708, 10, 1.0000, 4068.60, 5000.00, 1, 0),
(59079, 28708, 5, 21.0000, 85440.70, 90000.00, 0, 1),
(59080, 28709, 10, 1.0000, 4040.39, 5000.00, 1, 0),
(59081, 28709, 5, 16.0000, 64646.20, 70000.00, 0, 1),
(59082, 28710, 1, 1.0000, 3411.64, 5000.00, 1, 0),
(59083, 28710, 5, 18.0000, 61409.50, 70000.00, 0, 1),
(59084, 28711, 1, 1.0000, 6662.00, 10000.00, 1, 0),
(59085, 28711, 5, 12.0000, 79944.00, 91127.37, 0, 1),
(59086, 28712, 10, 1.0000, 4068.60, 5000.00, 1, 0),
(59087, 28712, 5, 21.0000, 85440.70, 90000.00, 0, 1),
(59088, 28713, 1, 1.0000, 6662.00, 10000.00, 1, 0),
(59089, 28713, 5, 12.0000, 79944.00, 90000.00, 0, 1),
(59090, 28714, 10, 1.0000, 4068.60, 5000.00, 1, 0),
(59091, 28714, 5, 21.0000, 85440.70, 90000.00, 0, 1),
(59092, 28715, 10, 1.0000, 4040.39, 5000.00, 1, 0),
(59093, 28715, 5, 16.0000, 64646.20, 70000.00, 0, 1),
(59094, 28716, 10, 1.0000, 4040.39, 5000.00, 1, 0),
(59095, 28716, 5, 16.0000, 64646.20, 70000.00, 0, 1),
(59096, 28717, 12, 1.0000, 5029.64, 7000.00, 1, 0),
(59097, 28717, 5, 42.0000, 211245.00, 215000.00, 0, 1),
(59098, 28718, 12, 1.0000, 40000.00, 45000.00, 1, 0),
(59099, 28718, 5, 6.0000, 240000.00, 245000.00, 0, 1),
(59100, 28719, 12, 1.0000, 7625.00, 9000.00, 1, 0),
(59101, 28719, 5, 24.0000, 183000.00, 190000.00, 0, 1),
(59102, 28720, 1, 1.0000, 4090.94, 5000.00, 1, 0),
(59103, 28720, 5, 36.0000, 147274.00, 160000.00, 0, 1),
(59104, 28721, 10, 1.0000, 4437.50, 5000.00, 1, 0),
(59105, 28721, 5, 48.0000, 213000.00, 218000.00, 0, 1),
(59106, 28722, 12, 1.0000, 40000.00, 45000.00, 1, 0),
(59107, 28722, 5, 6.0000, 240000.00, 245000.00, 0, 1),
(59108, 28723, 1, 1.0000, 8403.83, 10000.00, 1, 0),
(59109, 28723, 5, 24.0000, 201692.00, 210000.00, 0, 1),
(59110, 28724, 1, 1.0000, 4090.94, 5000.00, 1, 0),
(59111, 28724, 5, 36.0000, 147274.00, 160000.00, 0, 1),
(59112, 28725, 10, 1.0000, 4438.54, 5000.00, 1, 0),
(59113, 28725, 5, 48.0000, 213050.00, 218000.00, 0, 1),
(59114, 28726, 13, 1.0000, 20000.00, 22000.00, 1, 0),
(59115, 28726, 7, 70.0000, 1400000.00, 1410000.00, 0, 1),
(59116, 28727, 1, 1.0000, 8000.00, 9000.00, 1, 0),
(59117, 28727, 5, 12.0000, 96000.00, 102000.00, 0, 1),
(59118, 28728, 1, 1.0000, 4500.00, 5000.00, 1, 0),
(59119, 28728, 10, 10.0000, 45000.00, 52000.00, 0, 1),
(59120, 28729, 1, 1.0000, 2532.86, 3000.00, 1, 0),
(59121, 28729, 5, 36.0000, 91183.00, 98021.73, 0, 1),
(59122, 28730, 1, 1.0000, 4326.00, 4866.75, 1, 0),
(59123, 28730, 5, 24.0000, 103824.00, 111610.80, 0, 1),
(59124, 28731, 1, 1.0000, 1300.00, 2000.00, 1, 0),
(59125, 28731, 5, 30.0000, 39000.00, 48000.00, 0, 1),
(59126, 28732, 1, 1.0000, 4166.67, 5000.00, 1, 0),
(59127, 28732, 5, 12.0000, 50000.00, 55000.00, 0, 1),
(59128, 28733, 1, 1.0000, 2977.50, 4000.00, 1, 0),
(59129, 28733, 5, 12.0000, 35730.00, 38000.00, 0, 1),
(59130, 28734, 1, 1.0000, 6622.25, 10000.00, 1, 0),
(59131, 28734, 5, 12.0000, 79467.00, 90000.00, 0, 1),
(59132, 28735, 10, 1.0000, 8000.00, 10000.00, 1, 0),
(59133, 28735, 5, 30.0000, 240000.00, 270000.00, 0, 1),
(59134, 28736, 1, 1.0000, 9500.00, 10000.00, 1, 0),
(59135, 28736, 5, 12.0000, 114000.00, 116000.00, 0, 1),
(59136, 28737, 1, 1.0000, 7741.50, 10000.00, 1, 0),
(59137, 28737, 5, 12.0000, 92898.00, 102000.00, 0, 1),
(59138, 28738, 1, 1.0000, 7741.50, 10000.00, 1, 0),
(59139, 28738, 5, 12.0000, 92898.00, 102000.00, 0, 1),
(59140, 28739, 10, 1.0000, 3333.33, 4000.00, 1, 0),
(59141, 28739, 5, 144.0000, 480000.00, 510000.00, 0, 1),
(59142, 28740, 10, 1.0000, 9203.45, 10000.00, 1, 0),
(59143, 28740, 5, 40.0000, 368138.00, 380000.00, 0, 1),
(59144, 28741, 10, 1.0000, 1255.48, 1255.48, 1, 0),
(59145, 28741, 5, 70.0000, 87883.60, 87883.60, 0, 1),
(59146, 28742, 1, 1.0000, 4258.24, 5000.00, 1, 0),
(59147, 28742, 5, 12.0000, 51098.83, 55000.00, 0, 1),
(59148, 28743, 1, 1.0000, 5250.00, 5000.00, 1, 0),
(59149, 28743, 5, 24.0000, 126000.00, 135000.00, 0, 1),
(59150, 28744, 1, 1.0000, 7916.67, 7916.67, 1, 0),
(59151, 28744, 5, 24.0000, 190000.00, 203571.70, 0, 1),
(59152, 28745, 1, 1.0000, 5583.33, 10000.00, 1, 0),
(59153, 28745, 5, 12.0000, 67000.00, 70000.00, 0, 1),
(59154, 28746, 15, 1.0000, 2500.00, 5000.00, 1, 0),
(59155, 28746, 14, 2.0000, 5000.00, 8000.00, 0, 1),
(59156, 28746, 13, 4.0000, 10000.00, 15000.00, 0, 2),
(59157, 28747, 13, 1.0000, 27250.00, 30000.00, 1, 0),
(59158, 28747, 7, 10.0000, 272500.00, 277000.00, 0, 1),
(59159, 28748, 10, 1.0000, 53000.00, 60000.00, 1, 0),
(59160, 28748, 5, 18.0000, 954000.00, 970000.00, 0, 1),
(59161, 28749, 10, 1.0000, 23280.00, 25000.00, 1, 0),
(59162, 28749, 5, 12.0000, 279360.00, 288000.00, 0, 1),
(59163, 28750, 1, 1.0000, 5350.00, 7000.00, 1, 0),
(59164, 28750, 5, 40.0000, 214000.00, 240000.00, 0, 1),
(59165, 28751, 1, 1.0000, 1590.80, 2000.00, 1, 0),
(59166, 28751, 10, 10.0000, 15908.00, 17000.00, 0, 1),
(59167, 28751, 5, 200.0000, 318160.00, 328000.00, 0, 2),
(59168, 28752, 10, 1.0000, 5350.00, 6000.00, 1, 0),
(59169, 28752, 5, 40.0000, 214000.00, 220000.00, 0, 1),
(59170, 28753, 1, 1.0000, 2328.00, 3000.00, 1, 0),
(59171, 28753, 10, 10.0000, 23280.00, 26000.00, 0, 1),
(59172, 28753, 5, 120.0000, 279360.00, 285000.00, 0, 2),
(59173, 28754, 1, 1.0000, 2328.00, 3000.00, 1, 0),
(59174, 28754, 10, 10.0000, 23280.00, 26000.00, 0, 1),
(59175, 28754, 5, 120.0000, 279360.00, 285000.00, 0, 2),
(59176, 28755, 13, 1.0000, 8350.00, 8350.00, 1, 0),
(59177, 28755, 7, 20.0000, 167000.00, 167000.00, 0, 1),
(59178, 28756, 1, 1.0000, 13333.33, 15999.87, 1, 0),
(59179, 28756, 5, 12.0000, 160000.00, 169998.40, 0, 1),
(59180, 28757, 1, 1.0000, 4438.19, 6000.00, 1, 0),
(59181, 28757, 5, 36.0000, 159775.00, 167000.00, 0, 1),
(59182, 28758, 11, 1.0000, 8924.00, 10000.00, 1, 0),
(59183, 28758, 5, 24.0000, 214176.00, 222000.00, 0, 1),
(59184, 28759, 11, 1.0000, 47627.00, 50000.00, 1, 0),
(59185, 28759, 5, 6.0000, 285762.00, 295000.69, 0, 1),
(59186, 28760, 10, 1.0000, 24598.00, 26000.00, 1, 0),
(59187, 28760, 5, 12.0000, 295176.00, 300000.00, 0, 1),
(59188, 28761, 5, 1.0000, 16538.50, 20000.00, 1, 0),
(59189, 28761, 1, 12.0000, 198462.00, 205000.00, 0, 1),
(59190, 28762, 10, 1.0000, 20273.00, 22000.00, 1, 0),
(59191, 28762, 5, 8.0000, 162184.00, 170000.00, 0, 1),
(59192, 28763, 1, 1.0000, 17500.00, 19000.00, 1, 0),
(59193, 28763, 5, 24.0000, 420000.00, 444000.00, 0, 1),
(59194, 28764, 1, 1.0000, 17666.67, 18000.00, 1, 0),
(59195, 28764, 5, 24.0000, 424000.00, 434000.00, 0, 1),
(59196, 28765, 1, 1.0000, 20000.00, 21000.00, 1, 0),
(59197, 28765, 5, 24.0000, 480000.00, 500000.00, 0, 1),
(59198, 28766, 1, 1.0000, 19583.33, 21000.00, 1, 0),
(59199, 28766, 5, 24.0000, 470000.00, 480000.00, 0, 1),
(59200, 28767, 1, 1.0000, 9400.00, 10000.00, 1, 0),
(59201, 28767, 5, 50.0000, 470000.00, 485000.00, 0, 1),
(59202, 28768, 1, 1.0000, 32000.00, 33000.00, 1, 0),
(59203, 28768, 5, 24.0000, 768000.00, 775000.00, 0, 1),
(59204, 28769, 1, 1.0000, 9340.00, 11000.00, 1, 0),
(59205, 28769, 5, 50.0000, 467000.00, 475000.00, 0, 1),
(59206, 28770, 1, 1.0000, 16458.33, 18000.00, 1, 0),
(59207, 28770, 5, 24.0000, 395000.00, 410000.00, 0, 1),
(59208, 28771, 1, 1.0000, 19916.67, 21000.00, 1, 0),
(59209, 28771, 5, 24.0000, 478000.00, 485000.00, 0, 1),
(59210, 28772, 1, 1.0000, 16666.67, 18000.00, 1, 0),
(59211, 28772, 5, 24.0000, 400000.00, 430000.00, 0, 1),
(59212, 28773, 1, 1.0000, 15416.67, 19000.00, 1, 0),
(59213, 28773, 5, 24.0000, 370000.00, 410000.00, 0, 1),
(59214, 28774, 10, 1.0000, 9800.00, 10000.00, 1, 0),
(59215, 28774, 5, 10.0000, 98000.00, 100000.00, 0, 1),
(59216, 28775, 10, 1.0000, 9800.00, 11094.38, 1, 0),
(59217, 28775, 5, 10.0000, 98000.00, 106321.18, 0, 1),
(59218, 28776, 10, 1.0000, 9800.00, 10000.00, 1, 0),
(59219, 28776, 5, 10.0000, 98000.00, 100000.00, 0, 1),
(59220, 28777, 10, 1.0000, 9800.00, 11094.38, 1, 0),
(59221, 28777, 5, 10.0000, 98000.00, 106321.18, 0, 1),
(59222, 28778, 10, 1.0000, 8166.67, 10000.00, 1, 0),
(59223, 28778, 5, 12.0000, 98000.00, 100000.00, 0, 1),
(59224, 28779, 1, 1.0000, 3541.67, 4000.00, 1, 0),
(59225, 28779, 5, 24.0000, 85000.00, 87000.00, 0, 1),
(59226, 28780, 1, 1.0000, 3541.67, 4000.00, 1, 0),
(59227, 28780, 5, 24.0000, 85000.00, 87000.00, 0, 1),
(59228, 28781, 1, 1.0000, 3541.67, 4000.00, 1, 0),
(59229, 28781, 5, 24.0000, 85000.00, 87000.00, 0, 1),
(59230, 28782, 1, 1.0000, 3541.67, 4000.00, 1, 0),
(59231, 28782, 5, 24.0000, 85000.00, 87000.00, 0, 1);
INSERT INTO `product_units` (`id`, `product_id`, `unit_id`, `conversion_qty`, `buy_price`, `sell_price`, `is_base_unit`, `sort_order`) VALUES
(59232, 28783, 10, 1.0000, 15500.00, 20000.00, 1, 0),
(59233, 28783, 5, 20.0000, 310000.00, 360000.00, 0, 1),
(59234, 28784, 10, 1.0000, 56666.67, 58000.00, 1, 0),
(59235, 28784, 5, 6.0000, 340000.00, 345000.00, 0, 1),
(59236, 28785, 1, 1.0000, 9200.00, 10000.00, 1, 0),
(59237, 28785, 5, 48.0000, 441600.00, 456000.00, 0, 1),
(59238, 28786, 1, 1.0000, 908.33, 1250.00, 1, 0),
(59239, 28786, 10, 20.0000, 18166.67, 20000.00, 0, 1),
(59240, 28786, 5, 240.0000, 218000.00, 225000.00, 0, 2),
(59241, 28787, 1, 1.0000, 12200.00, 15000.00, 1, 0),
(59242, 28787, 5, 48.0000, 585600.00, 610000.00, 0, 1),
(59243, 28788, 10, 1.0000, 13611.11, 15000.00, 1, 0),
(59244, 28788, 5, 18.0000, 245000.00, 250000.00, 0, 1),
(59245, 28789, 1, 1.0000, 4500.00, 5000.00, 1, 0),
(59246, 28789, 5, 80.0000, 360000.00, 376000.00, 0, 1),
(59247, 28790, 12, 1.0000, 7291.67, 9000.00, 1, 0),
(59248, 28790, 5, 24.0000, 173000.00, 185000.00, 0, 1),
(59249, 28791, 1, 1.0000, 7291.67, 9000.00, 1, 0),
(59250, 28791, 5, 24.0000, 173000.00, 185000.00, 0, 1),
(59251, 28792, 1, 1.0000, 3968.75, 5000.00, 1, 0),
(59252, 28792, 5, 32.0000, 127000.00, 145000.00, 0, 1),
(59253, 28793, 13, 1.0000, 8055.56, 10000.00, 1, 0),
(59254, 28793, 7, 18.0000, 145000.00, 160000.00, 0, 1),
(59255, 28794, 1, 1.0000, 4416.67, 5000.00, 1, 0),
(59256, 28794, 10, 12.0000, 53000.00, 55000.00, 0, 1),
(59257, 28795, 11, 1.0000, 5895.00, 7000.00, 1, 0),
(59258, 28795, 5, 12.0000, 70740.00, 75000.00, 0, 1),
(59259, 28796, 11, 1.0000, 5895.00, 7000.00, 1, 0),
(59260, 28796, 5, 12.0000, 70740.00, 75000.00, 0, 1),
(59261, 28797, 11, 1.0000, 7663.50, 8499.97, 1, 0),
(59262, 28797, 5, 12.0000, 91962.00, 95000.42, 0, 1),
(59263, 28798, 1, 1.0000, 15000.00, 17000.00, 1, 0),
(59264, 28798, 5, 10.0000, 150000.00, 155000.00, 0, 1),
(59265, 28799, 1, 1.0000, 18000.00, 20000.00, 1, 0),
(59266, 28799, 5, 6.0000, 108000.00, 115000.00, 0, 1),
(59267, 28800, 1, 1.0000, 3100.00, 5000.00, 1, 0),
(59268, 28800, 5, 20.0000, 62000.00, 65000.00, 0, 1),
(59269, 28801, 12, 1.0000, 3250.00, 4000.00, 1, 0),
(59270, 28801, 5, 20.0000, 65000.00, 70000.00, 0, 1),
(59271, 28802, 1, 1.0000, 3066.00, 4000.00, 1, 0),
(59272, 28802, 5, 20.0000, 61320.00, 65000.00, 0, 1),
(59273, 28803, 10, 1.0000, 4075.00, 5000.00, 1, 0),
(59274, 28803, 5, 40.0000, 163000.00, 168000.00, 0, 1),
(59275, 28804, 1, 1.0000, 3500.00, 5000.00, 1, 0),
(59276, 28804, 9, 12.0000, 42000.00, 50000.00, 0, 1),
(59277, 28805, 1, 1.0000, 2333.33, 4000.00, 1, 0),
(59278, 28805, 5, 24.0000, 56000.00, 65000.00, 0, 1),
(59279, 28806, 1, 1.0000, 3291.67, 4000.00, 1, 0),
(59280, 28806, 5, 24.0000, 79000.00, 82000.00, 0, 1),
(59281, 28807, 1, 1.0000, 4416.67, 5000.00, 1, 0),
(59282, 28807, 5, 12.0000, 53000.00, 60000.00, 0, 1),
(59283, 28808, 1, 1.0000, 6268.13, 8000.00, 1, 0),
(59284, 28808, 5, 24.0000, 150435.00, 170000.00, 0, 1),
(59285, 28809, 1, 1.0000, 5665.06, 6500.00, 1, 0),
(59286, 28809, 5, 36.0000, 203942.00, 216000.00, 0, 1),
(59287, 28810, 10, 1.0000, 55000.00, 57000.00, 1, 0),
(59288, 28810, 5, 5.0000, 275000.00, 280000.00, 0, 1),
(59289, 28811, 1, 1.0000, 8000.00, 9000.00, 1, 0),
(59290, 28811, 5, 12.0000, 96000.00, 100000.00, 0, 1),
(59291, 28812, 13, 1.0000, 18600.00, 20000.00, 1, 0),
(59292, 28812, 5, 10.0000, 186000.00, 195000.00, 0, 1),
(59293, 28813, 15, 1.0000, 2825.00, 5000.00, 1, 0),
(59294, 28813, 14, 2.0000, 5650.00, 8000.00, 0, 1),
(59295, 28813, 13, 4.0000, 11300.00, 15000.00, 0, 2),
(59296, 28813, 5, 40.0000, 113000.00, 0.00, 0, 3),
(59297, 28814, 1, 1.0000, 8000.00, 9000.00, 1, 0),
(59298, 28814, 5, 12.0000, 96000.00, 100000.00, 0, 1),
(59299, 28815, 13, 1.0000, 7000.00, 9000.00, 1, 0),
(59300, 28815, 6, 5.0000, 35000.00, 37000.00, 0, 1),
(59301, 28816, 10, 1.0000, 5700.00, 7000.00, 1, 0),
(59302, 28816, 9, 5.0000, 28500.00, 30000.00, 0, 1),
(59303, 28816, 6, 120.0000, 684000.00, 699998.76, 0, 2),
(59304, 28817, 10, 1.0000, 5866.67, 5866.67, 1, 0),
(59305, 28817, 9, 15.0000, 88000.00, 88000.00, 0, 1),
(59306, 28818, 10, 1.0000, 33000.00, 45000.00, 1, 0),
(59307, 28818, 5, 28.0000, 924000.00, 1000000.00, 0, 1),
(59308, 28819, 10, 1.0000, 4617.60, 6000.00, 1, 0),
(59309, 28819, 5, 40.0000, 184704.00, 200000.00, 0, 1),
(59310, 28820, 10, 1.0000, 5875.00, 8000.00, 1, 0),
(59311, 28820, 5, 40.0000, 235000.00, 260000.00, 0, 1),
(59312, 28821, 10, 1.0000, 14100.00, 16000.00, 1, 0),
(59313, 28821, 5, 20.0000, 282000.00, 300000.00, 0, 1),
(59314, 28822, 10, 1.0000, 2000.00, 5000.00, 1, 0),
(59315, 28822, 5, 60.0000, 120000.00, 300000.00, 0, 1),
(59316, 28823, 10, 1.0000, 11166.67, 11166.67, 1, 0),
(59317, 28823, 5, 30.0000, 335000.00, 335000.00, 0, 1),
(59318, 28824, 10, 1.0000, 27500.00, 32000.00, 1, 0),
(59319, 28824, 5, 25.0000, 687500.00, 672000.00, 0, 1),
(59320, 28825, 10, 1.0000, 5700.00, 7000.00, 1, 0),
(59321, 28825, 5, 5.0000, 28500.00, 30000.00, 0, 1),
(59322, 28826, 10, 1.0000, 5000.00, 7000.00, 1, 0),
(59323, 28826, 5, 150.0000, 750000.00, 780000.00, 0, 1),
(59324, 28827, 10, 1.0000, 1571.43, 2095.23, 1, 0),
(59325, 28827, 5, 70.0000, 110000.00, 125714.60, 0, 1),
(59326, 28828, 10, 1.0000, 8098.30, 10000.00, 1, 0),
(59327, 28828, 5, 40.0000, 323932.00, 350000.00, 0, 1),
(59328, 28829, 10, 1.0000, 8098.30, 10000.00, 1, 0),
(59329, 28829, 5, 40.0000, 323932.00, 350000.00, 0, 1),
(59330, 28830, 10, 1.0000, 8000.00, 10000.00, 1, 0),
(59331, 28830, 5, 30.0000, 240000.00, 270000.00, 0, 1),
(59332, 28831, 10, 1.0000, 8656.20, 10000.00, 1, 0),
(59333, 28831, 5, 40.0000, 346248.00, 360000.00, 0, 1),
(59334, 28832, 10, 1.0000, 8656.20, 9956.27, 1, 0),
(59335, 28832, 5, 40.0000, 346248.00, 375017.75, 0, 1),
(59336, 28833, 10, 1.0000, 8565.48, 10000.00, 1, 0),
(59337, 28833, 5, 40.0000, 342619.00, 350000.00, 0, 1),
(59338, 28834, 10, 1.0000, 8565.48, 10000.00, 1, 0),
(59339, 28834, 5, 40.0000, 342619.00, 350000.00, 0, 1),
(59340, 28835, 10, 1.0000, 6114.72, 6500.01, 1, 0),
(59341, 28835, 5, 24.0000, 146753.25, 151000.29, 0, 1),
(59342, 28836, 1, 1.0000, 4270.83, 5000.00, 1, 0),
(59343, 28836, 5, 144.0000, 620000.00, 630081.20, 0, 1),
(59344, 28837, 1, 1.0000, 8733.33, 10000.00, 1, 0),
(59345, 28837, 5, 30.0000, 262000.00, 265000.00, 0, 1),
(59346, 28838, 11, 1.0000, 3125.00, 4000.00, 1, 0),
(59347, 28838, 5, 12.0000, 37500.00, 40000.00, 0, 1),
(59348, 28839, 11, 1.0000, 18130.83, 20000.00, 1, 0),
(59349, 28839, 5, 6.0000, 108785.00, 120000.00, 0, 1),
(59350, 28840, 11, 1.0000, 10812.50, 12000.00, 1, 0),
(59351, 28840, 5, 48.0000, 519000.00, 530000.00, 0, 1),
(59352, 28841, 11, 1.0000, 16975.00, 18000.00, 1, 0),
(59353, 28841, 5, 16.0000, 271600.00, 280000.00, 0, 1),
(59354, 28842, 11, 1.0000, 7500.00, 9000.00, 1, 0),
(59355, 28842, 5, 12.0000, 90000.00, 95000.00, 0, 1),
(59356, 28843, 1, 1.0000, 10812.50, 12000.00, 1, 0),
(59357, 28843, 5, 48.0000, 519000.00, 530000.00, 0, 1),
(59358, 28844, 11, 1.0000, 10185.00, 11000.00, 1, 0),
(59359, 28844, 5, 5.0000, 50925.00, 53000.00, 0, 1),
(59360, 28845, 1, 1.0000, 3097.22, 3500.00, 1, 0),
(59361, 28845, 5, 72.0000, 223000.00, 228000.00, 0, 1),
(59362, 28846, 11, 1.0000, 16846.80, 18000.00, 1, 0),
(59363, 28846, 5, 10.0000, 168468.00, 175000.00, 0, 1),
(59364, 28847, 11, 1.0000, 16846.80, 18000.00, 1, 0),
(59365, 28847, 5, 10.0000, 168468.00, 175000.00, 0, 1),
(59366, 28848, 11, 1.0000, 4791.67, 6000.00, 1, 0),
(59367, 28848, 5, 48.0000, 230000.00, 264000.00, 0, 1),
(59368, 28849, 11, 1.0000, 43500.00, 45000.00, 1, 0),
(59369, 28849, 5, 4.0000, 174000.00, 180000.00, 0, 1),
(59370, 28850, 13, 1.0000, 10379.00, 16000.00, 1, 0),
(59371, 28850, 5, 10.0000, 103790.00, 160000.00, 0, 1),
(59372, 28851, 13, 1.0000, 10379.00, 16000.00, 1, 0),
(59373, 28851, 5, 10.0000, 103790.00, 160000.00, 0, 1),
(59374, 28852, 13, 1.0000, 10379.00, 16000.00, 1, 0),
(59375, 28852, 5, 10.0000, 103790.00, 160000.00, 0, 1),
(59376, 28853, 13, 1.0000, 10379.00, 16000.00, 1, 0),
(59377, 28853, 5, 10.0000, 103790.00, 160000.00, 0, 1),
(59378, 28854, 1, 1.0000, 5393.52, 6000.00, 1, 0),
(59379, 28854, 19, 12.0000, 64722.22, 66000.00, 0, 1),
(59380, 28854, 5, 216.0000, 1165000.00, 1169000.00, 0, 2),
(59381, 28855, 1, 1.0000, 5416.67, 6000.00, 1, 0),
(59382, 28855, 19, 12.0000, 65000.00, 67000.00, 0, 1),
(59383, 28855, 5, 216.0000, 1170000.00, 1175000.00, 0, 2),
(59384, 28856, 1, 1.0000, 5416.67, 6000.00, 1, 0),
(59385, 28856, 19, 12.0000, 65000.00, 67000.00, 0, 1),
(59386, 28856, 5, 216.0000, 1170000.00, 1175000.00, 0, 2),
(59387, 28857, 1, 1.0000, 5393.52, 5974.35, 1, 0),
(59388, 28857, 19, 12.0000, 64722.22, 66713.73, 0, 1),
(59389, 28857, 5, 216.0000, 1165000.00, 1169974.55, 0, 2),
(59390, 28858, 13, 1.0000, 24400.00, 40000.00, 1, 0),
(59391, 28858, 7, 25.0000, 610000.00, 650000.00, 0, 1),
(59392, 28859, 13, 1.0000, 10400.00, 20000.00, 1, 0),
(59393, 28859, 7, 25.0000, 260000.00, 280000.00, 0, 1),
(59394, 28860, 13, 1.0000, 25000.00, 30000.00, 1, 0),
(59395, 28860, 7, 25.0000, 625000.00, 681000.00, 0, 1),
(59396, 28861, 16, 1.0000, 2400.00, 5000.00, 1, 0),
(59397, 28861, 15, 4.0000, 9600.00, 20000.00, 0, 1),
(59398, 28861, 14, 5.0000, 12000.00, 30000.00, 0, 2),
(59399, 28861, 13, 10.0000, 24000.00, 0.00, 0, 3),
(59400, 28862, 13, 1.0000, 30000.00, 30000.00, 1, 0),
(59401, 28862, 7, 60.0000, 1800000.00, 1800000.00, 0, 1),
(59402, 28863, 10, 1.0000, 10200.00, 12000.00, 1, 0),
(59403, 28863, 6, 50.0000, 510000.00, 540000.00, 0, 1),
(59404, 28864, 11, 1.0000, 19034.33, 22000.00, 1, 0),
(59405, 28864, 5, 6.0000, 114206.00, 120000.00, 0, 1),
(59406, 28865, 11, 1.0000, 19034.33, 22000.00, 1, 0),
(59407, 28865, 5, 6.0000, 114206.00, 120000.00, 0, 1),
(59408, 28866, 13, 1.0000, 35000.00, 40000.00, 1, 0),
(59409, 28866, 20, 20.0000, 700000.00, 710000.00, 0, 1),
(59410, 28867, 13, 1.0000, 45000.00, 47000.00, 1, 0),
(59411, 28867, 20, 20.0000, 900000.00, 910000.00, 0, 1),
(59412, 28868, 13, 1.0000, 70000.00, 72000.00, 1, 0),
(59413, 28868, 9, 50.0000, 3500000.00, 3510000.00, 0, 1),
(59414, 28869, 13, 1.0000, 32000.00, 35000.00, 1, 0),
(59415, 28869, 7, 35.0000, 1120000.00, 1140000.00, 0, 1),
(59416, 28870, 7, 0.5000, 14000.00, 15750.00, 1, 0),
(59417, 28870, 12, 1.0000, 7000.00, 8750.00, 0, 1),
(59418, 28871, 1, 1.0000, 2375.00, 3000.00, 1, 0),
(59419, 28871, 5, 40.0000, 95000.00, 105000.00, 0, 1),
(59420, 28872, 1, 1.0000, 43500.00, 45000.00, 1, 0),
(59421, 28872, 17, 4.0000, 174000.00, 180000.00, 0, 1),
(59422, 28873, 1, 1.0000, 12500.00, 13000.00, 1, 0),
(59423, 28873, 5, 48.0000, 600000.00, 625000.00, 0, 1),
(59424, 28874, 1, 1.0000, 12200.00, 15000.00, 1, 0),
(59425, 28874, 5, 15.0000, 183000.00, 186000.00, 0, 1),
(59426, 28875, 1, 1.0000, 2800.00, 3500.00, 1, 0),
(59427, 28875, 5, 10.0000, 28000.00, 35000.00, 0, 1),
(59428, 28876, 1, 1.0000, 14700.58, 17000.00, 1, 0),
(59429, 28876, 5, 12.0000, 176407.00, 192000.00, 0, 1),
(59430, 28877, 1, 1.0000, 43500.00, 45000.00, 1, 0),
(59431, 28877, 5, 4.0000, 174000.00, 180000.00, 0, 1),
(59432, 28878, 10, 1.0000, 32500.00, 32500.00, 1, 0),
(59433, 28878, 5, 4.0000, 200000.00, 200000.00, 0, 1),
(59434, 28879, 1, 1.0000, 11229.17, 12000.00, 1, 0),
(59435, 28879, 5, 48.0000, 539000.00, 552000.00, 0, 1),
(59436, 28880, 10, 1.0000, 3097.22, 3500.00, 1, 0),
(59437, 28880, 5, 72.0000, 223000.00, 228000.00, 0, 1),
(59438, 28881, 1, 1.0000, 3097.22, 3500.00, 1, 0),
(59439, 28881, 5, 72.0000, 223000.00, 228000.00, 0, 1),
(59440, 28882, 1, 1.0000, 14700.58, 17000.00, 1, 0),
(59441, 28882, 5, 12.0000, 176407.00, 192000.00, 0, 1),
(59442, 28883, 1, 1.0000, 11875.00, 13000.00, 1, 0),
(59443, 28883, 5, 48.0000, 570000.00, 585000.00, 0, 1),
(59444, 28884, 1, 1.0000, 11458.33, 12000.00, 1, 0),
(59445, 28884, 5, 48.0000, 550000.00, 560000.00, 0, 1),
(59446, 28885, 1, 1.0000, 4983.33, 6000.00, 1, 0),
(59447, 28885, 5, 24.0000, 119600.00, 132000.00, 0, 1),
(59448, 28886, 1, 1.0000, 18130.83, 20000.00, 1, 0),
(59449, 28886, 5, 6.0000, 108785.00, 120000.00, 0, 1),
(59450, 28887, 1, 1.0000, 5766.44, 6000.00, 1, 0),
(59451, 28887, 5, 48.0000, 276789.00, 280000.00, 0, 1),
(59452, 28888, 1, 1.0000, 15000.00, 20000.00, 1, 0),
(59453, 28888, 6, 10.0000, 136000.00, 163200.00, 0, 1),
(59454, 28889, 10, 1.0000, 31300.00, 35000.00, 1, 0),
(59455, 28889, 6, 25.0000, 782500.00, 800000.00, 0, 1),
(59456, 28890, 1, 1.0000, 11349.25, 16000.00, 1, 0),
(59457, 28890, 6, 20.0000, 226985.00, 276000.00, 0, 1),
(59458, 28891, 1, 1.0000, 5500.00, 8000.00, 1, 0),
(59459, 28891, 6, 40.0000, 220000.00, 225000.00, 0, 1),
(59460, 28892, 1, 1.0000, 31300.00, 35000.00, 1, 0),
(59461, 28892, 6, 25.0000, 782500.00, 800000.00, 0, 1),
(59462, 28893, 1, 1.0000, 26750.00, 30000.00, 1, 0),
(59463, 28893, 6, 20.0000, 535000.00, 540000.00, 0, 1),
(59464, 28894, 1, 1.0000, 8164.06, 10000.00, 1, 0),
(59465, 28894, 10, 128.0000, 1045000.00, 1152000.00, 0, 1),
(59466, 28895, 1, 1.0000, 15700.00, 20000.00, 1, 0),
(59467, 28895, 9, 10.0000, 157000.00, 170000.00, 0, 1),
(59468, 28896, 1, 1.0000, 27500.00, 30000.00, 1, 0),
(59469, 28896, 10, 20.0000, 550000.00, 555000.00, 0, 1),
(59470, 28897, 10, 1.0000, 83000.00, 85000.00, 1, 0),
(59471, 28897, 6, 10.0000, 830000.00, 850000.00, 0, 1),
(59472, 28898, 10, 1.0000, 83000.00, 85000.00, 1, 0),
(59473, 28898, 6, 10.0000, 830000.00, 850000.00, 0, 1),
(59474, 28899, 1, 1.0000, 56666.67, 58000.00, 1, 0),
(59475, 28899, 6, 6.0000, 340000.00, 345000.00, 0, 1),
(59476, 28900, 1, 1.0000, 22602.25, 27000.00, 1, 0),
(59477, 28900, 6, 20.0000, 452045.00, 500000.00, 0, 1),
(59478, 28901, 1, 1.0000, 23000.00, 25000.00, 1, 0),
(59479, 28901, 6, 20.0000, 460000.00, 465000.00, 0, 1),
(59480, 28902, 10, 1.0000, 19444.44, 21000.00, 1, 0),
(59481, 28902, 5, 18.0000, 350000.00, 365000.00, 0, 1),
(59482, 28903, 10, 1.0000, 3097.22, 3500.00, 1, 0),
(59483, 28903, 5, 72.0000, 223000.00, 228000.00, 0, 1),
(59484, 28904, 10, 1.0000, 43500.00, 45000.00, 1, 0),
(59485, 28904, 5, 4.0000, 174000.00, 180000.00, 0, 1),
(59486, 28905, 10, 1.0000, 20000.00, 21818.20, 1, 0),
(59487, 28905, 5, 12.0000, 240000.00, 250908.00, 0, 1),
(59488, 28906, 10, 1.0000, 20000.00, 21818.20, 1, 0),
(59489, 28906, 5, 12.0000, 240000.00, 250908.00, 0, 1),
(59490, 28907, 13, 1.0000, 22916.67, 27500.00, 1, 0),
(59491, 28907, 7, 12.0000, 275000.00, 290279.00, 0, 1),
(59492, 28908, 1, 1.0000, 16308.00, 18000.00, 1, 0),
(59493, 28908, 5, 8.0000, 130464.00, 138000.00, 0, 1),
(59494, 28909, 1, 1.0000, 5208.33, 6465.52, 1, 0),
(59495, 28909, 10, 12.0000, 62500.00, 73275.63, 0, 1),
(59496, 28909, 5, 48.0000, 250000.00, 255000.00, 0, 2),
(59497, 28910, 5, 1.0000, 0.00, 0.00, 1, 0),
(59498, 28910, 10, 1.0000, 3666.67, 5000.00, 0, 1),
(59499, 28911, 1, 1.0000, 3097.22, 3500.00, 1, 0),
(59500, 28911, 5, 72.0000, 223000.00, 228000.00, 0, 1),
(59501, 28912, 13, 1.0000, 10185.00, 11000.00, 1, 0),
(59502, 28912, 1, 5.0000, 50925.00, 53000.00, 0, 1),
(59503, 28913, 1, 1.0000, 5260.00, 6000.00, 1, 0),
(59504, 28913, 5, 50.0000, 263000.00, 270000.00, 0, 1),
(59505, 28914, 11, 1.0000, 11468.75, 13000.00, 1, 0),
(59506, 28914, 5, 32.0000, 367000.00, 372000.00, 0, 1),
(59507, 28915, 12, 1.0000, 10500.00, 12000.00, 1, 0),
(59508, 28915, 5, 48.0000, 504000.00, 508000.00, 0, 1),
(59509, 28916, 1, 1.0000, 43500.00, 45000.00, 1, 0),
(59510, 28916, 5, 4.0000, 174000.00, 180000.00, 0, 1),
(59511, 28917, 1, 1.0000, 43500.00, 45000.00, 1, 0),
(59512, 28917, 5, 4.0000, 174000.00, 180000.00, 0, 1),
(59513, 28918, 10, 1.0000, 10185.00, 11000.00, 1, 0),
(59514, 28919, 5, 1.0000, 0.00, 0.00, 1, 0),
(59515, 28919, 10, 1.0000, 3097.22, 3500.00, 0, 1),
(59516, 28920, 5, 1.0000, 0.00, 0.00, 1, 0),
(59517, 28920, 10, 1.0000, 20416.67, 22000.00, 0, 1),
(59518, 28921, 10, 1.0000, 10185.00, 11000.00, 1, 0),
(59519, 28922, 5, 1.0000, 0.00, 0.00, 1, 0),
(59520, 28922, 10, 1.0000, 32500.00, 32500.00, 0, 1),
(59521, 28923, 5, 1.0000, 0.00, 0.00, 1, 0),
(59522, 28923, 1, 1.0000, 3097.22, 3500.00, 0, 1),
(59523, 28923, 10, 72.0000, 223000.00, 228000.00, 0, 2),
(59524, 28924, 10, 1.0000, 99400.00, 99400.00, 1, 0),
(59525, 28925, 13, 1.0000, 10185.00, 11000.00, 1, 0),
(59526, 28925, 20, 5.0000, 50925.00, 53000.00, 0, 1),
(59527, 28926, 1, 1.0000, 1700.00, 2000.00, 1, 0),
(59528, 28926, 23, 30.0000, 51000.00, 54000.00, 0, 1),
(59529, 28926, 8, 300.0000, 510000.00, 530000.00, 0, 2),
(59530, 28927, 12, 1.0000, 6806.95, 8000.00, 1, 0),
(59531, 28927, 5, 20.0000, 136139.00, 147000.17, 0, 1),
(59532, 28928, 12, 1.0000, 6550.00, 7000.00, 1, 0),
(59533, 28928, 5, 20.0000, 131000.00, 138000.00, 0, 1),
(59534, 28929, 12, 1.0000, 9750.00, 11000.00, 1, 0),
(59535, 28929, 5, 20.0000, 195000.00, 200000.00, 0, 1),
(59536, 28930, 13, 1.0000, 9040.00, 10000.00, 1, 0),
(59537, 28930, 7, 25.0000, 226000.00, 230000.00, 0, 1),
(59538, 28931, 1, 1.0000, 12750.00, 14000.00, 1, 0),
(59539, 28931, 5, 12.0000, 153000.00, 160000.00, 0, 1),
(59540, 28932, 13, 1.0000, 7800.00, 10000.00, 1, 0),
(59541, 28932, 7, 25.0000, 195000.00, 200000.00, 0, 1),
(59542, 28933, 1, 1.0000, 5700.00, 7000.00, 1, 0),
(59543, 28933, 5, 60.0000, 342000.00, 390000.00, 0, 1),
(59544, 28934, 13, 1.0000, 3603.88, 5000.00, 1, 0),
(59545, 28934, 7, 25.0000, 90097.00, 100000.00, 0, 1),
(59546, 28935, 1, 1.0000, 4983.33, 6000.00, 1, 0),
(59547, 28935, 5, 24.0000, 119600.00, 132000.00, 0, 1),
(59548, 28936, 13, 1.0000, 20000.00, 27586.20, 1, 0),
(59549, 28936, 9, 10.0000, 200000.00, 220690.00, 0, 1),
(59550, 28937, 10, 1.0000, 25000.00, 26000.00, 1, 0),
(59551, 28937, 5, 20.0000, 500000.00, 520000.00, 0, 1),
(59552, 28938, 13, 1.0000, 8400.00, 10000.00, 1, 0),
(59553, 28938, 7, 25.0000, 203000.00, 215000.00, 0, 1),
(59554, 28939, 13, 1.0000, 6720.00, 10000.00, 1, 0),
(59555, 28939, 7, 25.0000, 168000.00, 180000.00, 0, 1),
(59556, 28940, 1, 1.0000, 6750.00, 8437.50, 1, 0),
(59557, 28940, 5, 20.0000, 135000.00, 147656.25, 0, 1),
(59558, 28941, 12, 1.0000, 9750.05, 11000.00, 1, 0),
(59559, 28941, 5, 20.0000, 195001.00, 200000.00, 0, 1),
(59560, 28942, 12, 1.0000, 9750.00, 11000.00, 1, 0),
(59561, 28942, 5, 20.0000, 195000.00, 200000.00, 0, 1),
(59562, 28943, 1, 1.0000, 1500.00, 3000.00, 1, 0),
(59563, 28943, 10, 10.0000, 15000.00, 18000.00, 0, 1),
(59564, 28943, 5, 120.0000, 180000.00, 185000.00, 0, 2),
(59565, 28944, 1, 1.0000, 1500.00, 3000.00, 1, 0),
(59566, 28944, 10, 10.0000, 15000.00, 18000.00, 0, 1),
(59567, 28944, 5, 120.0000, 180000.00, 185000.00, 0, 2),
(59568, 28945, 1, 1.0000, 1500.00, 3000.00, 1, 0),
(59569, 28945, 10, 10.0000, 15000.00, 18000.00, 0, 1),
(59570, 28945, 5, 120.0000, 180000.00, 185000.00, 0, 2),
(59571, 28946, 1, 1.0000, 1500.00, 3000.00, 1, 0),
(59572, 28946, 10, 10.0000, 15000.00, 18000.00, 0, 1),
(59573, 28946, 5, 120.0000, 180000.00, 185000.00, 0, 2),
(59574, 28947, 1, 1.0000, 1500.00, 3000.00, 1, 0),
(59575, 28947, 10, 10.0000, 15000.00, 18000.00, 0, 1),
(59576, 28947, 5, 120.0000, 180000.00, 185000.00, 0, 2),
(59577, 28948, 1, 1.0000, 14000.00, 16000.00, 1, 0),
(59578, 28948, 5, 12.0000, 168000.00, 173000.00, 0, 1),
(59579, 28949, 13, 1.0000, 7836.00, 10000.00, 1, 0),
(59580, 28949, 7, 25.0000, 195900.00, 200000.00, 0, 1),
(59581, 28950, 13, 1.0000, 11000.00, 13000.00, 1, 0),
(59582, 28950, 7, 25.0000, 275000.00, 280000.00, 0, 1),
(59583, 28951, 1, 1.0000, 17000.00, 19000.00, 1, 0),
(59584, 28951, 5, 10.0000, 170000.00, 180000.00, 0, 1),
(59585, 28952, 12, 1.0000, 15000.00, 17000.00, 1, 0),
(59586, 28952, 5, 10.0000, 150000.00, 160000.00, 0, 1),
(59587, 28953, 13, 1.0000, 6840.00, 8000.00, 1, 0),
(59588, 28953, 7, 25.0000, 171000.00, 176000.04, 0, 1),
(59589, 28954, 13, 1.0000, 7000.00, 9000.00, 1, 0),
(59590, 28954, 7, 10.0000, 70000.00, 80000.00, 0, 1),
(59591, 28955, 10, 1.0000, 17300.00, 20000.00, 1, 0),
(59592, 28955, 5, 10.0000, 173000.00, 180000.00, 0, 1),
(59593, 28956, 13, 1.0000, 8500.00, 10000.00, 1, 0),
(59594, 28956, 7, 50.0000, 425000.00, 435000.00, 0, 1),
(59595, 28957, 12, 1.0000, 10500.00, 12000.00, 1, 0),
(59596, 28957, 9, 10.0000, 105000.00, 115000.00, 0, 1),
(59597, 28958, 12, 1.0000, 24000.00, 26000.00, 1, 0),
(59598, 28958, 5, 10.0000, 240000.00, 245000.00, 0, 1),
(59599, 28959, 1, 1.0000, 2328.00, 3000.00, 1, 0),
(59600, 28959, 10, 10.0000, 23280.00, 26000.00, 0, 1),
(59601, 28959, 5, 120.0000, 279360.00, 312000.00, 0, 2),
(59602, 28960, 1, 1.0000, 1590.80, 2000.00, 1, 0),
(59603, 28960, 10, 10.0000, 15908.00, 18000.00, 0, 1),
(59604, 28960, 5, 200.0000, 318160.00, 370000.00, 0, 2),
(59605, 28961, 10, 1.0000, 16945.83, 19999.98, 1, 0),
(59606, 28961, 5, 12.0000, 203350.00, 209999.55, 0, 1),
(59607, 28962, 10, 1.0000, 16945.83, 19999.98, 1, 0),
(59608, 28962, 5, 12.0000, 203350.00, 209999.55, 0, 1),
(59609, 28963, 1, 1.0000, 4949.96, 6000.00, 1, 0),
(59610, 28963, 5, 24.0000, 118799.00, 144000.00, 0, 1),
(59611, 28964, 10, 1.0000, 16945.83, 22000.00, 1, 0),
(59612, 28964, 5, 12.0000, 203350.00, 210000.00, 0, 1),
(59613, 28965, 1, 1.0000, 4949.96, 6000.00, 1, 0),
(59614, 28965, 5, 24.0000, 118799.00, 144000.00, 0, 1),
(59615, 28966, 10, 1.0000, 16945.83, 22000.00, 1, 0),
(59616, 28966, 5, 12.0000, 203350.00, 210000.00, 0, 1),
(59617, 28967, 13, 1.0000, 8720.00, 10000.00, 1, 0),
(59618, 28967, 7, 25.0000, 218000.00, 226000.00, 0, 1),
(59619, 28968, 12, 1.0000, 11500.00, 15000.00, 1, 0),
(59620, 28968, 5, 12.0000, 138000.00, 144000.00, 0, 1),
(59621, 28969, 13, 1.0000, 6840.00, 8290.90, 1, 0),
(59622, 28969, 7, 25.0000, 171000.00, 181364.31, 0, 1),
(59623, 28970, 13, 1.0000, 21200.00, 40000.00, 1, 0),
(59624, 28970, 7, 25.0000, 530000.00, 600000.00, 0, 1),
(59625, 28971, 13, 1.0000, 6840.00, 8000.00, 1, 0),
(59626, 28971, 7, 25.0000, 171000.00, 175000.00, 0, 1),
(59627, 28972, 13, 1.0000, 9000.00, 15000.00, 1, 0),
(59628, 28972, 7, 50.0000, 450000.00, 600000.00, 0, 1),
(59629, 28973, 10, 1.0000, 6111.86, 10000.00, 1, 0),
(59630, 28973, 5, 36.0000, 220027.00, 280000.00, 0, 1),
(59631, 28974, 1, 1.0000, 4167.00, 6250.00, 1, 0),
(59632, 28974, 10, 12.0000, 50000.00, 75000.00, 0, 1),
(59633, 28974, 5, 24.0000, 100000.00, 150000.00, 0, 2),
(59634, 28975, 13, 1.0000, 2000.00, 2200.00, 1, 0),
(59635, 28975, 22, 25.0000, 50000.00, 55000.00, 0, 1),
(59636, 28976, 10, 1.0000, 10000.00, 13000.00, 1, 0),
(59637, 28976, 6, 48.0000, 480000.00, 550000.00, 0, 1),
(59638, 28977, 10, 1.0000, 14418.25, 19000.00, 1, 0),
(59639, 28977, 6, 20.0000, 288365.00, 330000.00, 0, 1),
(59640, 28978, 10, 1.0000, 47000.00, 50000.00, 1, 0),
(59641, 28978, 6, 20.0000, 940000.00, 945000.00, 0, 1),
(59642, 28979, 10, 1.0000, 48333.33, 65000.00, 1, 0),
(59643, 28980, 10, 1.0000, 36685.00, 41000.00, 1, 0),
(59644, 28980, 5, 8.0000, 293480.00, 340000.00, 0, 1),
(59645, 28981, 10, 1.0000, 18800.00, 20000.00, 1, 0),
(59646, 28981, 5, 25.0000, 470000.00, 480000.00, 0, 1),
(59647, 28982, 10, 1.0000, 11811.00, 14403.63, 1, 0),
(59648, 28982, 5, 20.0000, 236220.00, 259265.62, 0, 1),
(59649, 28983, 10, 1.0000, 8200.00, 10000.00, 1, 0),
(59650, 28983, 5, 50.0000, 410000.00, 450000.00, 0, 1),
(59651, 28984, 10, 1.0000, 36685.00, 41000.00, 1, 0),
(59652, 28984, 5, 8.0000, 293480.00, 340000.00, 0, 1),
(59653, 28985, 10, 1.0000, 8000.00, 10000.00, 1, 0),
(59654, 28985, 5, 40.0000, 320000.00, 350000.00, 0, 1),
(59655, 28986, 10, 1.0000, 36685.00, 41000.00, 1, 0),
(59656, 28986, 5, 8.0000, 293480.00, 340000.00, 0, 1),
(59657, 28987, 10, 1.0000, 5800.00, 7138.47, 1, 0),
(59658, 28987, 5, 10.0000, 58000.00, 62461.36, 0, 1),
(59659, 28988, 10, 1.0000, 5416.67, 7000.00, 1, 0),
(59660, 28988, 5, 12.0000, 65000.00, 70000.00, 0, 1),
(59661, 28989, 10, 1.0000, 21738.00, 25000.00, 1, 0),
(59662, 28989, 5, 20.0000, 434760.00, 440000.00, 0, 1),
(59663, 28990, 10, 1.0000, 22783.00, 30000.00, 1, 0),
(59664, 28990, 5, 20.0000, 455660.00, 465000.00, 0, 1),
(59665, 28991, 10, 1.0000, 4617.60, 6000.00, 1, 0),
(59666, 28991, 5, 40.0000, 184704.00, 200000.00, 0, 1),
(59667, 28992, 10, 1.0000, 36000.00, 45000.00, 1, 0),
(59668, 28992, 5, 10.0000, 360000.00, 420000.00, 0, 1),
(59669, 28993, 10, 1.0000, 80000.00, 120000.00, 1, 0),
(59670, 28993, 5, 6.0000, 480000.00, 700000.00, 0, 1),
(59671, 28994, 10, 1.0000, 70000.00, 75000.00, 1, 0),
(59672, 28994, 5, 10.0000, 700000.00, 710000.00, 0, 1),
(59673, 28995, 10, 1.0000, 13500.00, 15000.00, 1, 0),
(59674, 28995, 5, 50.0000, 675000.00, 685000.00, 0, 1),
(59675, 28996, 1, 1.0000, 26500.00, 32000.00, 1, 0),
(59676, 28996, 5, 25.0000, 662500.00, 672000.00, 0, 1),
(59677, 28997, 10, 1.0000, 21899.17, 26000.00, 1, 0),
(59678, 28997, 5, 12.0000, 262790.00, 310000.00, 0, 1),
(59679, 28998, 1, 1.0000, 27500.00, 32000.00, 1, 0),
(59680, 28998, 5, 25.0000, 687500.00, 672000.00, 0, 1),
(59681, 28999, 1, 1.0000, 22250.00, 25000.00, 1, 0),
(59682, 28999, 5, 20.0000, 445000.00, 465000.00, 0, 1),
(59683, 29000, 1, 1.0000, 11125.00, 13788.77, 1, 0),
(59684, 29000, 5, 8.0000, 89000.00, 91507.13, 0, 1),
(59685, 29001, 1, 1.0000, 6562.50, 6562.50, 1, 0),
(59686, 29001, 10, 4.0000, 26250.00, 26250.00, 0, 1),
(59687, 29001, 5, 48.0000, 315000.00, 315000.00, 0, 2),
(59688, 29002, 1, 1.0000, 11500.00, 12000.00, 1, 0),
(59689, 29002, 10, 5.0000, 57500.00, 58000.00, 0, 1),
(59690, 29002, 5, 50.0000, 575000.00, 580000.00, 0, 2),
(59691, 29003, 6, 1.0000, 0.00, 0.00, 1, 0),
(59692, 29003, 1, 1.0000, 32000.00, 35000.00, 0, 1),
(59693, 29003, 10, 25.0000, 800000.00, 800000.00, 0, 2),
(59694, 29004, 10, 1.0000, 20416.67, 22272.75, 1, 0),
(59695, 29004, 5, 12.0000, 245000.00, 256135.25, 0, 1),
(59696, 29005, 10, 1.0000, 16257.23, 17238.85, 1, 0),
(59697, 29005, 5, 12.0000, 195086.80, 201120.83, 0, 1),
(59698, 29006, 10, 1.0000, 3097.22, 3500.00, 1, 0),
(59699, 29006, 5, 72.0000, 223000.00, 228000.00, 0, 1),
(59700, 29007, 10, 1.0000, 43500.00, 45000.00, 1, 0),
(59701, 29007, 5, 4.0000, 174000.00, 180000.00, 0, 1),
(59702, 29008, 10, 1.0000, 11625.00, 13000.00, 1, 0),
(59703, 29008, 5, 48.0000, 558000.00, 576000.00, 0, 1),
(59704, 29009, 10, 1.0000, 20000.00, 21818.20, 1, 0),
(59705, 29009, 5, 12.0000, 240000.00, 250908.00, 0, 1),
(59706, 29010, 10, 1.0000, 12979.17, 15000.00, 1, 0),
(59707, 29010, 5, 48.0000, 623000.00, 630000.00, 0, 1),
(59708, 29011, 10, 1.0000, 3097.22, 3500.00, 1, 0),
(59709, 29011, 5, 72.0000, 223000.00, 228000.00, 0, 1),
(59710, 29012, 10, 1.0000, 43500.00, 45000.00, 1, 0),
(59711, 29012, 5, 4.0000, 174000.00, 180000.00, 0, 1),
(59712, 29013, 10, 1.0000, 3097.22, 3500.00, 1, 0),
(59713, 29013, 5, 72.0000, 223000.00, 228000.00, 0, 1),
(59714, 29014, 10, 1.0000, 34368.00, 37000.00, 1, 0),
(59715, 29014, 5, 16.0000, 549888.00, 576000.00, 0, 1),
(59716, 29015, 10, 1.0000, 10185.00, 11000.00, 1, 0),
(59717, 29015, 5, 5.0000, 50925.00, 53000.00, 0, 1),
(59718, 29016, 10, 1.0000, 12740.00, 15000.00, 1, 0),
(59719, 29016, 5, 12.0000, 152880.00, 168000.00, 0, 1),
(59720, 29017, 10, 1.0000, 3097.22, 3500.00, 1, 0),
(59721, 29017, 5, 72.0000, 223000.00, 228000.00, 0, 1),
(59722, 29018, 10, 1.0000, 12200.00, 15000.00, 1, 0),
(59723, 29018, 5, 15.0000, 183000.00, 186000.00, 0, 1),
(59724, 29019, 10, 1.0000, 10185.00, 11000.00, 1, 0),
(59725, 29019, 5, 5.0000, 50925.00, 53000.00, 0, 1),
(59726, 29020, 10, 1.0000, 3097.22, 3500.00, 1, 0),
(59727, 29020, 5, 72.0000, 223000.00, 228000.00, 0, 1),
(59728, 29021, 10, 1.0000, 58333.33, 65000.00, 1, 0),
(59729, 29021, 5, 12.0000, 700000.00, 720000.00, 0, 1),
(59730, 29022, 10, 1.0000, 3097.22, 3500.00, 1, 0),
(59731, 29022, 5, 72.0000, 223000.00, 228000.00, 0, 1),
(59732, 29023, 10, 1.0000, 20416.67, 22000.00, 1, 0),
(59733, 29023, 5, 12.0000, 245000.00, 252000.00, 0, 1),
(59734, 29024, 10, 1.0000, 43500.00, 45000.00, 1, 0),
(59735, 29024, 5, 4.0000, 174000.00, 180000.00, 0, 1),
(59736, 29025, 10, 1.0000, 10185.00, 11000.00, 1, 0),
(59737, 29025, 5, 5.0000, 50925.00, 53000.00, 0, 1),
(59738, 29026, 10, 1.0000, 3097.22, 3500.00, 1, 0),
(59739, 29026, 5, 72.0000, 223000.00, 228000.00, 0, 1),
(59740, 29027, 10, 1.0000, 10185.00, 11000.00, 1, 0),
(59741, 29027, 5, 5.0000, 50925.00, 53000.00, 0, 1),
(59742, 29028, 10, 1.0000, 10185.00, 11000.00, 1, 0),
(59743, 29028, 5, 5.0000, 50925.00, 53000.00, 0, 1),
(59744, 29029, 10, 1.0000, 9317.70, 10000.00, 1, 0),
(59745, 29029, 5, 30.0000, 279531.00, 285000.00, 0, 1),
(59746, 29030, 10, 1.0000, 3097.22, 3500.00, 1, 0),
(59747, 29030, 5, 72.0000, 223000.00, 228000.00, 0, 1),
(59748, 29031, 1, 1.0000, 29166.67, 31000.00, 1, 0),
(59749, 29031, 5, 12.0000, 350000.00, 355000.00, 0, 1),
(59750, 29032, 1, 1.0000, 29166.67, 31000.00, 1, 0),
(59751, 29032, 5, 12.0000, 350000.00, 355000.00, 0, 1),
(59752, 29033, 1, 1.0000, 27500.00, 35000.00, 1, 0),
(59753, 29033, 5, 50.0000, 1375000.00, 1500000.00, 0, 1),
(59754, 29034, 1, 1.0000, 1400.00, 2500.00, 1, 0),
(59755, 29034, 5, 20.0000, 28000.00, 33000.00, 0, 1),
(59756, 29035, 10, 1.0000, 16846.80, 18000.00, 1, 0),
(59757, 29035, 5, 10.0000, 168468.00, 175000.00, 0, 1),
(59758, 29036, 1, 1.0000, 5375.00, 5972.22, 1, 0),
(59759, 29036, 10, 20.0000, 107500.00, 119444.33, 0, 1),
(59760, 29036, 5, 200.0000, 1075000.00, 1075000.00, 0, 2),
(59761, 29037, 1, 1.0000, 10700.00, 11888.88, 1, 0),
(59762, 29037, 5, 100.0000, 1070000.00, 1188887.70, 0, 1),
(59763, 29038, 10, 1.0000, 1600.00, 3000.00, 1, 0),
(59764, 29038, 9, 50.0000, 80000.00, 98000.00, 0, 1),
(59765, 29039, 1, 1.0000, 18500.00, 21346.23, 1, 0),
(59766, 29039, 10, 24.0000, 444000.00, 479520.00, 0, 1),
(59767, 29039, 5, 48.0000, 888000.00, 888000.00, 0, 2),
(59768, 29040, 12, 1.0000, 10500.00, 13125.00, 1, 0),
(59769, 29040, 5, 50.0000, 525000.00, 600001.50, 0, 1),
(59770, 29041, 13, 1.0000, 57841.20, 85000.00, 1, 0),
(59771, 29041, 5, 5.0000, 289206.00, 295000.00, 0, 1),
(59772, 29042, 12, 1.0000, 8500.00, 8500.00, 1, 0),
(59773, 29042, 5, 4.0000, 34000.00, 34000.00, 0, 1),
(59774, 29043, 12, 1.0000, 44000.00, 46000.00, 1, 0),
(59775, 29043, 5, 5.0000, 220000.00, 225000.00, 0, 1),
(59776, 29044, 12, 1.0000, 1666.67, 2000.00, 1, 0),
(59777, 29044, 5, 30.0000, 50000.00, 60000.00, 0, 1),
(59778, 29045, 12, 1.0000, 8500.00, 8500.00, 1, 0),
(59779, 29045, 5, 4.0000, 34000.00, 34000.00, 0, 1),
(59780, 29046, 10, 1.0000, 6250.00, 10000.00, 1, 0),
(59781, 29046, 5, 40.0000, 250000.00, 300000.00, 0, 1),
(59782, 29047, 10, 1.0000, 3625.00, 5000.00, 1, 0),
(59783, 29047, 5, 40.0000, 145000.00, 150000.00, 0, 1),
(59784, 29048, 10, 1.0000, 18000.00, 25000.00, 1, 0),
(59785, 29048, 5, 25.0000, 450000.00, 500000.00, 0, 1),
(59786, 29049, 10, 1.0000, 0.00, 0.00, 1, 0),
(59787, 29049, 5, 40.0000, 0.00, 0.00, 0, 1),
(59788, 29050, 10, 1.0000, 5583.33, 8000.00, 1, 0),
(59789, 29050, 5, 24.0000, 134000.00, 168000.00, 0, 1),
(59790, 29051, 10, 1.0000, 8000.00, 10000.00, 1, 0),
(59791, 29051, 5, 40.0000, 320000.00, 350000.00, 0, 1),
(59792, 29052, 10, 1.0000, 20476.19, 22000.00, 1, 0),
(59793, 29052, 5, 21.0000, 430000.00, 441000.00, 0, 1),
(59794, 29053, 10, 1.0000, 31250.00, 35000.00, 1, 0),
(59795, 29053, 5, 8.0000, 250000.00, 264000.00, 0, 1),
(59796, 29054, 10, 1.0000, 45000.00, 48000.00, 1, 0),
(59797, 29054, 5, 20.0000, 900000.00, 905000.00, 0, 1),
(59798, 29055, 10, 1.0000, 45000.00, 48000.00, 1, 0),
(59799, 29055, 5, 20.0000, 900000.00, 905000.00, 0, 1),
(59800, 29056, 1, 1.0000, 7000.00, 7000.00, 1, 0),
(59801, 29056, 9, 6.0000, 37833.33, 40000.00, 0, 1),
(59802, 29056, 5, 36.0000, 227000.00, 235000.00, 0, 2),
(59803, 29057, 1, 1.0000, 6166.67, 7000.00, 1, 0),
(59804, 29057, 9, 6.0000, 37000.00, 40000.00, 0, 1),
(59805, 29057, 5, 36.0000, 222000.00, 228000.00, 0, 2),
(59806, 29058, 1, 1.0000, 6166.67, 7000.00, 1, 0),
(59807, 29058, 9, 6.0000, 37000.00, 40000.00, 0, 1),
(59808, 29058, 5, 36.0000, 222000.00, 228000.00, 0, 2),
(59809, 29059, 1, 1.0000, 6166.67, 7000.00, 1, 0),
(59810, 29059, 9, 6.0000, 37000.00, 40000.00, 0, 1),
(59811, 29059, 5, 36.0000, 222000.00, 228000.00, 0, 2),
(59812, 29060, 5, 1.0000, 6400.00, 8000.00, 1, 0),
(59813, 29061, 1, 1.0000, 3888.89, 5000.00, 1, 0),
(59814, 29061, 5, 144.0000, 560000.00, 579000.00, 0, 1),
(59815, 29062, 1, 1.0000, 23000.00, 25000.00, 1, 0),
(59816, 29062, 10, 10.0000, 230000.00, 235000.00, 0, 1),
(59817, 29062, 7, 50.0000, 1150000.00, 1160000.00, 0, 2),
(59818, 29063, 1, 1.0000, 16041.67, 18000.00, 1, 0),
(59819, 29063, 5, 24.0000, 385000.00, 400000.00, 0, 1),
(59820, 29064, 21, 1.0000, 31300.00, 35000.00, 1, 0),
(59821, 29064, 10, 25.0000, 782500.00, 800000.00, 0, 1),
(59822, 29065, 21, 1.0000, 34500.00, 36000.00, 1, 0),
(59823, 29065, 10, 50.0000, 1725000.00, 1750000.00, 0, 1),
(59824, 29066, 10, 1.0000, 35000.00, 37000.00, 1, 0),
(59825, 29066, 5, 24.0000, 840000.00, 850000.00, 0, 1),
(59826, 29067, 13, 1.0000, 44000.00, 60000.00, 1, 0),
(59827, 29067, 7, 25.0000, 1100000.00, 1250000.00, 0, 1),
(59828, 29068, 1, 1.0000, 3375.00, 3375.00, 1, 0),
(59829, 29068, 5, 40.0000, 135000.00, 135000.00, 0, 1),
(59830, 29069, 1, 1.0000, 3375.00, 3375.00, 1, 0),
(59831, 29069, 5, 40.0000, 135000.00, 135000.00, 0, 1);

-- --------------------------------------------------------

--
-- Table structure for table `purchases`
--

CREATE TABLE `purchases` (
  `id` int(11) NOT NULL,
  `supplier_id` int(11) DEFAULT NULL,
  `invoice_number` varchar(50) DEFAULT NULL,
  `date` date NOT NULL,
  `due_date` date DEFAULT NULL,
  `total_amount` decimal(15,2) DEFAULT 0.00,
  `paid_amount` decimal(15,2) DEFAULT 0.00,
  `payment_status` enum('paid','unpaid','partial') DEFAULT 'unpaid',
  `notes` text DEFAULT NULL,
  `created_at` timestamp NOT NULL DEFAULT current_timestamp(),
  `branch_id` int(11) DEFAULT NULL
) ENGINE=InnoDB DEFAULT CHARSET=utf8mb4 COLLATE=utf8mb4_general_ci;

--
-- Dumping data for table `purchases`
--

INSERT INTO `purchases` (`id`, `supplier_id`, `invoice_number`, `date`, `due_date`, `total_amount`, `paid_amount`, `payment_status`, `notes`, `created_at`, `branch_id`) VALUES
(1, 1, 'GRN-20251226-139', '2025-12-26', NULL, 5000000.00, 5000000.00, 'paid', NULL, '2025-12-26 10:12:19', 1);

-- --------------------------------------------------------

--
-- Table structure for table `purchase_items`
--

CREATE TABLE `purchase_items` (
  `id` int(11) NOT NULL,
  `purchase_id` int(11) NOT NULL,
  `product_id` int(11) NOT NULL,
  `quantity` int(11) NOT NULL,
  `unit_price` decimal(15,2) NOT NULL,
  `subtotal` decimal(15,2) NOT NULL,
  `unit_id` int(11) DEFAULT NULL,
  `expiry_date` date DEFAULT NULL,
  `current_stock` decimal(10,2) DEFAULT NULL
) ENGINE=InnoDB DEFAULT CHARSET=utf8mb4 COLLATE=utf8mb4_general_ci;

--
-- Dumping data for table `purchase_items`
--

INSERT INTO `purchase_items` (`id`, `purchase_id`, `product_id`, `quantity`, `unit_price`, `subtotal`, `unit_id`, `expiry_date`, `current_stock`) VALUES
(1, 1, 27869, 100, 50000.00, 5000000.00, 10, '2025-12-12', 39.00);

-- --------------------------------------------------------

--
-- Table structure for table `purchase_returns`
--

CREATE TABLE `purchase_returns` (
  `id` int(11) NOT NULL,
  `supplier_id` int(11) DEFAULT NULL,
  `code` varchar(50) NOT NULL,
  `date` date NOT NULL,
  `reason` varchar(255) DEFAULT NULL,
  `status` enum('pending','approved','completed','rejected') DEFAULT 'pending',
  `total_amount` decimal(15,2) DEFAULT 0.00,
  `created_at` timestamp NOT NULL DEFAULT current_timestamp()
) ENGINE=InnoDB DEFAULT CHARSET=utf8mb4 COLLATE=utf8mb4_general_ci;

-- --------------------------------------------------------

--
-- Table structure for table `purchase_return_items`
--

CREATE TABLE `purchase_return_items` (
  `id` int(11) NOT NULL,
  `return_id` int(11) NOT NULL,
  `product_id` int(11) NOT NULL,
  `quantity` int(11) NOT NULL,
  `unit_price` decimal(15,2) NOT NULL,
  `subtotal` decimal(15,2) NOT NULL
) ENGINE=InnoDB DEFAULT CHARSET=utf8mb4 COLLATE=utf8mb4_general_ci;

-- --------------------------------------------------------

--
-- Table structure for table `shifts`
--

CREATE TABLE `shifts` (
  `id` int(11) NOT NULL,
  `user_id` int(11) NOT NULL,
  `branch_id` int(11) DEFAULT NULL,
  `start_time` timestamp NOT NULL DEFAULT current_timestamp(),
  `end_time` timestamp NULL DEFAULT NULL,
  `opening_cash` decimal(15,2) NOT NULL DEFAULT 0.00,
  `closing_cash` decimal(15,2) DEFAULT NULL,
  `status` enum('open','closed') DEFAULT 'open',
  `notes` text DEFAULT NULL,
  `created_at` timestamp NOT NULL DEFAULT current_timestamp()
) ENGINE=InnoDB DEFAULT CHARSET=utf8mb4 COLLATE=utf8mb4_general_ci;

--
-- Dumping data for table `shifts`
--

INSERT INTO `shifts` (`id`, `user_id`, `branch_id`, `start_time`, `end_time`, `opening_cash`, `closing_cash`, `status`, `notes`, `created_at`) VALUES
(1, 8, 1, '2025-12-19 15:25:34', NULL, 0.00, NULL, 'open', NULL, '2025-12-19 15:25:34'),
(2, 9, 1, '2025-12-19 16:00:42', NULL, 0.00, NULL, 'open', NULL, '2025-12-19 16:00:42'),
(3, 11, 1, '2025-12-19 20:22:37', NULL, 0.00, NULL, 'open', NULL, '2025-12-19 20:22:37'),
(4, 10, 2, '2025-12-24 14:56:13', NULL, 0.00, NULL, 'open', NULL, '2025-12-24 14:56:13');

-- --------------------------------------------------------

--
-- Table structure for table `sku_sequences`
--

CREATE TABLE `sku_sequences` (
  `id` int(11) NOT NULL,
  `category_id` int(11) NOT NULL,
  `year` int(11) NOT NULL,
  `last_number` int(11) DEFAULT 0,
  `updated_at` timestamp NOT NULL DEFAULT current_timestamp() ON UPDATE current_timestamp()
) ENGINE=InnoDB DEFAULT CHARSET=utf8mb4 COLLATE=utf8mb4_general_ci;

--
-- Dumping data for table `sku_sequences`
--

INSERT INTO `sku_sequences` (`id`, `category_id`, `year`, `last_number`, `updated_at`) VALUES
(96, 2, 2025, 535, '2025-12-26 02:32:33'),
(97, 3, 2025, 204, '2025-12-26 02:32:33'),
(98, 5, 2025, 419, '2025-12-26 02:32:33'),
(99, 6, 2025, 50, '2025-12-26 02:32:29'),
(100, 16, 2025, 3, '2025-12-26 02:32:32');

-- --------------------------------------------------------

--
-- Table structure for table `stock_transfers`
--

CREATE TABLE `stock_transfers` (
  `id` int(11) NOT NULL,
  `transfer_number` varchar(50) DEFAULT NULL,
  `from_branch_id` int(11) NOT NULL,
  `to_branch_id` int(11) NOT NULL,
  `status` enum('pending','shipped','received','cancelled') DEFAULT 'pending',
  `items_count` int(11) DEFAULT 0,
  `notes` text DEFAULT NULL,
  `created_by` int(11) DEFAULT NULL,
  `approved_by` int(11) DEFAULT NULL,
  `received_by` int(11) DEFAULT NULL,
  `created_at` timestamp NOT NULL DEFAULT current_timestamp(),
  `approved_at` timestamp NULL DEFAULT NULL,
  `received_at` timestamp NULL DEFAULT NULL
) ENGINE=InnoDB DEFAULT CHARSET=utf8mb4 COLLATE=utf8mb4_general_ci;

-- --------------------------------------------------------

--
-- Table structure for table `stock_transfer_items`
--

CREATE TABLE `stock_transfer_items` (
  `id` int(11) NOT NULL,
  `transfer_id` int(11) NOT NULL,
  `product_id` int(11) NOT NULL,
  `qty_requested` int(11) NOT NULL,
  `qty_approved` int(11) DEFAULT 0,
  `qty_received` int(11) DEFAULT 0,
  `unit_id` int(11) DEFAULT NULL,
  `notes` text DEFAULT NULL
) ENGINE=InnoDB DEFAULT CHARSET=utf8mb4 COLLATE=utf8mb4_general_ci;

-- --------------------------------------------------------

--
-- Table structure for table `suppliers`
--

CREATE TABLE `suppliers` (
  `id` int(11) NOT NULL,
  `name` varchar(100) NOT NULL,
  `contact_person` varchar(100) DEFAULT NULL,
  `phone` varchar(20) DEFAULT NULL,
  `address` text DEFAULT NULL,
  `created_at` timestamp NOT NULL DEFAULT current_timestamp(),
  `updated_at` timestamp NOT NULL DEFAULT current_timestamp() ON UPDATE current_timestamp()
) ENGINE=InnoDB DEFAULT CHARSET=utf8mb4 COLLATE=utf8mb4_general_ci;

--
-- Dumping data for table `suppliers`
--

INSERT INTO `suppliers` (`id`, `name`, `contact_person`, `phone`, `address`, `created_at`, `updated_at`) VALUES
(1, 'dasdasd', 'asdas', 'dasd', 'asdasd', '2025-12-26 10:11:55', '2025-12-26 10:11:55');

-- --------------------------------------------------------

--
-- Table structure for table `transactions`
--

CREATE TABLE `transactions` (
  `id` int(11) NOT NULL,
  `shift_id` int(11) NOT NULL,
  `branch_id` int(11) DEFAULT NULL,
  `customer_id` int(11) DEFAULT NULL,
  `invoice_number` varchar(50) NOT NULL,
  `subtotal` decimal(15,2) NOT NULL DEFAULT 0.00,
  `discount` decimal(15,2) DEFAULT 0.00,
  `tax` decimal(15,2) DEFAULT 0.00,
  `total_amount` decimal(15,2) NOT NULL DEFAULT 0.00,
  `payment_status` enum('paid','unpaid','partial','debt') DEFAULT 'paid',
  `due_date` date DEFAULT NULL,
  `payment_method` enum('cash','debit','credit','qris','debt') NOT NULL DEFAULT 'cash',
  `payment_amount` decimal(15,2) NOT NULL DEFAULT 0.00,
  `change_amount` decimal(15,2) DEFAULT 0.00,
  `status` enum('completed','pending','cancelled') DEFAULT 'completed',
  `created_at` timestamp NOT NULL DEFAULT current_timestamp()
) ENGINE=InnoDB DEFAULT CHARSET=utf8mb4 COLLATE=utf8mb4_general_ci;

--
-- Dumping data for table `transactions`
--

INSERT INTO `transactions` (`id`, `shift_id`, `branch_id`, `customer_id`, `invoice_number`, `subtotal`, `discount`, `tax`, `total_amount`, `payment_status`, `due_date`, `payment_method`, `payment_amount`, `change_amount`, `status`, `created_at`) VALUES
(1, 2, 1, NULL, 'INV-20251226-6587', 425749.00, 0.00, 0.00, 425749.00, 'paid', NULL, 'cash', 425749.00, 0.00, 'completed', '2025-12-26 10:12:39'),
(2, 2, 1, NULL, 'INV-20251226-1126', 72583.00, 0.00, 0.00, 72583.00, 'paid', NULL, 'cash', 72583.00, 0.00, 'completed', '2025-12-26 10:14:42'),
(3, 2, 1, NULL, 'INV-20251226-7567', 3372583.00, 67452.00, 0.00, 3305131.00, 'paid', NULL, 'cash', 3305131.00, 0.00, 'completed', '2025-12-26 10:18:12'),
(4, 2, 1, NULL, 'INV-20251226-3765', 72583.00, 0.00, 0.00, 72583.00, 'paid', NULL, 'cash', 72583.00, 0.00, 'completed', '2025-12-26 10:30:53'),
(5, 2, 1, 1, 'INV-20251226-5007', 270832.00, 0.00, 0.00, 270832.00, 'unpaid', '2026-01-02', 'debt', 0.00, 0.00, 'completed', '2025-12-26 10:32:47'),
(6, 2, 1, NULL, 'INV-20251226-4668', 136500.00, 0.00, 0.00, 136500.00, 'paid', NULL, 'cash', 136500.00, 0.00, 'completed', '2025-12-26 10:37:09'),
(7, 2, 1, 1, 'INV-20251226-1702', 71500.00, 0.00, 0.00, 71500.00, 'paid', NULL, 'cash', 71500.00, 0.00, 'completed', '2025-12-26 10:37:57'),
(8, 1, 1, NULL, 'INV-20251226-4647', 644581.00, 0.00, 0.00, 644581.00, 'paid', NULL, 'cash', 644581.00, 0.00, 'completed', '2025-12-26 10:39:23'),
(9, 1, 1, 1, 'INV-20251226-3673', 72583.00, 0.00, 0.00, 72583.00, 'paid', NULL, 'cash', 72583.00, 0.00, 'completed', '2025-12-26 10:42:19'),
(10, 1, 1, NULL, 'INV-20251227-1382', 144083.00, 0.00, 0.00, 144083.00, 'paid', NULL, 'cash', 144083.00, 0.00, 'completed', '2025-12-27 01:33:59'),
(11, 1, 1, 1, 'INV-20251227-9396', 145166.00, 0.00, 0.00, 145166.00, 'paid', NULL, 'cash', 145166.00, 0.00, 'completed', '2025-12-27 02:52:12'),
(12, 1, 1, NULL, 'INV-20251227-5775', 71500.00, 0.00, 0.00, 71500.00, 'paid', NULL, 'cash', 71500.00, 0.00, 'completed', '2025-12-27 02:53:21'),
(13, 1, 1, NULL, 'INV-20251227-9783', 72583.00, 0.00, 0.00, 72583.00, 'paid', NULL, 'cash', 72583.00, 0.00, 'completed', '2025-12-27 02:55:01'),
(14, 1, 1, NULL, 'INV-20251227-7999', 73666.00, 0.00, 0.00, 73666.00, 'paid', NULL, 'cash', 73666.00, 0.00, 'completed', '2025-12-27 02:58:00'),
(15, 1, 1, NULL, 'INV-20251227-9111', 144083.00, 0.00, 0.00, 144083.00, 'paid', NULL, 'cash', 144083.00, 0.00, 'completed', '2025-12-27 03:00:34'),
(16, 1, 1, NULL, 'INV-20251227-4805', 72583.00, 0.00, 0.00, 72583.00, 'paid', NULL, 'cash', 72583.00, 0.00, 'completed', '2025-12-27 03:03:20'),
(17, 1, 1, NULL, 'INV-20251227-6329', 71500.00, 0.00, 0.00, 71500.00, 'paid', NULL, 'cash', 71500.00, 0.00, 'completed', '2025-12-27 03:08:12'),
(18, 3, 1, NULL, 'INV-20251227-8618', 145166.00, 0.00, 0.00, 145166.00, 'paid', NULL, 'cash', 145166.00, 0.00, 'completed', '2025-12-27 06:51:01'),
(19, 3, 1, NULL, 'INV-20251227-5208', 164666.00, 0.00, 0.00, 164666.00, 'paid', NULL, 'cash', 164666.00, 0.00, 'completed', '2025-12-27 06:51:37'),
(20, 3, 1, NULL, 'INV-20251227-4528', 145166.00, 0.00, 0.00, 145166.00, 'paid', NULL, 'cash', 145166.00, 0.00, 'completed', '2025-12-27 07:22:12'),
(21, 3, 1, NULL, 'INV-20251227-1755', 72583.00, 0.00, 0.00, 72583.00, 'paid', NULL, 'cash', 72583.00, 0.00, 'completed', '2025-12-27 07:30:25'),
(22, 3, 1, NULL, 'INV-20251227-0118', 72583.00, 0.00, 0.00, 72583.00, 'paid', NULL, 'cash', 72583.00, 0.00, 'completed', '2025-12-27 07:35:58'),
(23, 3, 1, NULL, 'INV-20251227-8642', 72583.00, 0.00, 0.00, 72583.00, 'paid', NULL, 'cash', 72583.00, 0.00, 'completed', '2025-12-27 07:40:46'),
(24, 3, 1, NULL, 'INV-20251227-7485', 71500.00, 0.00, 0.00, 71500.00, 'paid', NULL, 'cash', 71500.00, 0.00, 'completed', '2025-12-27 07:41:55'),
(25, 3, 1, NULL, 'INV-20251227-3378', 360749.00, 0.00, 0.00, 360749.00, 'paid', NULL, 'cash', 360749.00, 0.00, 'completed', '2025-12-27 07:56:19'),
(26, 3, 1, NULL, 'INV-20251227-6885', 72583.00, 0.00, 0.00, 72583.00, 'paid', NULL, 'cash', 72583.00, 0.00, 'completed', '2025-12-27 08:24:22'),
(27, 3, 1, NULL, 'INV-20251227-6729', 72583.00, 0.00, 0.00, 72583.00, 'paid', NULL, 'cash', 72583.00, 0.00, 'completed', '2025-12-27 08:27:16'),
(28, 3, 1, NULL, 'INV-20251227-2779', 145166.00, 0.00, 0.00, 145166.00, 'paid', NULL, 'cash', 145166.00, 0.00, 'completed', '2025-12-27 08:28:52'),
(29, 3, 1, NULL, 'INV-20251227-1928', 71500.00, 0.00, 0.00, 71500.00, 'paid', NULL, 'cash', 71500.00, 0.00, 'completed', '2025-12-27 08:32:37'),
(30, 3, 1, 1, 'INV-20251227-8813', 725830.00, 0.00, 0.00, 725830.00, 'paid', NULL, 'cash', 725830.00, 0.00, 'completed', '2025-12-27 08:34:09'),
(31, 3, 1, NULL, 'INV-20251227-7844', 7583.00, 0.00, 0.00, 7583.00, 'paid', NULL, 'cash', 7583.00, 0.00, 'completed', '2025-12-27 08:36:09'),
(32, 3, 1, NULL, 'INV-20251227-3084', 72583.00, 0.00, 0.00, 72583.00, 'paid', NULL, 'cash', 72583.00, 0.00, 'completed', '2025-12-27 08:41:58'),
(33, 3, 1, NULL, 'INV-20251227-2406', 664083.00, 13282.00, 0.00, 650801.00, 'paid', NULL, 'cash', 650801.00, 0.00, 'completed', '2025-12-27 09:08:25');

-- --------------------------------------------------------

--
-- Table structure for table `transaction_items`
--

CREATE TABLE `transaction_items` (
  `id` int(11) NOT NULL,
  `transaction_id` int(11) NOT NULL,
  `product_id` int(11) NOT NULL,
  `product_name` varchar(255) NOT NULL,
  `quantity` int(11) NOT NULL DEFAULT 1,
  `unit_price` decimal(15,2) NOT NULL,
  `subtotal` decimal(15,2) NOT NULL,
  `created_at` timestamp NOT NULL DEFAULT current_timestamp()
) ENGINE=InnoDB DEFAULT CHARSET=utf8mb4 COLLATE=utf8mb4_general_ci;

--
-- Dumping data for table `transaction_items`
--

INSERT INTO `transaction_items` (`id`, `transaction_id`, `product_id`, `product_name`, `quantity`, `unit_price`, `subtotal`, `created_at`) VALUES
(1, 1, 27878, 'ASAM CITRUM 50GR', 6, 65000.00, 390000.00, '2025-12-26 10:12:39'),
(2, 1, 27878, 'ASAM CITRUM 50GR', 5, 6500.00, 32500.00, '2025-12-26 10:12:39'),
(3, 1, 27878, 'ASAM CITRUM 50GR', 3, 1083.00, 3249.00, '2025-12-26 10:12:39'),
(4, 2, 27869, 'ANEKA Plastik WARNA', 1, 0.00, 0.00, '2025-12-26 10:14:42'),
(5, 2, 27878, 'ASAM CITRUM 50GR', 1, 65000.00, 65000.00, '2025-12-26 10:14:42'),
(6, 2, 27878, 'ASAM CITRUM 50GR', 1, 6500.00, 6500.00, '2025-12-26 10:14:42'),
(7, 2, 27878, 'ASAM CITRUM 50GR', 1, 1083.00, 1083.00, '2025-12-26 10:14:42'),
(8, 3, 27869, 'ANEKA Plastik WARNA', 20, 100000.00, 2000000.00, '2025-12-26 10:18:12'),
(9, 3, 27878, 'ASAM CITRUM 50GR', 21, 65000.00, 1365000.00, '2025-12-26 10:18:12'),
(10, 3, 27878, 'ASAM CITRUM 50GR', 1, 6500.00, 6500.00, '2025-12-26 10:18:12'),
(11, 3, 27878, 'ASAM CITRUM 50GR', 1, 1083.00, 1083.00, '2025-12-26 10:18:12'),
(12, 4, 27869, 'ANEKA Plastik WARNA', 1, 0.00, 0.00, '2025-12-26 10:30:53'),
(13, 4, 27878, 'ASAM CITRUM 50GR', 1, 65000.00, 65000.00, '2025-12-26 10:30:53'),
(14, 4, 27878, 'ASAM CITRUM 50GR', 1, 6500.00, 6500.00, '2025-12-26 10:30:53'),
(15, 4, 27878, 'ASAM CITRUM 50GR', 1, 1083.00, 1083.00, '2025-12-26 10:30:53'),
(16, 5, 27869, 'ANEKA Plastik WARNA', 3, 0.00, 0.00, '2025-12-26 10:32:47'),
(17, 5, 27878, 'ASAM CITRUM 50GR', 4, 65000.00, 260000.00, '2025-12-26 10:32:47'),
(18, 5, 27878, 'ASAM CITRUM 50GR', 4, 1083.00, 4332.00, '2025-12-26 10:32:47'),
(19, 5, 27878, 'ASAM CITRUM 50GR', 1, 6500.00, 6500.00, '2025-12-26 10:32:47'),
(20, 6, 27878, 'ASAM CITRUM 50GR', 2, 65000.00, 130000.00, '2025-12-26 10:37:09'),
(21, 6, 27878, 'ASAM CITRUM 50GR', 1, 6500.00, 6500.00, '2025-12-26 10:37:09'),
(22, 7, 27869, 'ANEKA Plastik WARNA', 1, 0.00, 0.00, '2025-12-26 10:37:57'),
(23, 7, 27878, 'ASAM CITRUM 50GR', 1, 65000.00, 65000.00, '2025-12-26 10:37:57'),
(24, 7, 27878, 'ASAM CITRUM 50GR', 1, 6500.00, 6500.00, '2025-12-26 10:37:57'),
(25, 8, 27878, 'ASAM CITRUM 50GR', 9, 65000.00, 585000.00, '2025-12-26 10:39:23'),
(26, 8, 27878, 'ASAM CITRUM 50GR', 8, 6500.00, 52000.00, '2025-12-26 10:39:23'),
(27, 8, 27878, 'ASAM CITRUM 50GR', 7, 1083.00, 7581.00, '2025-12-26 10:39:23'),
(28, 8, 27869, 'ANEKA Plastik WARNA', 5, 0.00, 0.00, '2025-12-26 10:39:23'),
(29, 9, 27869, 'ANEKA Plastik WARNA', 1, 0.00, 0.00, '2025-12-26 10:42:19'),
(30, 9, 27878, 'ASAM CITRUM 50GR', 1, 65000.00, 65000.00, '2025-12-26 10:42:19'),
(31, 9, 27878, 'ASAM CITRUM 50GR', 1, 6500.00, 6500.00, '2025-12-26 10:42:19'),
(32, 9, 27878, 'ASAM CITRUM 50GR', 1, 1083.00, 1083.00, '2025-12-26 10:42:19'),
(33, 10, 27869, 'ANEKA Plastik WARNA', 2, 0.00, 0.00, '2025-12-27 01:33:59'),
(34, 10, 27878, 'ASAM CITRUM 50GR', 2, 65000.00, 130000.00, '2025-12-27 01:33:59'),
(35, 10, 27878, 'ASAM CITRUM 50GR', 2, 6500.00, 13000.00, '2025-12-27 01:33:59'),
(36, 10, 27878, 'ASAM CITRUM 50GR', 1, 1083.00, 1083.00, '2025-12-27 01:33:59'),
(37, 11, 27869, 'ANEKA Plastik WARNA', 2, 0.00, 0.00, '2025-12-27 02:52:12'),
(38, 11, 27878, 'ASAM CITRUM 50GR', 2, 65000.00, 130000.00, '2025-12-27 02:52:12'),
(39, 11, 27878, 'ASAM CITRUM 50GR', 2, 6500.00, 13000.00, '2025-12-27 02:52:12'),
(40, 11, 27878, 'ASAM CITRUM 50GR', 2, 1083.00, 2166.00, '2025-12-27 02:52:12'),
(41, 12, 27869, 'ANEKA Plastik WARNA', 1, 0.00, 0.00, '2025-12-27 02:53:21'),
(42, 12, 27878, 'ASAM CITRUM 50GR', 1, 65000.00, 65000.00, '2025-12-27 02:53:21'),
(43, 12, 27878, 'ASAM CITRUM 50GR', 1, 6500.00, 6500.00, '2025-12-27 02:53:21'),
(44, 13, 27869, 'ANEKA Plastik WARNA', 1, 0.00, 0.00, '2025-12-27 02:55:01'),
(45, 13, 27878, 'ASAM CITRUM 50GR', 1, 65000.00, 65000.00, '2025-12-27 02:55:01'),
(46, 13, 27878, 'ASAM CITRUM 50GR', 1, 6500.00, 6500.00, '2025-12-27 02:55:01'),
(47, 13, 27878, 'ASAM CITRUM 50GR', 1, 1083.00, 1083.00, '2025-12-27 02:55:01'),
(48, 14, 27869, 'ANEKA Plastik WARNA', 1, 0.00, 0.00, '2025-12-27 02:58:00'),
(49, 14, 27878, 'ASAM CITRUM 50GR', 1, 65000.00, 65000.00, '2025-12-27 02:58:00'),
(50, 14, 27878, 'ASAM CITRUM 50GR', 1, 6500.00, 6500.00, '2025-12-27 02:58:00'),
(51, 14, 27878, 'ASAM CITRUM 50GR', 2, 1083.00, 2166.00, '2025-12-27 02:58:00'),
(52, 15, 27869, 'ANEKA Plastik WARNA', 1, 0.00, 0.00, '2025-12-27 03:00:34'),
(53, 15, 27878, 'ASAM CITRUM 50GR', 2, 65000.00, 130000.00, '2025-12-27 03:00:34'),
(54, 15, 27878, 'ASAM CITRUM 50GR', 2, 6500.00, 13000.00, '2025-12-27 03:00:34'),
(55, 15, 27878, 'ASAM CITRUM 50GR', 1, 1083.00, 1083.00, '2025-12-27 03:00:34'),
(56, 16, 27869, 'ANEKA Plastik WARNA', 1, 0.00, 0.00, '2025-12-27 03:03:20'),
(57, 16, 27878, 'ASAM CITRUM 50GR', 1, 65000.00, 65000.00, '2025-12-27 03:03:20'),
(58, 16, 27878, 'ASAM CITRUM 50GR', 1, 6500.00, 6500.00, '2025-12-27 03:03:20'),
(59, 16, 27878, 'ASAM CITRUM 50GR', 1, 1083.00, 1083.00, '2025-12-27 03:03:20'),
(60, 17, 27878, 'ASAM CITRUM 50GR', 1, 65000.00, 65000.00, '2025-12-27 03:08:12'),
(61, 17, 27878, 'ASAM CITRUM 50GR', 1, 6500.00, 6500.00, '2025-12-27 03:08:12'),
(62, 18, 27869, 'ANEKA Plastik WARNA', 2, 0.00, 0.00, '2025-12-27 06:51:01'),
(63, 18, 27878, 'ASAM CITRUM 50GR', 2, 65000.00, 130000.00, '2025-12-27 06:51:01'),
(64, 18, 27878, 'ASAM CITRUM 50GR', 2, 6500.00, 13000.00, '2025-12-27 06:51:01'),
(65, 18, 27878, 'ASAM CITRUM 50GR', 2, 1083.00, 2166.00, '2025-12-27 06:51:01'),
(66, 19, 27869, 'ANEKA Plastik WARNA', 3, 0.00, 0.00, '2025-12-27 06:51:37'),
(67, 19, 27878, 'ASAM CITRUM 50GR', 2, 65000.00, 130000.00, '2025-12-27 06:51:37'),
(68, 19, 27878, 'ASAM CITRUM 50GR', 5, 6500.00, 32500.00, '2025-12-27 06:51:37'),
(69, 19, 27878, 'ASAM CITRUM 50GR', 2, 1083.00, 2166.00, '2025-12-27 06:51:37'),
(70, 20, 27869, 'ANEKA Plastik WARNA', 2, 0.00, 0.00, '2025-12-27 07:22:12'),
(71, 20, 27878, 'ASAM CITRUM 50GR', 2, 65000.00, 130000.00, '2025-12-27 07:22:12'),
(72, 20, 27878, 'ASAM CITRUM 50GR', 2, 6500.00, 13000.00, '2025-12-27 07:22:12'),
(73, 20, 27878, 'ASAM CITRUM 50GR', 2, 1083.00, 2166.00, '2025-12-27 07:22:12'),
(74, 21, 27878, 'ASAM CITRUM 50GR', 1, 1083.00, 1083.00, '2025-12-27 07:30:25'),
(75, 21, 27878, 'ASAM CITRUM 50GR', 1, 6500.00, 6500.00, '2025-12-27 07:30:25'),
(76, 21, 27878, 'ASAM CITRUM 50GR', 1, 65000.00, 65000.00, '2025-12-27 07:30:25'),
(77, 21, 27869, 'ANEKA Plastik WARNA', 1, 0.00, 0.00, '2025-12-27 07:30:25'),
(78, 22, 27878, 'ASAM CITRUM 50GR', 1, 1083.00, 1083.00, '2025-12-27 07:35:58'),
(79, 22, 27878, 'ASAM CITRUM 50GR', 1, 6500.00, 6500.00, '2025-12-27 07:35:58'),
(80, 22, 27878, 'ASAM CITRUM 50GR', 1, 65000.00, 65000.00, '2025-12-27 07:35:58'),
(81, 22, 27869, 'ANEKA Plastik WARNA', 1, 0.00, 0.00, '2025-12-27 07:35:58'),
(82, 23, 27878, 'ASAM CITRUM 50GR', 1, 65000.00, 65000.00, '2025-12-27 07:40:46'),
(83, 23, 27878, 'ASAM CITRUM 50GR', 1, 6500.00, 6500.00, '2025-12-27 07:40:46'),
(84, 23, 27878, 'ASAM CITRUM 50GR', 1, 1083.00, 1083.00, '2025-12-27 07:40:46'),
(85, 24, 27869, 'ANEKA Plastik WARNA', 1, 0.00, 0.00, '2025-12-27 07:41:55'),
(86, 24, 27878, 'ASAM CITRUM 50GR', 1, 65000.00, 65000.00, '2025-12-27 07:41:55'),
(87, 24, 27878, 'ASAM CITRUM 50GR', 1, 6500.00, 6500.00, '2025-12-27 07:41:55'),
(88, 25, 27878, 'ASAM CITRUM 50GR', 5, 65000.00, 325000.00, '2025-12-27 07:56:19'),
(89, 25, 27878, 'ASAM CITRUM 50GR', 5, 6500.00, 32500.00, '2025-12-27 07:56:19'),
(90, 25, 27878, 'ASAM CITRUM 50GR', 3, 1083.00, 3249.00, '2025-12-27 07:56:19'),
(91, 25, 27869, 'ANEKA Plastik WARNA', 3, 0.00, 0.00, '2025-12-27 07:56:19'),
(92, 26, 27869, 'ANEKA Plastik WARNA', 1, 0.00, 0.00, '2025-12-27 08:24:22'),
(93, 26, 27878, 'ASAM CITRUM 50GR', 1, 65000.00, 65000.00, '2025-12-27 08:24:22'),
(94, 26, 27878, 'ASAM CITRUM 50GR', 1, 6500.00, 6500.00, '2025-12-27 08:24:22'),
(95, 26, 27878, 'ASAM CITRUM 50GR', 1, 1083.00, 1083.00, '2025-12-27 08:24:22'),
(96, 27, 27869, 'ANEKA Plastik WARNA', 1, 0.00, 0.00, '2025-12-27 08:27:16'),
(97, 27, 27878, 'ASAM CITRUM 50GR', 1, 65000.00, 65000.00, '2025-12-27 08:27:16'),
(98, 27, 27878, 'ASAM CITRUM 50GR', 1, 6500.00, 6500.00, '2025-12-27 08:27:16'),
(99, 27, 27878, 'ASAM CITRUM 50GR', 1, 1083.00, 1083.00, '2025-12-27 08:27:16'),
(100, 28, 27878, 'ASAM CITRUM 50GR', 2, 6500.00, 13000.00, '2025-12-27 08:28:52'),
(101, 28, 27878, 'ASAM CITRUM 50GR', 2, 1083.00, 2166.00, '2025-12-27 08:28:52'),
(102, 28, 27878, 'ASAM CITRUM 50GR', 2, 65000.00, 130000.00, '2025-12-27 08:28:52'),
(103, 29, 27869, 'ANEKA Plastik WARNA', 1, 0.00, 0.00, '2025-12-27 08:32:37'),
(104, 29, 27878, 'ASAM CITRUM 50GR', 1, 65000.00, 65000.00, '2025-12-27 08:32:37'),
(105, 29, 27878, 'ASAM CITRUM 50GR', 1, 6500.00, 6500.00, '2025-12-27 08:32:37'),
(106, 30, 27878, 'ASAM CITRUM 50GR', 10, 65000.00, 650000.00, '2025-12-27 08:34:09'),
(107, 30, 27878, 'ASAM CITRUM 50GR', 10, 6500.00, 65000.00, '2025-12-27 08:34:09'),
(108, 30, 27878, 'ASAM CITRUM 50GR', 10, 1083.00, 10830.00, '2025-12-27 08:34:09'),
(109, 31, 27869, 'ANEKA Plastik WARNA', 1, 0.00, 0.00, '2025-12-27 08:36:09'),
(110, 31, 27878, 'ASAM CITRUM 50GR', 1, 6500.00, 6500.00, '2025-12-27 08:36:09'),
(111, 31, 27878, 'ASAM CITRUM 50GR', 1, 1083.00, 1083.00, '2025-12-27 08:36:09'),
(112, 32, 27869, 'ANEKA Plastik WARNA', 1, 0.00, 0.00, '2025-12-27 08:41:58'),
(113, 32, 27878, 'ASAM CITRUM 50GR', 1, 65000.00, 65000.00, '2025-12-27 08:41:58'),
(114, 32, 27878, 'ASAM CITRUM 50GR', 1, 6500.00, 6500.00, '2025-12-27 08:41:58'),
(115, 32, 27878, 'ASAM CITRUM 50GR', 1, 1083.00, 1083.00, '2025-12-27 08:41:58'),
(116, 33, 27878, 'ASAM CITRUM 50GR', 10, 65000.00, 650000.00, '2025-12-27 09:08:25'),
(117, 33, 27869, 'ANEKA Plastik WARNA', 2, 0.00, 0.00, '2025-12-27 09:08:25'),
(118, 33, 27878, 'ASAM CITRUM 50GR', 2, 6500.00, 13000.00, '2025-12-27 09:08:25'),
(119, 33, 27878, 'ASAM CITRUM 50GR', 1, 1083.00, 1083.00, '2025-12-27 09:08:25');

-- --------------------------------------------------------

--
-- Table structure for table `units`
--

CREATE TABLE `units` (
  `id` int(11) NOT NULL,
  `name` varchar(50) NOT NULL,
  `short_name` varchar(20) NOT NULL,
  `type` enum('weight','volume','quantity') DEFAULT 'quantity',
  `is_active` tinyint(1) DEFAULT 1,
  `sort_order` int(11) DEFAULT 0,
  `created_at` timestamp NOT NULL DEFAULT current_timestamp()
) ENGINE=InnoDB DEFAULT CHARSET=utf8mb4 COLLATE=utf8mb4_general_ci;

--
-- Dumping data for table `units`
--

INSERT INTO `units` (`id`, `name`, `short_name`, `type`, `is_active`, `sort_order`, `created_at`) VALUES
(1, 'Pcs', 'pcs', 'quantity', 1, 0, '2025-12-19 16:05:15'),
(2, 'Kilogram', 'kg', 'weight', 1, 0, '2025-12-19 16:05:15'),
(3, 'Liter', 'l', 'volume', 1, 0, '2025-12-19 16:05:15'),
(4, 'Box', 'box', 'quantity', 1, 0, '2025-12-19 16:05:15'),
(5, 'Dus', 'dus', 'quantity', 1, 0, '2025-12-19 16:23:49'),
(6, 'Bal', 'bal', 'quantity', 1, 0, '2025-12-19 16:23:49'),
(7, 'Karung', 'karung', 'quantity', 1, 0, '2025-12-19 16:23:49'),
(8, 'Ikat', 'ikat', 'quantity', 1, 0, '2025-12-19 16:23:49'),
(9, 'Tim', 'tim', 'quantity', 1, 0, '2025-12-19 16:23:49'),
(10, 'Pack', 'pack', 'quantity', 1, 0, '2025-12-19 16:23:49'),
(11, 'Btl', 'btl', 'quantity', 1, 0, '2025-12-19 16:23:49'),
(12, 'Bks', 'bks', 'quantity', 1, 0, '2025-12-19 16:23:49'),
(13, 'Kg', 'kg', 'quantity', 1, 0, '2025-12-19 16:23:49'),
(14, '1/2 Kg', '1/2 kg', 'quantity', 1, 0, '2025-12-19 16:23:49'),
(15, '1/4 Kg', '1/4 kg', 'quantity', 1, 0, '2025-12-19 16:23:49'),
(16, 'Ons', 'ons', 'quantity', 1, 0, '2025-12-19 16:23:49'),
(17, 'Krat', 'krat', 'quantity', 1, 0, '2025-12-19 16:23:49'),
(18, 'Kodi', 'kodi', 'quantity', 1, 0, '2025-12-19 16:23:49'),
(19, 'Lusin', 'lusin', 'quantity', 1, 0, '2025-12-19 16:23:49'),
(20, 'Pail', 'pail', 'quantity', 1, 0, '2025-12-19 16:23:49'),
(21, 'Meter', 'meter', 'quantity', 1, 0, '2025-12-19 16:23:49'),
(22, 'Jerigen', 'jerigen', 'quantity', 1, 0, '2025-12-19 16:23:49'),
(23, 'Papan', 'papan', 'quantity', 1, 0, '2025-12-19 16:23:49'),
(24, 'Kaleng', 'kaleng', 'quantity', 1, 0, '2025-12-19 16:23:49'),
(25, 'Sak', 'sak', 'quantity', 1, 0, '2025-12-19 16:23:49');

--
-- Indexes for dumped tables
--

--
-- Indexes for table `branches`
--
ALTER TABLE `branches`
  ADD PRIMARY KEY (`id`);

--
-- Indexes for table `branch_stock`
--
ALTER TABLE `branch_stock`
  ADD PRIMARY KEY (`id`),
  ADD UNIQUE KEY `unique_branch_product` (`branch_id`,`product_id`),
  ADD KEY `product_id` (`product_id`);

--
-- Indexes for table `categories`
--
ALTER TABLE `categories`
  ADD PRIMARY KEY (`id`);

--
-- Indexes for table `customers`
--
ALTER TABLE `customers`
  ADD PRIMARY KEY (`id`);

--
-- Indexes for table `products`
--
ALTER TABLE `products`
  ADD PRIMARY KEY (`id`),
  ADD UNIQUE KEY `sku` (`sku`),
  ADD KEY `category_id` (`category_id`),
  ADD KEY `fk_products_base_unit` (`base_unit_id`);

--
-- Indexes for table `product_units`
--
ALTER TABLE `product_units`
  ADD PRIMARY KEY (`id`),
  ADD UNIQUE KEY `unique_product_unit` (`product_id`,`unit_id`),
  ADD KEY `unit_id` (`unit_id`);

--
-- Indexes for table `purchases`
--
ALTER TABLE `purchases`
  ADD PRIMARY KEY (`id`),
  ADD KEY `supplier_id` (`supplier_id`),
  ADD KEY `fk_purchases_branch` (`branch_id`);

--
-- Indexes for table `purchase_items`
--
ALTER TABLE `purchase_items`
  ADD PRIMARY KEY (`id`),
  ADD KEY `purchase_id` (`purchase_id`),
  ADD KEY `product_id` (`product_id`),
  ADD KEY `unit_id` (`unit_id`);

--
-- Indexes for table `purchase_returns`
--
ALTER TABLE `purchase_returns`
  ADD PRIMARY KEY (`id`),
  ADD KEY `supplier_id` (`supplier_id`);

--
-- Indexes for table `purchase_return_items`
--
ALTER TABLE `purchase_return_items`
  ADD PRIMARY KEY (`id`),
  ADD KEY `return_id` (`return_id`),
  ADD KEY `product_id` (`product_id`);

--
-- Indexes for table `shifts`
--
ALTER TABLE `shifts`
  ADD PRIMARY KEY (`id`),
  ADD KEY `idx_shifts_branch` (`branch_id`);

--
-- Indexes for table `sku_sequences`
--
ALTER TABLE `sku_sequences`
  ADD PRIMARY KEY (`id`),
  ADD UNIQUE KEY `unique_sequence` (`category_id`,`year`);

--
-- Indexes for table `stock_transfers`
--
ALTER TABLE `stock_transfers`
  ADD PRIMARY KEY (`id`),
  ADD UNIQUE KEY `transfer_number` (`transfer_number`),
  ADD KEY `source_branch_id` (`from_branch_id`),
  ADD KEY `destination_branch_id` (`to_branch_id`);

--
-- Indexes for table `stock_transfer_items`
--
ALTER TABLE `stock_transfer_items`
  ADD PRIMARY KEY (`id`),
  ADD KEY `transfer_id` (`transfer_id`),
  ADD KEY `product_id` (`product_id`),
  ADD KEY `fk_transfer_items_unit` (`unit_id`);

--
-- Indexes for table `suppliers`
--
ALTER TABLE `suppliers`
  ADD PRIMARY KEY (`id`);

--
-- Indexes for table `transactions`
--
ALTER TABLE `transactions`
  ADD PRIMARY KEY (`id`),
  ADD KEY `shift_id` (`shift_id`),
  ADD KEY `fk_trans_customer` (`customer_id`),
  ADD KEY `idx_transactions_branch` (`branch_id`);

--
-- Indexes for table `transaction_items`
--
ALTER TABLE `transaction_items`
  ADD PRIMARY KEY (`id`),
  ADD KEY `transaction_id` (`transaction_id`),
  ADD KEY `product_id` (`product_id`);

--
-- Indexes for table `units`
--
ALTER TABLE `units`
  ADD PRIMARY KEY (`id`);

--
-- AUTO_INCREMENT for dumped tables
--

--
-- AUTO_INCREMENT for table `branches`
--
ALTER TABLE `branches`
  MODIFY `id` int(11) NOT NULL AUTO_INCREMENT, AUTO_INCREMENT=6;

--
-- AUTO_INCREMENT for table `branch_stock`
--
ALTER TABLE `branch_stock`
  MODIFY `id` int(11) NOT NULL AUTO_INCREMENT, AUTO_INCREMENT=6;

--
-- AUTO_INCREMENT for table `categories`
--
ALTER TABLE `categories`
  MODIFY `id` int(11) NOT NULL AUTO_INCREMENT, AUTO_INCREMENT=17;

--
-- AUTO_INCREMENT for table `customers`
--
ALTER TABLE `customers`
  MODIFY `id` int(11) NOT NULL AUTO_INCREMENT, AUTO_INCREMENT=2;

--
-- AUTO_INCREMENT for table `products`
--
ALTER TABLE `products`
  MODIFY `id` int(11) NOT NULL AUTO_INCREMENT, AUTO_INCREMENT=29070;

--
-- AUTO_INCREMENT for table `product_units`
--
ALTER TABLE `product_units`
  MODIFY `id` int(11) NOT NULL AUTO_INCREMENT, AUTO_INCREMENT=59832;

--
-- AUTO_INCREMENT for table `purchases`
--
ALTER TABLE `purchases`
  MODIFY `id` int(11) NOT NULL AUTO_INCREMENT, AUTO_INCREMENT=2;

--
-- AUTO_INCREMENT for table `purchase_items`
--
ALTER TABLE `purchase_items`
  MODIFY `id` int(11) NOT NULL AUTO_INCREMENT, AUTO_INCREMENT=2;

--
-- AUTO_INCREMENT for table `purchase_returns`
--
ALTER TABLE `purchase_returns`
  MODIFY `id` int(11) NOT NULL AUTO_INCREMENT;

--
-- AUTO_INCREMENT for table `purchase_return_items`
--
ALTER TABLE `purchase_return_items`
  MODIFY `id` int(11) NOT NULL AUTO_INCREMENT;

--
-- AUTO_INCREMENT for table `shifts`
--
ALTER TABLE `shifts`
  MODIFY `id` int(11) NOT NULL AUTO_INCREMENT, AUTO_INCREMENT=5;

--
-- AUTO_INCREMENT for table `sku_sequences`
--
ALTER TABLE `sku_sequences`
  MODIFY `id` int(11) NOT NULL AUTO_INCREMENT, AUTO_INCREMENT=101;

--
-- AUTO_INCREMENT for table `stock_transfers`
--
ALTER TABLE `stock_transfers`
  MODIFY `id` int(11) NOT NULL AUTO_INCREMENT;

--
-- AUTO_INCREMENT for table `stock_transfer_items`
--
ALTER TABLE `stock_transfer_items`
  MODIFY `id` int(11) NOT NULL AUTO_INCREMENT;

--
-- AUTO_INCREMENT for table `suppliers`
--
ALTER TABLE `suppliers`
  MODIFY `id` int(11) NOT NULL AUTO_INCREMENT, AUTO_INCREMENT=2;

--
-- AUTO_INCREMENT for table `transactions`
--
ALTER TABLE `transactions`
  MODIFY `id` int(11) NOT NULL AUTO_INCREMENT, AUTO_INCREMENT=34;

--
-- AUTO_INCREMENT for table `transaction_items`
--
ALTER TABLE `transaction_items`
  MODIFY `id` int(11) NOT NULL AUTO_INCREMENT, AUTO_INCREMENT=120;

--
-- AUTO_INCREMENT for table `units`
--
ALTER TABLE `units`
  MODIFY `id` int(11) NOT NULL AUTO_INCREMENT, AUTO_INCREMENT=26;

--
-- Constraints for dumped tables
--

--
-- Constraints for table `branch_stock`
--
ALTER TABLE `branch_stock`
  ADD CONSTRAINT `branch_stock_ibfk_1` FOREIGN KEY (`branch_id`) REFERENCES `branches` (`id`) ON DELETE CASCADE,
  ADD CONSTRAINT `branch_stock_ibfk_2` FOREIGN KEY (`product_id`) REFERENCES `products` (`id`) ON DELETE CASCADE;

--
-- Constraints for table `products`
--
ALTER TABLE `products`
  ADD CONSTRAINT `fk_products_base_unit` FOREIGN KEY (`base_unit_id`) REFERENCES `units` (`id`) ON DELETE SET NULL,
  ADD CONSTRAINT `products_ibfk_1` FOREIGN KEY (`category_id`) REFERENCES `categories` (`id`) ON DELETE SET NULL;

--
-- Constraints for table `product_units`
--
ALTER TABLE `product_units`
  ADD CONSTRAINT `product_units_ibfk_1` FOREIGN KEY (`product_id`) REFERENCES `products` (`id`) ON DELETE CASCADE,
  ADD CONSTRAINT `product_units_ibfk_2` FOREIGN KEY (`unit_id`) REFERENCES `units` (`id`) ON DELETE CASCADE;

--
-- Constraints for table `purchases`
--
ALTER TABLE `purchases`
  ADD CONSTRAINT `fk_purchases_branch` FOREIGN KEY (`branch_id`) REFERENCES `branches` (`id`) ON DELETE SET NULL,
  ADD CONSTRAINT `purchases_ibfk_1` FOREIGN KEY (`supplier_id`) REFERENCES `suppliers` (`id`);

--
-- Constraints for table `purchase_items`
--
ALTER TABLE `purchase_items`
  ADD CONSTRAINT `purchase_items_ibfk_1` FOREIGN KEY (`purchase_id`) REFERENCES `purchases` (`id`) ON DELETE CASCADE,
  ADD CONSTRAINT `purchase_items_ibfk_2` FOREIGN KEY (`product_id`) REFERENCES `products` (`id`),
  ADD CONSTRAINT `purchase_items_ibfk_3` FOREIGN KEY (`unit_id`) REFERENCES `units` (`id`);

--
-- Constraints for table `purchase_returns`
--
ALTER TABLE `purchase_returns`
  ADD CONSTRAINT `purchase_returns_ibfk_1` FOREIGN KEY (`supplier_id`) REFERENCES `suppliers` (`id`);

--
-- Constraints for table `purchase_return_items`
--
ALTER TABLE `purchase_return_items`
  ADD CONSTRAINT `purchase_return_items_ibfk_1` FOREIGN KEY (`return_id`) REFERENCES `purchase_returns` (`id`) ON DELETE CASCADE,
  ADD CONSTRAINT `purchase_return_items_ibfk_2` FOREIGN KEY (`product_id`) REFERENCES `products` (`id`);

--
-- Constraints for table `shifts`
--
ALTER TABLE `shifts`
  ADD CONSTRAINT `shifts_ibfk_1` FOREIGN KEY (`branch_id`) REFERENCES `branches` (`id`) ON DELETE SET NULL;

--
-- Constraints for table `sku_sequences`
--
ALTER TABLE `sku_sequences`
  ADD CONSTRAINT `sku_sequences_ibfk_1` FOREIGN KEY (`category_id`) REFERENCES `categories` (`id`) ON DELETE CASCADE;

--
-- Constraints for table `stock_transfers`
--
ALTER TABLE `stock_transfers`
  ADD CONSTRAINT `stock_transfers_ibfk_1` FOREIGN KEY (`from_branch_id`) REFERENCES `branches` (`id`),
  ADD CONSTRAINT `stock_transfers_ibfk_2` FOREIGN KEY (`to_branch_id`) REFERENCES `branches` (`id`);

--
-- Constraints for table `stock_transfer_items`
--
ALTER TABLE `stock_transfer_items`
  ADD CONSTRAINT `fk_transfer_items_unit` FOREIGN KEY (`unit_id`) REFERENCES `units` (`id`) ON DELETE SET NULL,
  ADD CONSTRAINT `stock_transfer_items_ibfk_1` FOREIGN KEY (`transfer_id`) REFERENCES `stock_transfers` (`id`) ON DELETE CASCADE,
  ADD CONSTRAINT `stock_transfer_items_ibfk_2` FOREIGN KEY (`product_id`) REFERENCES `products` (`id`) ON DELETE CASCADE;

--
-- Constraints for table `transactions`
--
ALTER TABLE `transactions`
  ADD CONSTRAINT `fk_trans_customer` FOREIGN KEY (`customer_id`) REFERENCES `customers` (`id`),
  ADD CONSTRAINT `transactions_ibfk_1` FOREIGN KEY (`shift_id`) REFERENCES `shifts` (`id`),
  ADD CONSTRAINT `transactions_ibfk_2` FOREIGN KEY (`branch_id`) REFERENCES `branches` (`id`) ON DELETE SET NULL;

--
-- Constraints for table `transaction_items`
--
ALTER TABLE `transaction_items`
  ADD CONSTRAINT `transaction_items_ibfk_1` FOREIGN KEY (`transaction_id`) REFERENCES `transactions` (`id`) ON DELETE CASCADE,
  ADD CONSTRAINT `transaction_items_ibfk_2` FOREIGN KEY (`product_id`) REFERENCES `products` (`id`);
COMMIT;

/*!40101 SET CHARACTER_SET_CLIENT=@OLD_CHARACTER_SET_CLIENT */;
/*!40101 SET CHARACTER_SET_RESULTS=@OLD_CHARACTER_SET_RESULTS */;
/*!40101 SET COLLATION_CONNECTION=@OLD_COLLATION_CONNECTION */;
